path,label
/content/drive/My Drive/Colab Notebooks/apple_leaf_specialist/data/final/train/black_rot/cd7fe958a56dfac3e00136827955d3b9ab3da00dd75c45c0253eb5876b459b22.jpg,black_rot
/content/drive/My Drive/Colab Notebooks/apple_leaf_specialist/data/final/train/black_rot/c27f5d3453879a084e56a84fd62865398285f19c197fe0c6be92a17318940008.jpg,black_rot
/content/drive/My Drive/Colab Notebooks/apple_leaf_specialist/data/final/train/black_rot/67197aaecb64eec7582695427bd3a80760de6a775aeb800a08e7243f073bd068.jpg,black_rot
/content/drive/My Drive/Colab Notebooks/apple_leaf_specialist/data/final/train/healthy/4531ab6b21a5b7045c4bd59e530b6b83ba8d7c8744285d5947f0b38327e13e0e.jpg,healthy
/content/drive/My Drive/Colab Notebooks/apple_leaf_specialist/data/final/train/healthy/872bd5d669e27379f8cf2c56f8b5a2d688e2d0ad585b8cd44286f1f93dd38c30.jpg,healthy
/content/drive/My Drive/Colab Notebooks/apple_leaf_specialist/data/final/train/healthy/d3876b0d6292ccd04ced7f8bb1b36513acb281c987a350f459ca726529edc8b3.jpg,healthy
/content/drive/My Drive/Colab Notebooks/apple_leaf_specialist/data/final/train/healthy/610997ce5a23b29cfb8bd1578e18f01d6141940f429b5ce677e6d5f942b6b6b8.jpg,healthy
/content/drive/My Drive/Colab Notebooks/apple_leaf_specialist/data/final/train/black_rot/7689af853b34429e70977bb4c502ed94738741b70d20501a3ae0b342f2346dbc.jpg,black_rot
/content/drive/My Drive/Colab Notebooks/apple_leaf_specialist/data/final/train/healthy/d00b3dbc5eaa434e657a610ff7620cdbd6917518270bde87cbd13df700e6ec1c.jpg,healthy
/content/drive/My Drive/Colab Notebooks/apple_leaf_specialist/data/final/train/healthy/4d69a529f886567db4790a05e8150b20ff3446d2631bb19563cfe3d0471bc528.jpg,healthy
/content/drive/My Drive/Colab Notebooks/apple_leaf_specialist/data/final/train/scab/53d36bedd7d878368ba11eeb10bdc8c53377db29ebffa91583f451fa3eb4c2a5.jpg,scab
/content/drive/My Drive/Colab Notebooks/apple_leaf_specialist/data/final/train/scab/467b7e3a4e0b36f39b9492b0a412f8d6e4c887472fca14e52b97f5298c98d7fd.jpg,scab
/content/drive/My Drive/Colab Notebooks/apple_leaf_specialist/data/final/train/healthy/3e8be328ae6df302bf77445a0e41a01f149d5bb66face23da0df985550e909aa.jpg,healthy
/content/drive/My Drive/Colab Notebooks/apple_leaf_specialist/data/final/train/scab/a0c0deb32230c6b00a10ccb114b3a441f7d16d08fe8ff87e5845386ceb30d35b.jpg,scab
/content/drive/My Drive/Colab Notebooks/apple_leaf_specialist/data/final/train/scab/faba2622dca32eb791fe6d0da988bdbea94ce3cf266ca9fe9de3d1427fb394ee.jpg,scab
/content/drive/My Drive/Colab Notebooks/apple_leaf_specialist/data/final/train/healthy/14e18f16be29d958be4b61ac1950b0e8be7cbe2a4b008094eb0a3885a37046b9.jpg,healthy
/content/drive/My Drive/Colab Notebooks/apple_leaf_specialist/data/final/train/healthy/c1f960d345c3069f83d1c64af000752df7a6020b57520029c6fa064b115dacb9.jpg,healthy
/content/drive/My Drive/Colab Notebooks/apple_leaf_specialist/data/final/train/scab/0d9b47b58234df3aed8c5e414478a6fc0dc56bf254d99fd07af507cdf78948de.jpg,scab
/content/drive/My Drive/Colab Notebooks/apple_leaf_specialist/data/final/train/black_rot/05445a004eb1b127d9430be6774776ed265a17eee570a391f91f9c359b1a9130.jpg,black_rot
/content/drive/My Drive/Colab Notebooks/apple_leaf_specialist/data/final/train/scab/ae13fd6abcc8e5f6ef4071844060d49443a41030bb9bde7fc78506ae117d9f9c.jpg,scab
/content/drive/My Drive/Colab Notebooks/apple_leaf_specialist/data/final/train/healthy/bac3f8503ddf38f90c08504bb20abdf9b6e238533cf53b51f882238d169d8e98.jpg,healthy
/content/drive/My Drive/Colab Notebooks/apple_leaf_specialist/data/final/train/healthy/b2e5776a40109a53ea8cac6af66f7e88fc13b5c1f771d44e2d886712c0d7d82a.jpg,healthy
/content/drive/My Drive/Colab Notebooks/apple_leaf_specialist/data/final/train/healthy/2f3ef813392788031dc683045d054a46201977014153e6c1f600d21bfc761209.jpg,healthy
/content/drive/My Drive/Colab Notebooks/apple_leaf_specialist/data/final/train/black_rot/9a13a4e8c3e9167ceee78dfb8d2a46f98f0deb39001b6aed3d3baa7fa4b265da.jpg,black_rot
/content/drive/My Drive/Colab Notebooks/apple_leaf_specialist/data/final/train/healthy/5b62a4854632781386fa1a594801b5a90b95d396ea1440e3668cb3a8c4b2e62a.jpg,healthy
/content/drive/My Drive/Colab Notebooks/apple_leaf_specialist/data/final/train/healthy/db88fe81bfc39c0cb54dd3c85a6812cc3e9e4784276352de6078b3c6216812ae.jpg,healthy
/content/drive/My Drive/Colab Notebooks/apple_leaf_specialist/data/final/train/black_rot/901ef5ad18e4391d92db765bf7eb552de73b8705cc98158d2553882188279b08.jpg,black_rot
/content/drive/My Drive/Colab Notebooks/apple_leaf_specialist/data/final/train/healthy/0ddf85256ca47c4106826a9e83e3f1a9419297c70f64d0501c5c0981bc9c7776.jpg,healthy
/content/drive/My Drive/Colab Notebooks/apple_leaf_specialist/data/final/train/healthy/9fdd409eb7f823d81af479df7f9d6c2086336a4047ec7da4b3f9ddd3f700c35a.jpg,healthy
/content/drive/My Drive/Colab Notebooks/apple_leaf_specialist/data/final/train/healthy/589d0f32ebe4bc914b91fe159df774a74d9a8f1bdfb3c65d6f2d91521022f17d.jpg,healthy
/content/drive/My Drive/Colab Notebooks/apple_leaf_specialist/data/final/train/scab/f0bfae45137691dc392a9d620e263952fc13862f6bf4770a5b619831ab0589f5.jpg,scab
/content/drive/My Drive/Colab Notebooks/apple_leaf_specialist/data/final/train/black_rot/4f08ce7b83cfe66b8ccd20ef87c89af9d4b9789e652abe3b05bb1a0340764391.jpg,black_rot
/content/drive/My Drive/Colab Notebooks/apple_leaf_specialist/data/final/train/rust/8551f4a3d1f54fc9d95306bd4559c4c78cceb003e9547ce794c7251229211782.jpg,rust
/content/drive/My Drive/Colab Notebooks/apple_leaf_specialist/data/final/train/healthy/09585d881b1ed9ba6d62a3b8d2d7d4191629ca35201e3aacb42f8956e454ab4e.jpg,healthy
/content/drive/My Drive/Colab Notebooks/apple_leaf_specialist/data/final/train/scab/43788a6a74b99ff780b07a8d874e3a1eec0d712980f6335310f802c8bc48b1b4.jpg,scab
/content/drive/My Drive/Colab Notebooks/apple_leaf_specialist/data/final/train/healthy/db0076cfd3d55e0d74dd4e26fa3ac8f4b47dd5a01046d5d3cb5215ca359e7e63.jpg,healthy
/content/drive/My Drive/Colab Notebooks/apple_leaf_specialist/data/final/train/rust/e29c41e2d37893faea029a0a09823feeb60c02163179fb8590b2ef2a363b43de.jpg,rust
/content/drive/My Drive/Colab Notebooks/apple_leaf_specialist/data/final/train/scab/9b570332e619c70988582b8117ed00f3ceb30c29b75a02f0973a767e75c31d1d.jpg,scab
/content/drive/My Drive/Colab Notebooks/apple_leaf_specialist/data/final/train/black_rot/ff14ffc7f2cc24693f7a8dbab276a8cfb6a3586abc464cf77b183750fe89e9a8.jpg,black_rot
/content/drive/My Drive/Colab Notebooks/apple_leaf_specialist/data/final/train/black_rot/4e226061c3ed44d9d3fe590047dea180ae037b51e2e474261d726587399f28cc.jpg,black_rot
/content/drive/My Drive/Colab Notebooks/apple_leaf_specialist/data/final/train/scab/37da6259060b2186fdb690b7ef3582e715c082731807a1eb25af2dcf1689f23e.jpg,scab
/content/drive/My Drive/Colab Notebooks/apple_leaf_specialist/data/final/train/scab/33cf55e57ce707a0f100f4a7b2a6149fcb710bf8c06077c749e83b587cbae437.jpg,scab
/content/drive/My Drive/Colab Notebooks/apple_leaf_specialist/data/final/train/scab/e9bbd5b786c09253c779346a2e1674c8ea38865c5191c25d9e697ee2f60a6863.jpg,scab
/content/drive/My Drive/Colab Notebooks/apple_leaf_specialist/data/final/train/black_rot/5656be5a2b91838c959dbebb19664dfe5cc11f297e059bd9a2d4467bf2a11ba4.jpg,black_rot
/content/drive/My Drive/Colab Notebooks/apple_leaf_specialist/data/final/train/scab/ee6088ee455178a4909bd627e469f0b4f0621bc9ff9534e0bc938aec8c17cc82.jpg,scab
/content/drive/My Drive/Colab Notebooks/apple_leaf_specialist/data/final/train/black_rot/85d4c6e121b11c453bae389279f7b532a381792d8076e5f422bac96242610f57.jpg,black_rot
/content/drive/My Drive/Colab Notebooks/apple_leaf_specialist/data/final/train/scab/a181c47d8c900ace1fe15bd8fea676f87c1420a389a803be2e6f18c563c32f67.jpg,scab
/content/drive/My Drive/Colab Notebooks/apple_leaf_specialist/data/final/train/scab/abaac62fbc8ebd19086844dc334b22d5f005595a24342dcfbfd853b78c4fc39b.jpg,scab
/content/drive/My Drive/Colab Notebooks/apple_leaf_specialist/data/final/train/black_rot/2165d356257ef4f15f53a0bd114d541627d7a8bb627f21e70f4fdd2853613444.jpg,black_rot
/content/drive/My Drive/Colab Notebooks/apple_leaf_specialist/data/final/train/healthy/62180d54d5205c7178da7425877a6f24fa3dd4aa22de78dd0bd0ac1c2d76e9fb.jpg,healthy
/content/drive/My Drive/Colab Notebooks/apple_leaf_specialist/data/final/train/healthy/5083bc59c126e7b6591671e2ad7f7d54909afd25884d18d23ddc009d6e2d8ba4.jpg,healthy
/content/drive/My Drive/Colab Notebooks/apple_leaf_specialist/data/final/train/healthy/eeb840e775cc2d7d2c1c6c66f72b59703b3258d9b47838b0e6c9348be5987a04.jpg,healthy
/content/drive/My Drive/Colab Notebooks/apple_leaf_specialist/data/final/train/healthy/9c2f21fc77aa12156371e9093e3bff3f7b7e63d8467b6204ea0223fb68e65f96.jpg,healthy
/content/drive/My Drive/Colab Notebooks/apple_leaf_specialist/data/final/train/healthy/9c066e26acf72f8dc3a1efeff0a9d4798f981f6a38e9ed546f1c3630c042b9ac.jpg,healthy
/content/drive/My Drive/Colab Notebooks/apple_leaf_specialist/data/final/train/rust/06ededb69ba2e6b26e57ca818cb9451b346a034483eb07d5ea85ac45ea6c21f9.jpg,rust
/content/drive/My Drive/Colab Notebooks/apple_leaf_specialist/data/final/train/black_rot/b3f7816be5fdb3aafce9fd2c280bae1a91633be04c584571948ae7cbacdf6949.jpg,black_rot
/content/drive/My Drive/Colab Notebooks/apple_leaf_specialist/data/final/train/scab/8d4de831252b5067a2e7594136ea43368ac9cc95dded522fad178cea933773fa.jpg,scab
/content/drive/My Drive/Colab Notebooks/apple_leaf_specialist/data/final/train/healthy/83efd748615216e2b931140f9aefc667658994567b1aa03396b433e4401519ee.jpg,healthy
/content/drive/My Drive/Colab Notebooks/apple_leaf_specialist/data/final/train/healthy/1a4be129c1ff7d58792eb26e733a1fc82437960bf281ad096c5abd17490180e6.jpg,healthy
/content/drive/My Drive/Colab Notebooks/apple_leaf_specialist/data/final/train/black_rot/a93c37e629fcd9d238312aabff14982158d14bf4c18ab88f96ad14c376eab86a.jpg,black_rot
/content/drive/My Drive/Colab Notebooks/apple_leaf_specialist/data/final/train/healthy/3c50a52a0eeb83fa4aa3332781da8c962df80ce6e6c1f59cdffbe49d32ebe40b.jpg,healthy
/content/drive/My Drive/Colab Notebooks/apple_leaf_specialist/data/final/train/black_rot/1bff6086b04dc670f1ae2e588db8c620ebd60c0784bf1dbbc82c0b8a37a7b26a.jpg,black_rot
/content/drive/My Drive/Colab Notebooks/apple_leaf_specialist/data/final/train/scab/296352ca2e2134bac9240da26eb7cb21ab42f6a6a6ff2baa9e188d9113c6548f.jpg,scab
/content/drive/My Drive/Colab Notebooks/apple_leaf_specialist/data/final/train/healthy/fada46f2e348b522863c0f2c01b8f3b9cb2992c2d8a480a34df2d4b1bc9ea834.jpg,healthy
/content/drive/My Drive/Colab Notebooks/apple_leaf_specialist/data/final/train/healthy/c7954a11cd0e5dd705d51fa6fa7366ecb061e2f942276ee27434978a1a7b19a9.jpg,healthy
/content/drive/My Drive/Colab Notebooks/apple_leaf_specialist/data/final/train/rust/b917a0fb98e954d6c3c06ccde1820a2e17a6f1b011cfbe7dbe86c3ae00c754d8.jpg,rust
/content/drive/My Drive/Colab Notebooks/apple_leaf_specialist/data/final/train/healthy/5611fe3722f75c9fa69272c1239c42d0d9ce52c505edfaedb2a3158fc40760cf.jpg,healthy
/content/drive/My Drive/Colab Notebooks/apple_leaf_specialist/data/final/train/healthy/36299ceb45175cec7cb7c4796c6489017f05fd56d2a728aadd4ef2fd94f3097d.jpg,healthy
/content/drive/My Drive/Colab Notebooks/apple_leaf_specialist/data/final/train/black_rot/e8fc45af54990e566083dd9230b55e7408f20b0161afa6734eb29acf478c9040.jpg,black_rot
/content/drive/My Drive/Colab Notebooks/apple_leaf_specialist/data/final/train/black_rot/44f907f4e467d38818be196ceecf4daad38741a133a0d81713f578cf100d8879.jpg,black_rot
/content/drive/My Drive/Colab Notebooks/apple_leaf_specialist/data/final/train/scab/6c6b436dcaadf00a6cae3c8293e260a40961c27ac1bd6e305805e045ed550b0f.jpg,scab
/content/drive/My Drive/Colab Notebooks/apple_leaf_specialist/data/final/train/black_rot/caaf4010ed06352324645e410e118f95be1a8e1301a89280db71ddecc1f5c844.jpg,black_rot
/content/drive/My Drive/Colab Notebooks/apple_leaf_specialist/data/final/train/healthy/0805343441ff70d9a023da20241a858f4a0baaeeef14b6989bed524ac6f9902a.jpg,healthy
/content/drive/My Drive/Colab Notebooks/apple_leaf_specialist/data/final/train/scab/9bd677955a78b2afb5a7ce18e44be75acd57da70b388162efd6f6a4df3ff49f3.jpg,scab
/content/drive/My Drive/Colab Notebooks/apple_leaf_specialist/data/final/train/healthy/14f3f9748efa3a056a44c4ded47861d24fd7f0e6567c4853bc672cb34dd3e912.jpg,healthy
/content/drive/My Drive/Colab Notebooks/apple_leaf_specialist/data/final/train/healthy/e73fdb8dd62af8453397d8b5b5810f677bc4b428ec13089b3ef12eea3b236116.jpg,healthy
/content/drive/My Drive/Colab Notebooks/apple_leaf_specialist/data/final/train/rust/45b9269fd390d05aca89eaab4f7da75f07f20a276060d204cbe0922ab4e7930e.jpg,rust
/content/drive/My Drive/Colab Notebooks/apple_leaf_specialist/data/final/train/healthy/de80dbe0e217459e21d406fec9c7900231ff6ce6905f16f0bf4bad897ff7b5fb.jpg,healthy
/content/drive/My Drive/Colab Notebooks/apple_leaf_specialist/data/final/train/healthy/dcefe72a9c3a52fb60684c79a0640ce45dda0dee5c511067ffa12f85e3df3a47.jpg,healthy
/content/drive/My Drive/Colab Notebooks/apple_leaf_specialist/data/final/train/rust/87c5050465e45ff121092b29a835adf4506e7d655d4cd8aba3de0dacae335781.jpg,rust
/content/drive/My Drive/Colab Notebooks/apple_leaf_specialist/data/final/train/healthy/3fd4b0210afb4a9534ba1e7519322aab8429fb3e8b0c477574f72fb8ce9781e8.jpg,healthy
/content/drive/My Drive/Colab Notebooks/apple_leaf_specialist/data/final/train/healthy/94a48d07a434063df5b74aee33a0ba2f8768a0823a4c1ab8c1b44a65f60c3316.jpg,healthy
/content/drive/My Drive/Colab Notebooks/apple_leaf_specialist/data/final/train/healthy/b570d563d39167661347316ccd82f07d3193bc56eab92348d2cefaa64d35adc8.jpg,healthy
/content/drive/My Drive/Colab Notebooks/apple_leaf_specialist/data/final/train/healthy/1746a88f21752e0ded124960253d3e5f7594271306675f2f020e03e25d8145a0.jpg,healthy
/content/drive/My Drive/Colab Notebooks/apple_leaf_specialist/data/final/train/healthy/7936185a45908d21ff402dcd9ba6be1e8c51ce57c7377045f7a170d2797b88e8.jpg,healthy
/content/drive/My Drive/Colab Notebooks/apple_leaf_specialist/data/final/train/rust/de77b0639eefa85328745fd37cec5d2cc349962159b4c48f3203e60a74313a7c.jpg,rust
/content/drive/My Drive/Colab Notebooks/apple_leaf_specialist/data/final/train/healthy/1ed809ce45489bdcf292d3cd19f94e0cdd34a5ec3190f0949c8d3b06d176f6ae.jpg,healthy
/content/drive/My Drive/Colab Notebooks/apple_leaf_specialist/data/final/train/healthy/2972a986cb504aee6f2a00a88c680c8ac1eff9c04db2c88ea4345b3daa00cd31.jpg,healthy
/content/drive/My Drive/Colab Notebooks/apple_leaf_specialist/data/final/train/black_rot/7e023e5aa8face7a2b5ef22fd5411aeac522413ccba053a17a9bc7481a39d17b.jpg,black_rot
/content/drive/My Drive/Colab Notebooks/apple_leaf_specialist/data/final/train/healthy/a5dfc29393dcb40168ef7ab85604be31724f3fae09a4f8e1c9c2c984c99d32f7.jpg,healthy
/content/drive/My Drive/Colab Notebooks/apple_leaf_specialist/data/final/train/scab/9097653883e3ec3a1eadfe73173e5078370601a77795ed44109ef34632cb5469.jpg,scab
/content/drive/My Drive/Colab Notebooks/apple_leaf_specialist/data/final/train/healthy/2ce7af0a04ba45020a75c1c954d5704a94cb66e775026771cbd001c03c28294b.jpg,healthy
/content/drive/My Drive/Colab Notebooks/apple_leaf_specialist/data/final/train/healthy/b5273c90be6748c27d59fa4451c882f99e03367d64952574035124cc0b366755.jpg,healthy
/content/drive/My Drive/Colab Notebooks/apple_leaf_specialist/data/final/train/healthy/dba993cbffec23e0efa81aa3eedd76ae1b492fdf7187e7d50f11b2fb66ca173c.jpg,healthy
/content/drive/My Drive/Colab Notebooks/apple_leaf_specialist/data/final/train/scab/263d561731a32710f3035ef620bd9e211dfb548654814e8ec8cd5d2c3a4f654c.jpg,scab
/content/drive/My Drive/Colab Notebooks/apple_leaf_specialist/data/final/train/rust/74e7c0bd08f6ce3aee2e3de640a806be899a506982e37437531806180555fd8d.jpg,rust
/content/drive/My Drive/Colab Notebooks/apple_leaf_specialist/data/final/train/healthy/691d71d2dea091bb5d17acee66dcd46a802340559e72685930b3006974364798.jpg,healthy
/content/drive/My Drive/Colab Notebooks/apple_leaf_specialist/data/final/train/healthy/327d7b064dfec41d4c604a452f9eb9926b09ca42b9a5e11e6d797f35cd6ba2b8.jpg,healthy
/content/drive/My Drive/Colab Notebooks/apple_leaf_specialist/data/final/train/scab/6979b6e5d1b5e72c9349f59331bc2ec99d2eb530d700dfd3615cfaa0ef9acb94.jpg,scab
/content/drive/My Drive/Colab Notebooks/apple_leaf_specialist/data/final/train/healthy/21a5e9ad41f90320d59f8d95c97f13546051fa177867f1ab17482094d2f4c3b5.jpg,healthy
/content/drive/My Drive/Colab Notebooks/apple_leaf_specialist/data/final/train/rust/63bc7aea61a72ffe7736b913efd247ab70e1603fb0442618f899f1a50e928e88.jpg,rust
/content/drive/My Drive/Colab Notebooks/apple_leaf_specialist/data/final/train/black_rot/8debfe6c951716496f14e96f4ea08047f593e8da597f57a66f45d2c5951bdfe5.jpg,black_rot
/content/drive/My Drive/Colab Notebooks/apple_leaf_specialist/data/final/train/healthy/85a659aa23ae7236e4f1de763d044f5524aa5cfb56be146a4fd2168ded6b5659.jpg,healthy
/content/drive/My Drive/Colab Notebooks/apple_leaf_specialist/data/final/train/scab/eaee118cbbc48f77b3bb344448b65f3444f9538e407cf818a66f9df02aa0ce2c.jpg,scab
/content/drive/My Drive/Colab Notebooks/apple_leaf_specialist/data/final/train/healthy/a9065eadfde6a6fa33d887b8fd22c5b7eca963844d9ac5ab1e8b1f548084af21.jpg,healthy
/content/drive/My Drive/Colab Notebooks/apple_leaf_specialist/data/final/train/scab/5eaaf6dd1327d9c546785595eb12dc17ca694c40e8a667580f01f07978f085d8.jpg,scab
/content/drive/My Drive/Colab Notebooks/apple_leaf_specialist/data/final/train/black_rot/9ff8c44f4d1b45cbd685d17b12768ee8127ddf06ff80b8c24096b065cf81a1a8.jpg,black_rot
/content/drive/My Drive/Colab Notebooks/apple_leaf_specialist/data/final/train/healthy/d0b7f926630032e397168f28186c35d41cf5ba5ceeb8822b7d6f61bf24b33665.jpg,healthy
/content/drive/My Drive/Colab Notebooks/apple_leaf_specialist/data/final/train/scab/b2447fb56f418ee18260f2b00332d75592848915a57cdb248136bc8dfdae1837.jpg,scab
/content/drive/My Drive/Colab Notebooks/apple_leaf_specialist/data/final/train/healthy/0a2a72024f891672ecbe4cab55db76842af97c3eadbf440f1d6e73e81c506472.jpg,healthy
/content/drive/My Drive/Colab Notebooks/apple_leaf_specialist/data/final/train/scab/c289830ce47042b8ce85bdbcf2971baed3c5a184a438c594da46e354b83a5f2d.jpg,scab
/content/drive/My Drive/Colab Notebooks/apple_leaf_specialist/data/final/train/healthy/4ba8bc6dc5d4fa9fadc85e9af5ad968ca6bb53a657c2bb9ecd508a443ca98085.jpg,healthy
/content/drive/My Drive/Colab Notebooks/apple_leaf_specialist/data/final/train/healthy/24146ca21b125113930f9b8fc49f559fa9f1e8afee961be514175a21b109dae0.jpg,healthy
/content/drive/My Drive/Colab Notebooks/apple_leaf_specialist/data/final/train/black_rot/46adafd0b0ad2585ee57e4fb33207526d621625d19107a24e2937254fbd8ba72.jpg,black_rot
/content/drive/My Drive/Colab Notebooks/apple_leaf_specialist/data/final/train/scab/60d82b8ada1e2c066572ec177dec67d6b4b9644c5e2beefd67649e7840da875e.jpg,scab
/content/drive/My Drive/Colab Notebooks/apple_leaf_specialist/data/final/train/rust/783ae2c1572113b7c2730eaffd825cee090be1b7001ac1eb085dcc9a05bdeb8f.jpg,rust
/content/drive/My Drive/Colab Notebooks/apple_leaf_specialist/data/final/train/healthy/e510244a45e17fe849623664ce5bca72299c5765987c082e5e78275200c81bdd.jpg,healthy
/content/drive/My Drive/Colab Notebooks/apple_leaf_specialist/data/final/train/scab/81c767718ac124abefa3ce5770c44f807c3b72d6f690682215d7ba1023490929.jpg,scab
/content/drive/My Drive/Colab Notebooks/apple_leaf_specialist/data/final/train/scab/5170d607c280df5341a435dbdec356a8c0c60d891b4563fa1b5f4bbb15daa3f7.jpg,scab
/content/drive/My Drive/Colab Notebooks/apple_leaf_specialist/data/final/train/black_rot/f634828302fbdb2975eead406505db199e9d1c0c0e42f35bd8d9487279c6c747.jpg,black_rot
/content/drive/My Drive/Colab Notebooks/apple_leaf_specialist/data/final/train/scab/6fca4018b82a067ed4452f1aa61d88e1a25e382ad2994b88046770b99985fda4.jpg,scab
/content/drive/My Drive/Colab Notebooks/apple_leaf_specialist/data/final/train/scab/5eb3e2395f6221d343d8cc557eea1ac2a08c0574524b9457ec914048fa8a3438.jpg,scab
/content/drive/My Drive/Colab Notebooks/apple_leaf_specialist/data/final/train/black_rot/f7d6678c05140bf4d92bd324a2f1ec5aa8bd91c0153c13a1192e12834995c5bc.jpg,black_rot
/content/drive/My Drive/Colab Notebooks/apple_leaf_specialist/data/final/train/scab/43a9c5ae268382a2fc4cbeac0747a4e367620110919b6c1a559bcd579afb751e.jpg,scab
/content/drive/My Drive/Colab Notebooks/apple_leaf_specialist/data/final/train/healthy/5a6e535bfd7a9a290d16a6ebfb16c4dbc0832928111fbee12b934ab5d6e32769.jpg,healthy
/content/drive/My Drive/Colab Notebooks/apple_leaf_specialist/data/final/train/healthy/bd1c29de5dc66211691cae67f362a1d5dae7f6818f9c5b646691a5aea0c735e9.jpg,healthy
/content/drive/My Drive/Colab Notebooks/apple_leaf_specialist/data/final/train/healthy/ead11c9028a14b777ecd635a6e790f06d00f9ce53925e112d9d986b21aecba74.jpg,healthy
/content/drive/My Drive/Colab Notebooks/apple_leaf_specialist/data/final/train/healthy/e7b5c9ee0abda95ee75bfa06df5f10909c569558fb78d57cb7b4590626372bfe.jpg,healthy
/content/drive/My Drive/Colab Notebooks/apple_leaf_specialist/data/final/train/black_rot/07a2a214546617aa25bdeda245e98a5f58a8800fdac004aa2c735291f73cfe4e.jpg,black_rot
/content/drive/My Drive/Colab Notebooks/apple_leaf_specialist/data/final/train/healthy/3edf0aaeeee08e5c122a15bb887fad5b6a4f0b877163806ed9871308c3b543cb.jpg,healthy
/content/drive/My Drive/Colab Notebooks/apple_leaf_specialist/data/final/train/black_rot/26d9053e5fd5631c40b5c2330fd1dce83734dac9ff2140cec8db2041871976b4.jpg,black_rot
/content/drive/My Drive/Colab Notebooks/apple_leaf_specialist/data/final/train/scab/ed1f7ddd3825fd5f227a138dc322ed79a7995699099b79d6cc60175bdec203fb.jpg,scab
/content/drive/My Drive/Colab Notebooks/apple_leaf_specialist/data/final/train/rust/e806fd9379f367fb39a3424013302c7643897b4238b7143bb3065fa25636d091.jpg,rust
/content/drive/My Drive/Colab Notebooks/apple_leaf_specialist/data/final/train/scab/7a6c269af003e3bd9a8df166b61a19cd8ee1cdeea45124c344b3f83c6ef4f0a0.jpg,scab
/content/drive/My Drive/Colab Notebooks/apple_leaf_specialist/data/final/train/scab/c8c2380e1694bc6d742e4e8d7bc578833f412c48f1df62a5e842c7e2ef27436f.jpg,scab
/content/drive/My Drive/Colab Notebooks/apple_leaf_specialist/data/final/train/healthy/931dda70b5d4babf32547d642e9faffb054c74cf8673fa3405704ff80ab5e734.jpg,healthy
/content/drive/My Drive/Colab Notebooks/apple_leaf_specialist/data/final/train/healthy/92bdaebf1f48765e6b457bff1a9ba54510458331f8fd82f7369a11eed42c988f.jpg,healthy
/content/drive/My Drive/Colab Notebooks/apple_leaf_specialist/data/final/train/scab/49c58eb74f3fc48ba39590cb563c6ebe5c9a5209af7911d9afc4ca2ad528fbb9.jpg,scab
/content/drive/My Drive/Colab Notebooks/apple_leaf_specialist/data/final/train/healthy/7b69b655a67f2ad9250d106f916dafc7c05cfd3cdce45a00307f81a943f98309.jpg,healthy
/content/drive/My Drive/Colab Notebooks/apple_leaf_specialist/data/final/train/healthy/7749a10b5fac4772014c29801a2bbe4f3e0b3731382fc670e074c392627aeed5.jpg,healthy
/content/drive/My Drive/Colab Notebooks/apple_leaf_specialist/data/final/train/healthy/25d2c51a1db65e204c6634ec0ae13f33c683db21cb2dc42f9b3e04bdd8f46c4d.jpg,healthy
/content/drive/My Drive/Colab Notebooks/apple_leaf_specialist/data/final/train/healthy/706ce9467ffe39e3ed9ccb1f17cdd22f5082e5aae6616410a0678027272d1f55.jpg,healthy
/content/drive/My Drive/Colab Notebooks/apple_leaf_specialist/data/final/train/healthy/9a31e2dda9cacf69fee8ffd249fb5c63bcb1077577440ec8b84a159839b51fde.jpg,healthy
/content/drive/My Drive/Colab Notebooks/apple_leaf_specialist/data/final/train/healthy/6fe9ea961e61ca5bbeb93426c197dc59cce4098fcb5a67f9e8eec8dd3fa49972.jpg,healthy
/content/drive/My Drive/Colab Notebooks/apple_leaf_specialist/data/final/train/healthy/62902d8e1171a046b4d0b17be3f0d9c4c4d689c90f389e71187e99cf6a472d09.jpg,healthy
/content/drive/My Drive/Colab Notebooks/apple_leaf_specialist/data/final/train/scab/841345df3aa691438a25b487a91dcebf2c152318332bd1a38260e8f5a0f5c62c.jpg,scab
/content/drive/My Drive/Colab Notebooks/apple_leaf_specialist/data/final/train/black_rot/73a345a1382655c7697d26dfc4fdd512b1f2b9fb1064afbfe07f5ebedd373eb9.jpg,black_rot
/content/drive/My Drive/Colab Notebooks/apple_leaf_specialist/data/final/train/healthy/d4c4e3a8f423ef3d690eeb1185d955abbd775001ec0e839987212695ec778345.jpg,healthy
/content/drive/My Drive/Colab Notebooks/apple_leaf_specialist/data/final/train/black_rot/5e3051bd722a7395ecf68472746c12915a0dcd2846bcb38e8dac0a3e4a9b8d30.jpg,black_rot
/content/drive/My Drive/Colab Notebooks/apple_leaf_specialist/data/final/train/healthy/90f6edafee0d1d4bbc9b4da7e48b86dc7a4869f6006a6a2a6f8e8954336fe244.jpg,healthy
/content/drive/My Drive/Colab Notebooks/apple_leaf_specialist/data/final/train/scab/2bfe657408deb6c4907a1c8b03be1028ddbbad37191f1cc544626db2e442dee2.jpg,scab
/content/drive/My Drive/Colab Notebooks/apple_leaf_specialist/data/final/train/scab/738115c68f25b73e0b2646158ed5022d9d92417fd462360196e02ac71caab764.jpg,scab
/content/drive/My Drive/Colab Notebooks/apple_leaf_specialist/data/final/train/healthy/9fd27944e596facc27310bdf5ec03e990a73f4fcc7bc7efd5702dacce014568c.jpg,healthy
/content/drive/My Drive/Colab Notebooks/apple_leaf_specialist/data/final/train/rust/c2a85813635fb088af3be4a7bf74a96511de1d6c37e209a1b007d4090121d2ba.jpg,rust
/content/drive/My Drive/Colab Notebooks/apple_leaf_specialist/data/final/train/rust/33892f5a00285d46f85e8b6c271410a7bf468113d13dcff846a35d49f593b709.jpg,rust
/content/drive/My Drive/Colab Notebooks/apple_leaf_specialist/data/final/train/healthy/fb459129679d6a0a72cf876aa63a0488fc454708e07edc4def51e13cb65e35d2.jpg,healthy
/content/drive/My Drive/Colab Notebooks/apple_leaf_specialist/data/final/train/healthy/76e352d6b0ba1c3767b1fa1de0ee6c6c7264ad8576d7b2cbe7c3b2970348435f.jpg,healthy
/content/drive/My Drive/Colab Notebooks/apple_leaf_specialist/data/final/train/scab/9d6bf713270973a75e9f3badd71e16557116985eb685716369af6711fbc4aae5.jpg,scab
/content/drive/My Drive/Colab Notebooks/apple_leaf_specialist/data/final/train/healthy/3d43264e63d9010d791f6b35bb5e3ada1fea73dde496bab68227b5ade07d231a.jpg,healthy
/content/drive/My Drive/Colab Notebooks/apple_leaf_specialist/data/final/train/black_rot/76640919087139ce7b82c7e3de367fe154c62cf917d5ffe3f0437c0188f948b3.jpg,black_rot
/content/drive/My Drive/Colab Notebooks/apple_leaf_specialist/data/final/train/healthy/565f9e0bea58e13453e47cbbdbfa59859913bc51966ec4f0ff87ba163aa8ba27.jpg,healthy
/content/drive/My Drive/Colab Notebooks/apple_leaf_specialist/data/final/train/healthy/b93729ef34a473fbe0a19a49d3619a080214004980d44cbf29166c5969808e0c.jpg,healthy
/content/drive/My Drive/Colab Notebooks/apple_leaf_specialist/data/final/train/healthy/c11992f1c343516a5aafe107e2c744e9db23b34d57e84b1332bce00bbc4448a9.jpg,healthy
/content/drive/My Drive/Colab Notebooks/apple_leaf_specialist/data/final/train/black_rot/c55879d3006fc6c1306a344053e97099b309b7acb16eaf6e3ded492afb093c7d.jpg,black_rot
/content/drive/My Drive/Colab Notebooks/apple_leaf_specialist/data/final/train/healthy/4e79cbb3b83ed3d96439261e68c4116cffe431b4ac0fff9e988f398f07d961bb.jpg,healthy
/content/drive/My Drive/Colab Notebooks/apple_leaf_specialist/data/final/train/healthy/f33fd5d3c9be4a46a98fe15cf86f8a425f92c66dae635b1f984eb4d6e4a2b1bc.jpg,healthy
/content/drive/My Drive/Colab Notebooks/apple_leaf_specialist/data/final/train/healthy/8b5fad6e8ad04e682965908b78b3da0bd228b7e894c15657f9a902785338b6fe.jpg,healthy
/content/drive/My Drive/Colab Notebooks/apple_leaf_specialist/data/final/train/healthy/ed55b87c850bc18daa1c41d747573602856977c32e9af5f5bb761f9d2d04e398.jpg,healthy
/content/drive/My Drive/Colab Notebooks/apple_leaf_specialist/data/final/train/scab/8386a0793e36d0c095e6c32d66aebe25fc08b59d86fd956287324a7e53b2f9c5.jpg,scab
/content/drive/My Drive/Colab Notebooks/apple_leaf_specialist/data/final/train/black_rot/34d920a69384bc5cd40e5f888dfa3c5f99723ff15c832af2f340fff5024d7a94.jpg,black_rot
/content/drive/My Drive/Colab Notebooks/apple_leaf_specialist/data/final/train/healthy/ffd61766a1fc791da4e32062080c7b6fa1344852f6b27af986de35a831cc5d85.jpg,healthy
/content/drive/My Drive/Colab Notebooks/apple_leaf_specialist/data/final/train/black_rot/b7823f974696b265ac5490b9a2aa048e85f57e17ccc2c49412019b2df0e53753.jpg,black_rot
/content/drive/My Drive/Colab Notebooks/apple_leaf_specialist/data/final/train/healthy/6eebb6d2c33d4e4a1f62cd8ac12d40034a11c1f2d6f8d01f2faa80ef29cc7db6.jpg,healthy
/content/drive/My Drive/Colab Notebooks/apple_leaf_specialist/data/final/train/scab/d28fd54ba90edb3daad2343bd301bb4f1cebcf5c5d8e4c77a7ccf90d30d248c6.jpg,scab
/content/drive/My Drive/Colab Notebooks/apple_leaf_specialist/data/final/train/healthy/470726764b8f84afd2620d62c2c7a42f9ebec4239930c5b1de756c34b56631e5.jpg,healthy
/content/drive/My Drive/Colab Notebooks/apple_leaf_specialist/data/final/train/healthy/87b586e42ad85318cc269fece1a0f0a055e009f5c72cd654d3df89ccc89daf14.jpg,healthy
/content/drive/My Drive/Colab Notebooks/apple_leaf_specialist/data/final/train/healthy/a3bba628e7c35203e585bc1e3a064fca51cf3e70d244437c2b056c3e2907db3b.jpg,healthy
/content/drive/My Drive/Colab Notebooks/apple_leaf_specialist/data/final/train/scab/7b5d3ad60ff43fe14b9abbab427ecbc1c8bfe19a611103c2f8b3315f5773174d.jpg,scab
/content/drive/My Drive/Colab Notebooks/apple_leaf_specialist/data/final/train/healthy/2e7f0d1a1a7f2f7efd5aee3fcd81776aaa613e805cdd2ae198a7df1db2581cf7.jpg,healthy
/content/drive/My Drive/Colab Notebooks/apple_leaf_specialist/data/final/train/healthy/9a710a4b4ee7d773b3003138a43ef1c4c4b7e36f78a217ca67fe42c2bac1b8fe.jpg,healthy
/content/drive/My Drive/Colab Notebooks/apple_leaf_specialist/data/final/train/healthy/bbc394a09e817f024e09a2b176726c6be94cb78ba0fa12dfa02240509983c873.jpg,healthy
/content/drive/My Drive/Colab Notebooks/apple_leaf_specialist/data/final/train/black_rot/f6b7c4e6add7e775dac4a46328670cd3adb56daaf0d8ab7d446bb9b406b67081.jpg,black_rot
/content/drive/My Drive/Colab Notebooks/apple_leaf_specialist/data/final/train/scab/717595b2ee3f870bb527fd10d7b25d56b8b02002b39504f1ec13b0ba81e076b6.jpg,scab
/content/drive/My Drive/Colab Notebooks/apple_leaf_specialist/data/final/train/scab/490d4fda38ef93de4d0876f81d2b1ec6514b9d34838cfb3c53599215409ca6fe.jpg,scab
/content/drive/My Drive/Colab Notebooks/apple_leaf_specialist/data/final/train/rust/25bab3c0b4c381c649c621a88f9a59e34960b8927cb93ece2bac05e61929f951.jpg,rust
/content/drive/My Drive/Colab Notebooks/apple_leaf_specialist/data/final/train/healthy/54abd5f21fc1f6aeab4b26cb6a96c26549964ee4814399c4d191e54e9e51bd17.jpg,healthy
/content/drive/My Drive/Colab Notebooks/apple_leaf_specialist/data/final/train/healthy/d62e903a8fc0bf68f0c82c15f4a0c11083343168d16690066f4069278fa7a70b.jpg,healthy
/content/drive/My Drive/Colab Notebooks/apple_leaf_specialist/data/final/train/rust/ccef130cad697f22ce51a2d7d513daa166fc1309ef2885304ead1ad4761a54ed.jpg,rust
/content/drive/My Drive/Colab Notebooks/apple_leaf_specialist/data/final/train/rust/423d6d76a9c31de3244fd5e753fad8f6e58a3b74d575c7d3ef79f4fa40a21ebd.jpg,rust
/content/drive/My Drive/Colab Notebooks/apple_leaf_specialist/data/final/train/healthy/c8227fd6c29c6b4bb4faeb3fe6f06262aa1aecbb821ac94e8f9fb8078a6202b5.jpg,healthy
/content/drive/My Drive/Colab Notebooks/apple_leaf_specialist/data/final/train/healthy/56bd8f422cd1f5a0e603c6ebd8b75f722e3caaba860fc44802714132bbb0b3f9.jpg,healthy
/content/drive/My Drive/Colab Notebooks/apple_leaf_specialist/data/final/train/scab/78f8d9ed5a4f05485ec5a277a05160155d7cb37f4acba042c880cb0a4ff9b81c.jpg,scab
/content/drive/My Drive/Colab Notebooks/apple_leaf_specialist/data/final/train/scab/a9ee0730062c451792fc2de3d60a28519240b560ebde36c66b07efe90517cd7b.jpg,scab
/content/drive/My Drive/Colab Notebooks/apple_leaf_specialist/data/final/train/black_rot/778950db406333c541076d2e7eb48e53f4b655773288485cdd099df08cb4f82b.jpg,black_rot
/content/drive/My Drive/Colab Notebooks/apple_leaf_specialist/data/final/train/healthy/3d66e1be2936e33d80b03292bf3a0a3c883eec0169891a9938392cbda9cde079.jpg,healthy
/content/drive/My Drive/Colab Notebooks/apple_leaf_specialist/data/final/train/black_rot/9c60e7d3a7b6882203383a9663e6638cbe7a365590bb8027d421e7a062802ecb.jpg,black_rot
/content/drive/My Drive/Colab Notebooks/apple_leaf_specialist/data/final/train/healthy/10a676631f924e249301671f82a19661ab31c844c1bb1bae6d35c554d471fb96.jpg,healthy
/content/drive/My Drive/Colab Notebooks/apple_leaf_specialist/data/final/train/black_rot/e94a1b8e3059b3b49500b56960ee7a685b1fb661907a759d01e31bdeee468903.jpg,black_rot
/content/drive/My Drive/Colab Notebooks/apple_leaf_specialist/data/final/train/healthy/cbeffd9e36cbc08c477783250226bb31300dc40704aed88c3bbf11ec608aaf42.jpg,healthy
/content/drive/My Drive/Colab Notebooks/apple_leaf_specialist/data/final/train/healthy/03f6b30c53b4011b6ec1d65e1469a66d9ce80da85bc7587c0b9fd0da0a04f7ab.jpg,healthy
/content/drive/My Drive/Colab Notebooks/apple_leaf_specialist/data/final/train/healthy/4a9b0719fb2c9228c4a653d55ad319ef4d0b2ad1434014c6e51f22769bf6b898.jpg,healthy
/content/drive/My Drive/Colab Notebooks/apple_leaf_specialist/data/final/train/healthy/4fd1056d6c3b5db4b0dce9138d4ebdfcfaa890f12a1e08540950d1d2787ee08a.jpg,healthy
/content/drive/My Drive/Colab Notebooks/apple_leaf_specialist/data/final/train/healthy/1fc6327b03600cc3cfcdb62e78619532221431839ebf123bb08e12b8c5977009.jpg,healthy
/content/drive/My Drive/Colab Notebooks/apple_leaf_specialist/data/final/train/healthy/26d8a8d6405a3ba02e57a7a0458e5c46859a32bc19521170b72e92a969523dc3.jpg,healthy
/content/drive/My Drive/Colab Notebooks/apple_leaf_specialist/data/final/train/healthy/2003873cc14c808b857d31d47b1d45ece586818ccce471648733321b0c413573.jpg,healthy
/content/drive/My Drive/Colab Notebooks/apple_leaf_specialist/data/final/train/healthy/e68ded30c6d95c5daaca3993701e11d759d7c6f690e3d23176c2dda5b9a38c74.jpg,healthy
/content/drive/My Drive/Colab Notebooks/apple_leaf_specialist/data/final/train/black_rot/7ecf9f1bdeb93865be3774b62a2b26de36ccd36cdd774cc3011178854e428aec.jpg,black_rot
/content/drive/My Drive/Colab Notebooks/apple_leaf_specialist/data/final/train/healthy/dad33d926f5f6c5b98ec51aabf33dbab5e2d6060ed1742aecd243bd355a7d442.jpg,healthy
/content/drive/My Drive/Colab Notebooks/apple_leaf_specialist/data/final/train/healthy/87bc19362c9541d2ff85d6ab73b16c6782717ea713d06a54b0c3d12161e4a648.jpg,healthy
/content/drive/My Drive/Colab Notebooks/apple_leaf_specialist/data/final/train/healthy/e39287bfe1bb3d90944bba822947b882a05b4f912d25ff12dcd007085bbb2ee9.jpg,healthy
/content/drive/My Drive/Colab Notebooks/apple_leaf_specialist/data/final/train/black_rot/8aeff6e2d3916477c9123b1812e536cbc54ccbaa9fe223ed8670b1bb86ea9bb1.jpg,black_rot
/content/drive/My Drive/Colab Notebooks/apple_leaf_specialist/data/final/train/black_rot/2d20574f97cb42f05394e9ab9916e7df70e7d253a3f02a78bc5a7f6db269e38c.jpg,black_rot
/content/drive/My Drive/Colab Notebooks/apple_leaf_specialist/data/final/train/rust/8b93b8700c2f911d2d4bf8cd494934cea46c267e5e9b6f2622eae6ec769452bc.jpg,rust
/content/drive/My Drive/Colab Notebooks/apple_leaf_specialist/data/final/train/black_rot/4b64f3eb1182b72cc1aaac0b8a6cfb45a1bc5e015094bddff81d138be2625871.jpg,black_rot
/content/drive/My Drive/Colab Notebooks/apple_leaf_specialist/data/final/train/black_rot/a3c5a7874a3f56fbe72ba55926eb8bc3bc93f61bc7d1e0a9a133cc03ee67c98e.jpg,black_rot
/content/drive/My Drive/Colab Notebooks/apple_leaf_specialist/data/final/train/scab/e620d1be88b76b148f8d51b8025394c375c7efeaa054dfd6c02249463710bbe3.jpg,scab
/content/drive/My Drive/Colab Notebooks/apple_leaf_specialist/data/final/train/scab/2c48c3550a851040751349c3ff00403fe941ff5234976fcae5f350caeb7f292b.jpg,scab
/content/drive/My Drive/Colab Notebooks/apple_leaf_specialist/data/final/train/black_rot/600d7312195f6d9260fa88a923a844bd19d354cafe089b752f4d637d4c52b4c0.jpg,black_rot
/content/drive/My Drive/Colab Notebooks/apple_leaf_specialist/data/final/train/black_rot/fb25842d1820b630d218ce93dd011535f0dbad26547460ff5a9b032d23a889e2.jpg,black_rot
/content/drive/My Drive/Colab Notebooks/apple_leaf_specialist/data/final/train/healthy/f4a1fdbb1aafd1c5dc07817166d275246dfc23e61b97316d647c155dc2ca9a4a.jpg,healthy
/content/drive/My Drive/Colab Notebooks/apple_leaf_specialist/data/final/train/healthy/2c38ea4260c5c8d376d6c0bcab5a0dc9854cb9e22d9ce42a0b468d0500d88bfd.jpg,healthy
/content/drive/My Drive/Colab Notebooks/apple_leaf_specialist/data/final/train/healthy/d1c0e6cea2a6ec77ceadb9e25ca9aa8f654c812a7a6c48458377d0ec271970e7.jpg,healthy
/content/drive/My Drive/Colab Notebooks/apple_leaf_specialist/data/final/train/healthy/6a51af479ca1b7f8c4820734acfad79525772ca8ce04cfe9bd443ca33fda7edd.jpg,healthy
/content/drive/My Drive/Colab Notebooks/apple_leaf_specialist/data/final/train/healthy/a9ffe1816c45e2a488619c1ddf49e37325bb644adb6107e3400896158cf35ad6.jpg,healthy
/content/drive/My Drive/Colab Notebooks/apple_leaf_specialist/data/final/train/healthy/5d0cf2b5095f6758a1c88517bdfe70bde26799327bb8de4344c24486a93ea80a.jpg,healthy
/content/drive/My Drive/Colab Notebooks/apple_leaf_specialist/data/final/train/healthy/e881dc3902166ff8250aaa4a9331cc296c17231f3d28950f74e7563534fdaa55.jpg,healthy
/content/drive/My Drive/Colab Notebooks/apple_leaf_specialist/data/final/train/healthy/d66ae4156cabdfb9874dcb18d2b800e1ce5b80c3d6f527c3b42ed18cb61a0fc2.jpg,healthy
/content/drive/My Drive/Colab Notebooks/apple_leaf_specialist/data/final/train/healthy/2da295c4b4facb267f32d6bf2c0ba5d7fd8d4fcea650044815161b8873c0f06d.jpg,healthy
/content/drive/My Drive/Colab Notebooks/apple_leaf_specialist/data/final/train/healthy/8238f4abbe5cb42dc9867728806f1b8dbc77a5a5e6b58d84835e9d6ce6262e98.jpg,healthy
/content/drive/My Drive/Colab Notebooks/apple_leaf_specialist/data/final/train/healthy/504365555c27f42cfacb58d8b4985ca1b24401b68688aba94d40bb9555fde28a.jpg,healthy
/content/drive/My Drive/Colab Notebooks/apple_leaf_specialist/data/final/train/healthy/01cb02a306d9d455180ee1fdbecf1cbbc2c9909dd969d641d70d482e3b142eea.jpg,healthy
/content/drive/My Drive/Colab Notebooks/apple_leaf_specialist/data/final/train/scab/5e253a6e958f8aecc57fdb0d3729886ccd40a37f689e27c6b25a23fb38cb1952.jpg,scab
/content/drive/My Drive/Colab Notebooks/apple_leaf_specialist/data/final/train/healthy/2a4022085926d0c2e288d255cdf685c64c7aeff2b08d2b7f04798b20106799f3.jpg,healthy
/content/drive/My Drive/Colab Notebooks/apple_leaf_specialist/data/final/train/rust/02ce4b375e1db8152fbc17dce68d58b46776211a0838aeaf8090e650922124ed.jpg,rust
/content/drive/My Drive/Colab Notebooks/apple_leaf_specialist/data/final/train/scab/b2e7f76d5260b073d373b78568de75628dcc7be7b277d4ac5aa3eb4f0709481f.jpg,scab
/content/drive/My Drive/Colab Notebooks/apple_leaf_specialist/data/final/train/rust/7f1b88d4c58ebe65eeb29464807b3e45d774ed0804452a99be0b5b4b85ef3d68.jpg,rust
/content/drive/My Drive/Colab Notebooks/apple_leaf_specialist/data/final/train/healthy/2613d261d8291c45739b9c77ab071a03c3fb129a1758f07e37b37b7328bd900a.jpg,healthy
/content/drive/My Drive/Colab Notebooks/apple_leaf_specialist/data/final/train/healthy/1c7ffa470453c4210e1f43f918a958e278cd86f32a89ca36feb7bb081f066059.jpg,healthy
/content/drive/My Drive/Colab Notebooks/apple_leaf_specialist/data/final/train/black_rot/0e1003d22fbdd85c5b0e75ad34dcb04d65dc685caa2fd1aaed7903f620759ea9.jpg,black_rot
/content/drive/My Drive/Colab Notebooks/apple_leaf_specialist/data/final/train/healthy/b5abb4294cf5389f4f982acd174f7b3dcc62b9a8e1dc130a5f4179f41085dc2e.jpg,healthy
/content/drive/My Drive/Colab Notebooks/apple_leaf_specialist/data/final/train/healthy/5050e8e8741869fbfaa43641be5df4b5fa3488d239414341179437bfdd647217.jpg,healthy
/content/drive/My Drive/Colab Notebooks/apple_leaf_specialist/data/final/train/scab/c80f0aa133c0b10fc6726798988d09897224d532190c9b08322d4c7d84837b73.jpg,scab
/content/drive/My Drive/Colab Notebooks/apple_leaf_specialist/data/final/train/healthy/1ca8f0de207fe345e422b25ede21dd2e794446f21eea0c23160753025e5f8a5f.jpg,healthy
/content/drive/My Drive/Colab Notebooks/apple_leaf_specialist/data/final/train/healthy/472938ea50c6f17975cac18d8f8e87f1ef845784a8f0b300c5e89c18b9227de3.jpg,healthy
/content/drive/My Drive/Colab Notebooks/apple_leaf_specialist/data/final/train/healthy/d47ace9636ae4dcaa873f8a57d58477c048b1c562f83480952d4a9c4c4bd664f.jpg,healthy
/content/drive/My Drive/Colab Notebooks/apple_leaf_specialist/data/final/train/healthy/1f2265c3218ab8b955744952b03e4becc97c2448050f3dbbe16bc3850caeb354.jpg,healthy
/content/drive/My Drive/Colab Notebooks/apple_leaf_specialist/data/final/train/healthy/8c1b02af4d369d9b44bf5c69a4569f892829766c752d06313df46ab789d43d8d.jpg,healthy
/content/drive/My Drive/Colab Notebooks/apple_leaf_specialist/data/final/train/healthy/7868918dca5d7ed7f85ad17f5ae9023b91167e48c13ca401bc52f01eada31865.jpg,healthy
/content/drive/My Drive/Colab Notebooks/apple_leaf_specialist/data/final/train/healthy/fca2a56e245cce5f6b1cd2b52be3ea95862d4e42b0be28e44e4464a0e50e2f4f.jpg,healthy
/content/drive/My Drive/Colab Notebooks/apple_leaf_specialist/data/final/train/healthy/ee5ba228df133e0ef9ea188360275e4a7410874a0547aaad32d334acb886cd61.jpg,healthy
/content/drive/My Drive/Colab Notebooks/apple_leaf_specialist/data/final/train/black_rot/e583c02c977c2b877aa394657a2c2fe8b6b6e2084e25b5364743ac797da758dc.jpg,black_rot
/content/drive/My Drive/Colab Notebooks/apple_leaf_specialist/data/final/train/healthy/0fb23deae9de6b54b7cffd502d946b8b0909f063f164109ad8a480d50df1d9c1.jpg,healthy
/content/drive/My Drive/Colab Notebooks/apple_leaf_specialist/data/final/train/healthy/d10d94d5be9ebafb205f1b25e7d4cb97850b84a5dacf22599e96085cc1de0087.jpg,healthy
/content/drive/My Drive/Colab Notebooks/apple_leaf_specialist/data/final/train/healthy/0d7481933c588e5da9de99ce4eae44497cfbc5b8ead5f9d54481b41f94d6aa87.jpg,healthy
/content/drive/My Drive/Colab Notebooks/apple_leaf_specialist/data/final/train/healthy/e9530f440b1e29d73c73dc886928520d0a33f81502563120d552dd7b6efcc3db.jpg,healthy
/content/drive/My Drive/Colab Notebooks/apple_leaf_specialist/data/final/train/black_rot/7b82fa12cad833683c66fd95b483fdc320ca786b5006ceae9a42f704a6b52b4a.jpg,black_rot
/content/drive/My Drive/Colab Notebooks/apple_leaf_specialist/data/final/train/healthy/4a4c25db237df8b995f98018befb9f6dae8132612f8c3e3abc58c89949cf9ca5.jpg,healthy
/content/drive/My Drive/Colab Notebooks/apple_leaf_specialist/data/final/train/healthy/f89d5856ab3cca847b2a6e56a4b35f3fad8c1af82bf292d3142f0b6083b586b1.jpg,healthy
/content/drive/My Drive/Colab Notebooks/apple_leaf_specialist/data/final/train/scab/c9c10aceb809ada54c2f2e4df2352b4522a51c2c0e33b3332ebeb57e61b62c46.jpg,scab
/content/drive/My Drive/Colab Notebooks/apple_leaf_specialist/data/final/train/healthy/0476ab8999dd9d594fcfd64454d409dbe3db10d5d832a53d142c3177a609cc5a.jpg,healthy
/content/drive/My Drive/Colab Notebooks/apple_leaf_specialist/data/final/train/healthy/e14078f68f4f6df4ad233c6fcb22356d8ae95512500e69792bd5497e9f237b2a.jpg,healthy
/content/drive/My Drive/Colab Notebooks/apple_leaf_specialist/data/final/train/scab/4c5ea07ee7f95049f92f6e97217fd7d20d14cbd24a3b488ec840c075536bb771.jpg,scab
/content/drive/My Drive/Colab Notebooks/apple_leaf_specialist/data/final/train/healthy/f1f62d4d23cfd831d83384de6e3776fb3a1ae67ca32f925e7609c7b1b8b2adf3.jpg,healthy
/content/drive/My Drive/Colab Notebooks/apple_leaf_specialist/data/final/train/healthy/1a9a34c777122ead5211b04b37b583b753ac78cd30d52f354f4c197e7c64efab.jpg,healthy
/content/drive/My Drive/Colab Notebooks/apple_leaf_specialist/data/final/train/healthy/7ac5d4518743a29b02e0b4656da4bf817493daa70f887567c138bd91c7b0036b.jpg,healthy
/content/drive/My Drive/Colab Notebooks/apple_leaf_specialist/data/final/train/scab/b6c3bb08e30fafc41b049e6e8d1c94311f799915f3e6bc646d1045287e79f78e.jpg,scab
/content/drive/My Drive/Colab Notebooks/apple_leaf_specialist/data/final/train/scab/07806772573cd530042537a32811b9accc87dd6a34126ed4c2fc4be79e12cbca.jpg,scab
/content/drive/My Drive/Colab Notebooks/apple_leaf_specialist/data/final/train/healthy/b13dafc4ce55665e8c1d5b012c31b765a2c67e9d5683593651a184d96abd65c2.jpg,healthy
/content/drive/My Drive/Colab Notebooks/apple_leaf_specialist/data/final/train/healthy/1ad1a9a430cccd9c5b2c9eed86a560a58524d61382973ad363d3e8b2cd8db449.jpg,healthy
/content/drive/My Drive/Colab Notebooks/apple_leaf_specialist/data/final/train/scab/9a45c933c60150ddede14cd7779cdd69518d2551708c1c4d9338994893816fd9.jpg,scab
/content/drive/My Drive/Colab Notebooks/apple_leaf_specialist/data/final/train/black_rot/21bb53370ccaf8eb594f3619e12875dadcafb045791199eba697af20e0bcef0e.jpg,black_rot
/content/drive/My Drive/Colab Notebooks/apple_leaf_specialist/data/final/train/healthy/7aeb13ed24f397c26c5a61765a914b13f08e669edd717ec75b8abf78f2573540.jpg,healthy
/content/drive/My Drive/Colab Notebooks/apple_leaf_specialist/data/final/train/black_rot/9a43e866f38745e8f5f6402064f4c17923072335328a3d48cf8b4713d2e1d7ef.jpg,black_rot
/content/drive/My Drive/Colab Notebooks/apple_leaf_specialist/data/final/train/black_rot/622cebaae710736aaec6f110f4f99b35af594b822dee1532b281206cae0d4d82.jpg,black_rot
/content/drive/My Drive/Colab Notebooks/apple_leaf_specialist/data/final/train/healthy/5825c016ba825cfb97333fc50a680028a2695ab065cbf5d94cef38206828822c.jpg,healthy
/content/drive/My Drive/Colab Notebooks/apple_leaf_specialist/data/final/train/healthy/564934461de4d3ce5cadd1c5c2db71107f2ba4955dc2e0b13a7dbfc1d8029e18.jpg,healthy
/content/drive/My Drive/Colab Notebooks/apple_leaf_specialist/data/final/train/healthy/63078db9901d23a1b58fc09e214f73bb2962bb9a9ff3e366184b850fc8c5cc96.jpg,healthy
/content/drive/My Drive/Colab Notebooks/apple_leaf_specialist/data/final/train/healthy/682c6b3176ee1e3d07da1f4c84bcae18b59e706d0a775af6bcae7fb7fb482cca.jpg,healthy
/content/drive/My Drive/Colab Notebooks/apple_leaf_specialist/data/final/train/healthy/8a2d6671b6eb986344b39a323c0df8853437f6fe2f4db9a218700726817de1a5.jpg,healthy
/content/drive/My Drive/Colab Notebooks/apple_leaf_specialist/data/final/train/healthy/a2a74347040b951e6564a795dfacb6685be571872a0bafadd6e2578a00dd9de9.jpg,healthy
/content/drive/My Drive/Colab Notebooks/apple_leaf_specialist/data/final/train/rust/77188dd8ed7685c2d56a01633b84347e4765ab137439dc0ddc6a45aaf05a0861.jpg,rust
/content/drive/My Drive/Colab Notebooks/apple_leaf_specialist/data/final/train/healthy/6c85f545791ceca7e084828f90bd238e655c2dca1d8697418373827f102e2973.jpg,healthy
/content/drive/My Drive/Colab Notebooks/apple_leaf_specialist/data/final/train/black_rot/ba993ce7488f00ed37c0ed0ca77cbfd2a5a4494e0076baa3fe132827c30acd1c.jpg,black_rot
/content/drive/My Drive/Colab Notebooks/apple_leaf_specialist/data/final/train/healthy/2cd25d525ba589d7d03e8087802ed6afd749d4bebc3974701c3fa69b3e26104c.jpg,healthy
/content/drive/My Drive/Colab Notebooks/apple_leaf_specialist/data/final/train/healthy/3ec1205a5e7cf5c54eb23d96dd7ac260c1cba938ba7bbc7283a10defffdde38d.jpg,healthy
/content/drive/My Drive/Colab Notebooks/apple_leaf_specialist/data/final/train/rust/c16a04bc12b566f4cfbc258a47442f4eb785ba8c510671ba1d8452cf0565597a.jpg,rust
/content/drive/My Drive/Colab Notebooks/apple_leaf_specialist/data/final/train/black_rot/2caa9e521b41ef6dd26a453b56ac9c69a79ba66ae65b807e6d56b60befaeeec1.jpg,black_rot
/content/drive/My Drive/Colab Notebooks/apple_leaf_specialist/data/final/train/healthy/cca82965a6e2b394b8a697807270818cbf2407ccc287ee8ee35311ee71102b64.jpg,healthy
/content/drive/My Drive/Colab Notebooks/apple_leaf_specialist/data/final/train/black_rot/a14d25d89977b65034fcbeaddeed11aa1e566c170e13c27108c7ce6f3035d5db.jpg,black_rot
/content/drive/My Drive/Colab Notebooks/apple_leaf_specialist/data/final/train/rust/d0efa12951f8c44241d846493346f591616b02c2e9579550164b0776bfe5a19f.jpg,rust
/content/drive/My Drive/Colab Notebooks/apple_leaf_specialist/data/final/train/healthy/c5568f613762db4396b7fe7c2160721c7577a1fcca040a19aacbc29b33336aaa.jpg,healthy
/content/drive/My Drive/Colab Notebooks/apple_leaf_specialist/data/final/train/scab/8c6ee79a82f15dc0e7dd61de163c6b1ecd3b338907afe58f459238295887cf76.jpg,scab
/content/drive/My Drive/Colab Notebooks/apple_leaf_specialist/data/final/train/healthy/9ab6356ffad30a5441b524b07529ddecd84f642c740a31d3aeaff4583a2d3e84.jpg,healthy
/content/drive/My Drive/Colab Notebooks/apple_leaf_specialist/data/final/train/healthy/506b290b940104f37f6a7d0d76c1ead31620b6ed6cb7f66bd1dd947eacd60e11.jpg,healthy
/content/drive/My Drive/Colab Notebooks/apple_leaf_specialist/data/final/train/healthy/86cf24f14de5fcba7cce0dd9452ef6734cae62baf3fafc194933a67220a24c57.jpg,healthy
/content/drive/My Drive/Colab Notebooks/apple_leaf_specialist/data/final/train/healthy/0d6cd8101bfd5fcd1088df03c8a13ccccafb5fd27c5fdb2a85c1d793323350e1.jpg,healthy
/content/drive/My Drive/Colab Notebooks/apple_leaf_specialist/data/final/train/healthy/f334ecc384d4f69d708b2f61913b7fc835f7e3fc082830fac74a7f698ebad54e.jpg,healthy
/content/drive/My Drive/Colab Notebooks/apple_leaf_specialist/data/final/train/healthy/18915280e665a26afb59817eca1e7049defe5263449dba41d73c6e06be317d3a.jpg,healthy
/content/drive/My Drive/Colab Notebooks/apple_leaf_specialist/data/final/train/healthy/7bd3f74f979cfac0294810bca9a940dd8ed3b7331c48292b24266a7bcfc9d0f4.jpg,healthy
/content/drive/My Drive/Colab Notebooks/apple_leaf_specialist/data/final/train/healthy/d49ce787d3cfd5e811ac6149543cd8f57da85b111429764fd485a0ae9a7cabf7.jpg,healthy
/content/drive/My Drive/Colab Notebooks/apple_leaf_specialist/data/final/train/healthy/74b056a52a33eefe43d553ecfadabc688de65eef0a02c149cb86e06e5bd3b7b1.jpg,healthy
/content/drive/My Drive/Colab Notebooks/apple_leaf_specialist/data/final/train/black_rot/e5cbc71b16529ce5857e1cee9976dbd548e1451bc4a11bd6041b0bd5163c211b.jpg,black_rot
/content/drive/My Drive/Colab Notebooks/apple_leaf_specialist/data/final/train/scab/894de46df8d5f414077ce1ab1987a9804f2edba456baa915cd443712a25b23ac.jpg,scab
/content/drive/My Drive/Colab Notebooks/apple_leaf_specialist/data/final/train/healthy/4e8b012b623fa42fdfd3c0d2c003039a5f7ffd2780c9b34a1e0d2375800177e9.jpg,healthy
/content/drive/My Drive/Colab Notebooks/apple_leaf_specialist/data/final/train/scab/f528ad6686480baa1ff9e5df29091850856782020b76d45800d59fc3eac7addb.jpg,scab
/content/drive/My Drive/Colab Notebooks/apple_leaf_specialist/data/final/train/healthy/ad1736af6cb7074573714c17cb310ee0faa8c69198352c77716d63483bad2cf9.jpg,healthy
/content/drive/My Drive/Colab Notebooks/apple_leaf_specialist/data/final/train/healthy/13089dd7e0551500b5bc2c61b611357303da5947b4c88781f0b5697ff95ffd83.jpg,healthy
/content/drive/My Drive/Colab Notebooks/apple_leaf_specialist/data/final/train/black_rot/8d30ce008f4dbd069b1955572168a8086630027d0b5aed01b36ad8cec5b7a3b0.jpg,black_rot
/content/drive/My Drive/Colab Notebooks/apple_leaf_specialist/data/final/train/healthy/06b2c26efdf38be6f70714fd65101c3db98ad534d5618bef0eaaea0b4d8a8011.jpg,healthy
/content/drive/My Drive/Colab Notebooks/apple_leaf_specialist/data/final/train/black_rot/389b4be177d78a748bd184f0ece234746531ad1e6a193177b93f8d256fc63de4.jpg,black_rot
/content/drive/My Drive/Colab Notebooks/apple_leaf_specialist/data/final/train/black_rot/d0d8a38368a0e0bda477979783d91a7170a50d546a338de01ee03c8ee124fdde.jpg,black_rot
/content/drive/My Drive/Colab Notebooks/apple_leaf_specialist/data/final/train/healthy/58d99a7a4995fd5991957382d5fe117fb681bc6c8b9573151be01a9eaf9268c3.jpg,healthy
/content/drive/My Drive/Colab Notebooks/apple_leaf_specialist/data/final/train/healthy/b672c884924456c4ce412e0b9cca3fc7da5de4c2ba377c11fd117ee64b964438.jpg,healthy
/content/drive/My Drive/Colab Notebooks/apple_leaf_specialist/data/final/train/healthy/369e6400025fde45790b7e2e1077c6dc416d1dfd72572ee24fac5090784ff52b.jpg,healthy
/content/drive/My Drive/Colab Notebooks/apple_leaf_specialist/data/final/train/healthy/63d1ef9d4a0dcf2136ae48fe16ce940112cf5e5ab754e7de3ff026365a5d8cb2.jpg,healthy
/content/drive/My Drive/Colab Notebooks/apple_leaf_specialist/data/final/train/healthy/5a269fed8b559045ead8d6bbc3f978fb5d12fccab8d2e688d2a1e038b9beaa9d.jpg,healthy
/content/drive/My Drive/Colab Notebooks/apple_leaf_specialist/data/final/train/healthy/6d0d3e59f3247e1cb57310ab29336449f9f1d456ad445069434cd2ed5998afcb.jpg,healthy
/content/drive/My Drive/Colab Notebooks/apple_leaf_specialist/data/final/train/healthy/6663cf6edfe5e7ab31775d6981d510eab0678d746b50084220f5d2e4c96016f3.jpg,healthy
/content/drive/My Drive/Colab Notebooks/apple_leaf_specialist/data/final/train/healthy/bbfd0b3c1b68e28ec87e6d10f16c9d890b51ee478df1c91ea94dd7d89f41737d.jpg,healthy
/content/drive/My Drive/Colab Notebooks/apple_leaf_specialist/data/final/train/rust/bf21d82a371bdf575419825f02af596a967c703278b267ee81a5b63515d0909c.jpg,rust
/content/drive/My Drive/Colab Notebooks/apple_leaf_specialist/data/final/train/scab/1ae7393980d449648cc75348d39cf5b307c0af351bce140a8a40bf963e5aa3eb.jpg,scab
/content/drive/My Drive/Colab Notebooks/apple_leaf_specialist/data/final/train/healthy/d23d358b56c802d244ab397c3600a14d75430669d41374ecc293a53d95b51b19.jpg,healthy
/content/drive/My Drive/Colab Notebooks/apple_leaf_specialist/data/final/train/healthy/9b1fd93063eb527e16b047126b619f9f9f3aaa3ac66029b3eeede080fea53f67.jpg,healthy
/content/drive/My Drive/Colab Notebooks/apple_leaf_specialist/data/final/train/black_rot/b5e79f2dcb4a91ed1b3ca2545968bb01f3fd56c3c34e3220fa19b0f9e0f35c2e.jpg,black_rot
/content/drive/My Drive/Colab Notebooks/apple_leaf_specialist/data/final/train/black_rot/3a7fbcdb77b23c70d9eda26085726bd19e46a4b8bfaaf7f22d60dd6efd34151c.jpg,black_rot
/content/drive/My Drive/Colab Notebooks/apple_leaf_specialist/data/final/train/black_rot/762a200dc396189846231eea90f804fc3be80eadb8bb0ba6ed88f242353fb1b3.jpg,black_rot
/content/drive/My Drive/Colab Notebooks/apple_leaf_specialist/data/final/train/scab/e10cb89f37ae3cf510df1600d8b396af8b4883a08581c2f49c58660f46d6e1df.jpg,scab
/content/drive/My Drive/Colab Notebooks/apple_leaf_specialist/data/final/train/healthy/73d4ed11511630e89d755fcc68dba07852bc9cef1226e83c0a4a477486651275.jpg,healthy
/content/drive/My Drive/Colab Notebooks/apple_leaf_specialist/data/final/train/healthy/847e4a034e714f2f7082ddb2feeb9a33c6dd9cf3713780563f22732230e5ec50.jpg,healthy
/content/drive/My Drive/Colab Notebooks/apple_leaf_specialist/data/final/train/healthy/592b743823db0cff889f5e10406b620a98655b7550d706708dd5f7199d47fe7c.jpg,healthy
/content/drive/My Drive/Colab Notebooks/apple_leaf_specialist/data/final/train/scab/bc9b8ccf7b52e0ba99bcd7776c303da5bf01947f67c129260cfdf8c225a0f2c2.jpg,scab
/content/drive/My Drive/Colab Notebooks/apple_leaf_specialist/data/final/train/healthy/7da52eb82c7e0dace3cbfe5aa188a51809814ee29ce08c9a18132291f6631516.jpg,healthy
/content/drive/My Drive/Colab Notebooks/apple_leaf_specialist/data/final/train/scab/4f6f5a6c974d11ba60653665b98b4e3b7d804c072046ce08eedde9b525768b01.jpg,scab
/content/drive/My Drive/Colab Notebooks/apple_leaf_specialist/data/final/train/healthy/c9f7698f9d5c7542238018092a466c445e528e05f927c32f5f4c21f5c4336450.jpg,healthy
/content/drive/My Drive/Colab Notebooks/apple_leaf_specialist/data/final/train/black_rot/3dee107231f2b8110c1395416925f3556b10bfe5d27fbe0ee59976ebcf6e7378.jpg,black_rot
/content/drive/My Drive/Colab Notebooks/apple_leaf_specialist/data/final/train/scab/c421bab53dc29a56aaf67b0bcc91fed39a9c41410943930138427d9dc95d4963.jpg,scab
/content/drive/My Drive/Colab Notebooks/apple_leaf_specialist/data/final/train/scab/64aebf9b7627f08278b2e0e3771fded8ebb5b1b87f7a60fd9cd6b8aa1b488559.jpg,scab
/content/drive/My Drive/Colab Notebooks/apple_leaf_specialist/data/final/train/black_rot/4beb4361af78b91f8c85baf0336c4b30612cbebe330d8dfa20ceda9a1d822ae5.jpg,black_rot
/content/drive/My Drive/Colab Notebooks/apple_leaf_specialist/data/final/train/healthy/cffac4d5549a668c5f78a0fa94cf0a9c05faceba10a7ab7124e8277e1ba60639.jpg,healthy
/content/drive/My Drive/Colab Notebooks/apple_leaf_specialist/data/final/train/scab/4cf1ec2f50cd4470a79fe2e6a0ee9e5e32c2a88342a92f0f6c6eaad2b40728ed.jpg,scab
/content/drive/My Drive/Colab Notebooks/apple_leaf_specialist/data/final/train/healthy/d3181d6a40b22a921350c52ef20a68043742fec1bc325cf6e4953f2e6aa155b9.jpg,healthy
/content/drive/My Drive/Colab Notebooks/apple_leaf_specialist/data/final/train/healthy/dee3503d34ad733c3480b9b350c8a7aa1e91f48dcc23240dc3b193de582fcb37.jpg,healthy
/content/drive/My Drive/Colab Notebooks/apple_leaf_specialist/data/final/train/black_rot/cab8ee2ab4ba6467d033c8239c4aafa8477d7386e824de5d0e0e0d16b9d83b3d.jpg,black_rot
/content/drive/My Drive/Colab Notebooks/apple_leaf_specialist/data/final/train/black_rot/2df30f0ffced4df5429df24c5208a8f1087dce5cd6d9aafe76bbf0ecb9fc25ab.jpg,black_rot
/content/drive/My Drive/Colab Notebooks/apple_leaf_specialist/data/final/train/healthy/494e9f07abb7791d33c8b9ee8bb3d45a45d560588012fc7a601779c871281360.jpg,healthy
/content/drive/My Drive/Colab Notebooks/apple_leaf_specialist/data/final/train/rust/39506b40eae4ef5aa989fcf7f08fb807ad9eab6b1955ada7f16c60e8bb03b9f7.jpg,rust
/content/drive/My Drive/Colab Notebooks/apple_leaf_specialist/data/final/train/scab/fabd46bb0d051ad5e0d02968b23a7460bb03e0c219b90d7f24f101c320c68508.jpg,scab
/content/drive/My Drive/Colab Notebooks/apple_leaf_specialist/data/final/train/black_rot/a9974199b2aa2c4b4ae91a7a8268a8230d02de2202d7162c1cd3625a0de276e6.jpg,black_rot
/content/drive/My Drive/Colab Notebooks/apple_leaf_specialist/data/final/train/healthy/c5bb4ee309fcbf478c8811ec3f44fddab2e8d484dd19f3b8ea10e8aacf444188.jpg,healthy
/content/drive/My Drive/Colab Notebooks/apple_leaf_specialist/data/final/train/black_rot/0cdafef9f06a2cca9d20f018da1848e85f5b79b93392ead18ccf47de5d727148.jpg,black_rot
/content/drive/My Drive/Colab Notebooks/apple_leaf_specialist/data/final/train/healthy/0befddeb9d4ba3d0749a75c809ba54f407eda46d30e89609e6bf355ecdd30eca.jpg,healthy
/content/drive/My Drive/Colab Notebooks/apple_leaf_specialist/data/final/train/scab/f4176e2c8e0cbd060b6b3510d3df62c56b907576a3b4a4b4b72a50da7255d80d.jpg,scab
/content/drive/My Drive/Colab Notebooks/apple_leaf_specialist/data/final/train/healthy/14ec388b970f791232d491f08d39feff2b5e84409cf99e986e170ca12fa913f2.jpg,healthy
/content/drive/My Drive/Colab Notebooks/apple_leaf_specialist/data/final/train/black_rot/25d643f46e713d523796c9cce200d5ee03075408b46faf091d9747ad40e641c7.jpg,black_rot
/content/drive/My Drive/Colab Notebooks/apple_leaf_specialist/data/final/train/healthy/166b45ed97d2e7faa35dd8592538420eba79ff0d714dd792961f8da9ebacd29c.jpg,healthy
/content/drive/My Drive/Colab Notebooks/apple_leaf_specialist/data/final/train/healthy/3ba66acd12c9477c17ebd4e4e916c5407b61c90be42ba4fe19263c21a9d0269a.jpg,healthy
/content/drive/My Drive/Colab Notebooks/apple_leaf_specialist/data/final/train/black_rot/ff0b1b8713c49b1172ec106a875c9488a39b345a900fbf42e2dfef2cf425b05d.jpg,black_rot
/content/drive/My Drive/Colab Notebooks/apple_leaf_specialist/data/final/train/rust/26d8c1f2f32a1d18e14bf459d8f2541774d1906a0f72d8884fddac630de08cd6.jpg,rust
/content/drive/My Drive/Colab Notebooks/apple_leaf_specialist/data/final/train/healthy/c032388e56e7b87e53817219738e049f491537d5fda53c1b4d68beeeb4991df2.jpg,healthy
/content/drive/My Drive/Colab Notebooks/apple_leaf_specialist/data/final/train/scab/ab0361d5aa4d080d37e0883e15abb68777dd3c31b3379cf2aaff36bd93479e9c.jpg,scab
/content/drive/My Drive/Colab Notebooks/apple_leaf_specialist/data/final/train/scab/43c137a7592e846e5392a15eb16b63e81f02b01df9169c7f7891a44fb654a5f0.jpg,scab
/content/drive/My Drive/Colab Notebooks/apple_leaf_specialist/data/final/train/healthy/43b68313cf81cd3a72e0609decd3ba9e792d31baaa47ce68a96836ca61fdbc03.jpg,healthy
/content/drive/My Drive/Colab Notebooks/apple_leaf_specialist/data/final/train/healthy/20d21448d7e7414a0f38f128a70f056fe8f71d1b429f4cb58d58c78fa8860eec.jpg,healthy
/content/drive/My Drive/Colab Notebooks/apple_leaf_specialist/data/final/train/black_rot/6bea9e1a80f20331548c62898c708276b20aa4f2a87c854b5606bdcce3abf823.jpg,black_rot
/content/drive/My Drive/Colab Notebooks/apple_leaf_specialist/data/final/train/healthy/d6231086921a3767eebffdcf5aff8a06fa2a4e85451d7df4b990d1eef877bdf6.jpg,healthy
/content/drive/My Drive/Colab Notebooks/apple_leaf_specialist/data/final/train/black_rot/18aa6dbc439b0d74f3ff75589ade6c070775f9702f72cd7f7253b56ea96289be.jpg,black_rot
/content/drive/My Drive/Colab Notebooks/apple_leaf_specialist/data/final/train/rust/62222edaab216165f018cf8064bdc3550ee6bb167f37b604a1cea2bbbefa9143.jpg,rust
/content/drive/My Drive/Colab Notebooks/apple_leaf_specialist/data/final/train/scab/82eb5544ce2b75dd34b65bd6b9591d8bef0cb35f825043b2464d1e9e8bacaa2d.jpg,scab
/content/drive/My Drive/Colab Notebooks/apple_leaf_specialist/data/final/train/scab/470fbff44c71a03f2969148661f29af49bb5e70ced31758d6de4e8c55624ef4d.jpg,scab
/content/drive/My Drive/Colab Notebooks/apple_leaf_specialist/data/final/train/scab/5d24e23f1291c0b5803f8c0d37367600a385730f11e1cb279730cc43522dae33.jpg,scab
/content/drive/My Drive/Colab Notebooks/apple_leaf_specialist/data/final/train/black_rot/d6c4baa254d29da8b152122ac25c9e8fb8b86e080d315eec37c46e5c3f46b4c2.jpg,black_rot
/content/drive/My Drive/Colab Notebooks/apple_leaf_specialist/data/final/train/scab/c0a3aa6b7c659295dea4e04c41a012684b918989e08391920d17add53d4a3ee9.jpg,scab
/content/drive/My Drive/Colab Notebooks/apple_leaf_specialist/data/final/train/healthy/dfb33169fd4837c17eafe6cfdae3edf02710e3c6cdb7861f3a494cb0a5bfda3e.jpg,healthy
/content/drive/My Drive/Colab Notebooks/apple_leaf_specialist/data/final/train/healthy/64eb1e441a8672dc270a4851cc01396afefd646a4534ffec73350495ee17d42c.jpg,healthy
/content/drive/My Drive/Colab Notebooks/apple_leaf_specialist/data/final/train/scab/a1a9540c68af1e2cd57fce42e3b3ec32b47a46c8f5e5de0557517ea6e7125945.jpg,scab
/content/drive/My Drive/Colab Notebooks/apple_leaf_specialist/data/final/train/healthy/da906d545fad917a0f8cddbc186378916a190f005503720931f039098a46b3d0.jpg,healthy
/content/drive/My Drive/Colab Notebooks/apple_leaf_specialist/data/final/train/black_rot/fe70b73c7f63b154191e25afea6c7d1a376cb20875d398b73e6d432608ec8ee7.jpg,black_rot
/content/drive/My Drive/Colab Notebooks/apple_leaf_specialist/data/final/train/healthy/66e679d0a567a14549dfe6a1f23bf69827c1e810669513a72fa9d4c83c35eb82.jpg,healthy
/content/drive/My Drive/Colab Notebooks/apple_leaf_specialist/data/final/train/scab/04fa9e15115d7b35d14240d732b73f1c7fa6450551bd3bd6d283a11635fa4934.jpg,scab
/content/drive/My Drive/Colab Notebooks/apple_leaf_specialist/data/final/train/rust/59eed9b0650b5b59705b658c202349e1ca83e085918605cc7309604ca7a40223.jpg,rust
/content/drive/My Drive/Colab Notebooks/apple_leaf_specialist/data/final/train/black_rot/52804e1c269f0480082b888ed0c757f435f1d9a94f74e5fba86f3b69604d21af.jpg,black_rot
/content/drive/My Drive/Colab Notebooks/apple_leaf_specialist/data/final/train/scab/6594072addf14a7990592d4f08bf123eef62e3ecb24d3163f8460bb41b461dc6.jpg,scab
/content/drive/My Drive/Colab Notebooks/apple_leaf_specialist/data/final/train/black_rot/0fd3160a2f39d326ddc5b911528446225a8eda2659b3dd8cf44b40617757108d.jpg,black_rot
/content/drive/My Drive/Colab Notebooks/apple_leaf_specialist/data/final/train/black_rot/59ef38531f2026f9cee2ba231c445d0f0eb3822d261d159a8c3b9509bbfd9d72.jpg,black_rot
/content/drive/My Drive/Colab Notebooks/apple_leaf_specialist/data/final/train/healthy/3c071eac4cc394071ef03c75693f22c4ae181f038cd4708450947c2cb10788ec.jpg,healthy
/content/drive/My Drive/Colab Notebooks/apple_leaf_specialist/data/final/train/scab/018617b9c1ba531b73770d8e195f2c97c3572d787451da7947c920b362a79a95.jpg,scab
/content/drive/My Drive/Colab Notebooks/apple_leaf_specialist/data/final/train/healthy/e129e63b2088086246a9ddba209f016fafe66c61de93f4db7ed48c58eb2a0de3.jpg,healthy
/content/drive/My Drive/Colab Notebooks/apple_leaf_specialist/data/final/train/black_rot/81e6139e61375e684dba17c2f4967215dbe369f19a7c02bf03352cea0960a32e.jpg,black_rot
/content/drive/My Drive/Colab Notebooks/apple_leaf_specialist/data/final/train/scab/3af0775669e9b6273632a0bb264ca525bac305e7b068ffe6e16933ce1b29fa87.jpg,scab
/content/drive/My Drive/Colab Notebooks/apple_leaf_specialist/data/final/train/healthy/5a7722d267f11e1701408c592f26d8d6818df9236b4ff3518af580eb08946f3a.jpg,healthy
/content/drive/My Drive/Colab Notebooks/apple_leaf_specialist/data/final/train/scab/a1620ddec2cc60787f6f334c34151bf6f213b4348a2b7155d84dda7b19af8bee.jpg,scab
/content/drive/My Drive/Colab Notebooks/apple_leaf_specialist/data/final/train/healthy/b0feecdf800b2494b2f09ad0d4b6a22e0ed4036ec244499bbda64c0094bd0df8.jpg,healthy
/content/drive/My Drive/Colab Notebooks/apple_leaf_specialist/data/final/train/healthy/5833844ac9630c0029a45e589474353e5dc62ed0c137a57c9811253efe5f2bcb.jpg,healthy
/content/drive/My Drive/Colab Notebooks/apple_leaf_specialist/data/final/train/healthy/c06e43ea3490f9966ff5e54df2fd0045ecf189982784abf20d94473064b76ada.jpg,healthy
/content/drive/My Drive/Colab Notebooks/apple_leaf_specialist/data/final/train/healthy/15e008079fe304a079c57b15d1e21785dd642081c76513b5901f399c46df767c.jpg,healthy
/content/drive/My Drive/Colab Notebooks/apple_leaf_specialist/data/final/train/scab/64ab1b4af73b28ead14c8f66c202dd46c3a88a7ff94124b896efab837f9d43de.jpg,scab
/content/drive/My Drive/Colab Notebooks/apple_leaf_specialist/data/final/train/healthy/b6f72e69489a48aacb5eeb7b68967b04bbcf242f091a5e26ad2eeea9293f7722.jpg,healthy
/content/drive/My Drive/Colab Notebooks/apple_leaf_specialist/data/final/train/healthy/13bd25e044672e2998c22f90eaf923ab68d5d028b287e8c564a41f27120ed766.jpg,healthy
/content/drive/My Drive/Colab Notebooks/apple_leaf_specialist/data/final/train/black_rot/3595a001c527db7c82f94de09bac217d76db57232dbd0d308a445ac2e0c992e5.jpg,black_rot
/content/drive/My Drive/Colab Notebooks/apple_leaf_specialist/data/final/train/healthy/042b045f68da0a5ed8e1e3816ac22922d50b26c7ddae5ab0688fb2cbe019c1b8.jpg,healthy
/content/drive/My Drive/Colab Notebooks/apple_leaf_specialist/data/final/train/healthy/eec8589064172815d3dc6f57759f6624099d693d075e5e53c2444c6ba4ec1a8d.jpg,healthy
/content/drive/My Drive/Colab Notebooks/apple_leaf_specialist/data/final/train/scab/6c598ab513d747e00aa72fbd98aa73e9f3f2de7517dcd622cf829d938fbe97f0.jpg,scab
/content/drive/My Drive/Colab Notebooks/apple_leaf_specialist/data/final/train/healthy/6e86c52973929a828332e8c17a952e08555a3f292d3ca59bfd91ff597e0049ae.jpg,healthy
/content/drive/My Drive/Colab Notebooks/apple_leaf_specialist/data/final/train/healthy/8151353932d5872208fd394b19829c2be27c1b9e0f5d28f377d975cd0955bf8e.jpg,healthy
/content/drive/My Drive/Colab Notebooks/apple_leaf_specialist/data/final/train/black_rot/cab25ec746d759c9b5f0e467f14928b8d1b9773692d30c65462a514abdc2924b.jpg,black_rot
/content/drive/My Drive/Colab Notebooks/apple_leaf_specialist/data/final/train/rust/5a7284bf7ccee57b1980a94e2a88c127cddab9254b26cd39ff11d673a5e9205c.jpg,rust
/content/drive/My Drive/Colab Notebooks/apple_leaf_specialist/data/final/train/healthy/2dae4f134fbecd45d56fe5f1c7672f274181fea4e53d375b4e81c8d870f77880.jpg,healthy
/content/drive/My Drive/Colab Notebooks/apple_leaf_specialist/data/final/train/black_rot/3bde23a4e603f6f545460cc1b4da87dc23b99e528d899c5f4eb81c3adc9b6d21.jpg,black_rot
/content/drive/My Drive/Colab Notebooks/apple_leaf_specialist/data/final/train/healthy/8a95bfaebecd787144b115015723270ba1536084816f2e4b0aafd6fe338d4a34.jpg,healthy
/content/drive/My Drive/Colab Notebooks/apple_leaf_specialist/data/final/train/healthy/2c02cddf9fdf2eb1bf99ccbbcfb0ace699acf1ddb5a5d3c71a76db86582adfc8.jpg,healthy
/content/drive/My Drive/Colab Notebooks/apple_leaf_specialist/data/final/train/healthy/35b02bdf034303791054ac56eeaaf0d9016b0d42c593d4939f8cb41d90916ba2.jpg,healthy
/content/drive/My Drive/Colab Notebooks/apple_leaf_specialist/data/final/train/healthy/d292ad0391f3bffee26047cae65ea06cc5f19b16f20fd5e4df156a8ee4d5f0b6.jpg,healthy
/content/drive/My Drive/Colab Notebooks/apple_leaf_specialist/data/final/train/black_rot/e7ec361403a4f8e4295fdf71c485eeb7deed5e4147c01f85fcffeec0b15871d1.jpg,black_rot
/content/drive/My Drive/Colab Notebooks/apple_leaf_specialist/data/final/train/black_rot/871379de5454eaac8f83d9d5957a9a5b4a942d968daeab86691d150811af39ac.jpg,black_rot
/content/drive/My Drive/Colab Notebooks/apple_leaf_specialist/data/final/train/healthy/7d236ea471c731f75993abba60d1e0bd491da73bb12d77ab0df313847492a1db.jpg,healthy
/content/drive/My Drive/Colab Notebooks/apple_leaf_specialist/data/final/train/healthy/995f428d24ca03cc8fd7eefa0b134749dac7192578c7c77db4544bc427db34fe.jpg,healthy
/content/drive/My Drive/Colab Notebooks/apple_leaf_specialist/data/final/train/healthy/7c7d6f9481e13607e55997daaef575907f5a267c11aa1a177778fbfb1328911e.jpg,healthy
/content/drive/My Drive/Colab Notebooks/apple_leaf_specialist/data/final/train/healthy/a6bfcebef0b9c71a89350bd109ad3b01ab6d69b9c81f821dd48977849cdf45a7.jpg,healthy
/content/drive/My Drive/Colab Notebooks/apple_leaf_specialist/data/final/train/black_rot/afe0b9569fc9119385dc32689d4698dc1b07b22d6a6052f1801dd85c124602e6.jpg,black_rot
/content/drive/My Drive/Colab Notebooks/apple_leaf_specialist/data/final/train/black_rot/ab0b7588e3a97d0cefde967131d54dbf608af08243059281e711f01905271e34.jpg,black_rot
/content/drive/My Drive/Colab Notebooks/apple_leaf_specialist/data/final/train/scab/bc5747c6a6ab86c21d531efe3a0dacd182ce790917d0272a43a588b2632249c0.jpg,scab
/content/drive/My Drive/Colab Notebooks/apple_leaf_specialist/data/final/train/rust/6c9dd2a230dda68e31eeec402d1c4ed6f2eb3034c636927a0b2a046f4c771a75.jpg,rust
/content/drive/My Drive/Colab Notebooks/apple_leaf_specialist/data/final/train/healthy/dafdf2b398a157b2122ba4a2bc1266321381271ec452ebe2123dce18c4b0cb63.jpg,healthy
/content/drive/My Drive/Colab Notebooks/apple_leaf_specialist/data/final/train/black_rot/8114586d28d29bd4b65b2a1a7c6de4c5725e4f8d1ac98c2745177b7ded15916a.jpg,black_rot
/content/drive/My Drive/Colab Notebooks/apple_leaf_specialist/data/final/train/healthy/a203520cac0c9cee3055288fc63199a40d0234dd644749b6b7de45f2489ec196.jpg,healthy
/content/drive/My Drive/Colab Notebooks/apple_leaf_specialist/data/final/train/black_rot/ddad099e3636025df616672e120854bf7b6747e8f674c3c72c162a68ea80dea8.jpg,black_rot
/content/drive/My Drive/Colab Notebooks/apple_leaf_specialist/data/final/train/scab/804bc262c884effb01bf6a8420dd53d98576f66595e28fbb205fbe88f6799edb.jpg,scab
/content/drive/My Drive/Colab Notebooks/apple_leaf_specialist/data/final/train/healthy/0b36cc63bc49b1d8dafb2240834d36cb365890c3ab62a7065a16b2afb08173e1.jpg,healthy
/content/drive/My Drive/Colab Notebooks/apple_leaf_specialist/data/final/train/scab/715777eedcfcf59496168c581c957b50cff22464259978dafae4a8c1f74cf5c7.jpg,scab
/content/drive/My Drive/Colab Notebooks/apple_leaf_specialist/data/final/train/scab/4b60d12ea889f27b5971b956f1beeaf455848bc8b30288540f49b029f4874873.jpg,scab
/content/drive/My Drive/Colab Notebooks/apple_leaf_specialist/data/final/train/scab/1f7d145e56137a3323f551d989c187977104e4ad146dc33250b2d510dd30fe89.jpg,scab
/content/drive/My Drive/Colab Notebooks/apple_leaf_specialist/data/final/train/healthy/cf4724c466eb8fd85cb4bdb0220cd798b35f892ec1a425c47674112ff79d10fb.jpg,healthy
/content/drive/My Drive/Colab Notebooks/apple_leaf_specialist/data/final/train/healthy/cef33d618d24dc238d7ce7599b3174d24a82d0948ee1b7f3c650ce6415f7c0d2.jpg,healthy
/content/drive/My Drive/Colab Notebooks/apple_leaf_specialist/data/final/train/healthy/a1c5ea9a78f54b2e3acc0c465221aaac9ac7f982a9f396e314a2d55e56310bb1.jpg,healthy
/content/drive/My Drive/Colab Notebooks/apple_leaf_specialist/data/final/train/black_rot/aaebc3c4a108553f9fbd2af014954b81c800c75b8ce95ab4e6e1ae360c9918a2.jpg,black_rot
/content/drive/My Drive/Colab Notebooks/apple_leaf_specialist/data/final/train/healthy/4d0d859ac4063ed1b395ab01a816307e1e28a3f48739702a87b83d5f6cdf91cf.jpg,healthy
/content/drive/My Drive/Colab Notebooks/apple_leaf_specialist/data/final/train/scab/8ab9c72d9daa461d65ed3c5e317068af3cf0b92929cb088c922fd92bba918f10.jpg,scab
/content/drive/My Drive/Colab Notebooks/apple_leaf_specialist/data/final/train/healthy/5b19620b820d8e7a069d64db672d67b292cb1cc2248e7d7d388ec1e09cb10a5e.jpg,healthy
/content/drive/My Drive/Colab Notebooks/apple_leaf_specialist/data/final/train/healthy/f1020a46ee38dca361fb1a9e7dad7ffd631724648bff3fb882137015db6578f9.jpg,healthy
/content/drive/My Drive/Colab Notebooks/apple_leaf_specialist/data/final/train/healthy/43745394eb9070503e81378b773c959dd3a6a9608334156c6ab2024b5bd1fe3a.jpg,healthy
/content/drive/My Drive/Colab Notebooks/apple_leaf_specialist/data/final/train/healthy/67c9a376aea1d1f9829a50f544219bc9b12793943e2d54751b20dd3d2c90f999.jpg,healthy
/content/drive/My Drive/Colab Notebooks/apple_leaf_specialist/data/final/train/black_rot/ca2d7a9a415cf39ab17a6af9bc6f3322741fd272cee3d7ce6ded2b27036d5270.jpg,black_rot
/content/drive/My Drive/Colab Notebooks/apple_leaf_specialist/data/final/train/scab/9daa95627d4ee550df77c9e83fbf6580a7a0b07eb995b984f7a7f3a5da1a4fd5.jpg,scab
/content/drive/My Drive/Colab Notebooks/apple_leaf_specialist/data/final/train/scab/e5c4f40d34de9d8609003f316470e8889b490f5b45fb93acd8919ab1c42649ff.jpg,scab
/content/drive/My Drive/Colab Notebooks/apple_leaf_specialist/data/final/train/black_rot/e8abf022bc0de27ac59dee88a77055fb3db1d11488f4480ae273d4905447c2f8.jpg,black_rot
/content/drive/My Drive/Colab Notebooks/apple_leaf_specialist/data/final/train/healthy/cd2a6386f74220e775e7a8535891d4f49a05a1cbc26cf2fe26cffd88552e5ce1.jpg,healthy
/content/drive/My Drive/Colab Notebooks/apple_leaf_specialist/data/final/train/black_rot/e6ba95daa53f2c482139b76f2cc1fd56841be4dedfa7b49b9fc91200dd46a15c.jpg,black_rot
/content/drive/My Drive/Colab Notebooks/apple_leaf_specialist/data/final/train/healthy/b7c25b5a12baf52cc88efa0b5483bc5455ab62c23b0969e5289d40304f101f65.jpg,healthy
/content/drive/My Drive/Colab Notebooks/apple_leaf_specialist/data/final/train/healthy/9f228f26f5f6249fa267590baf02a6771b907e93b57e98cacd521145f314c311.jpg,healthy
/content/drive/My Drive/Colab Notebooks/apple_leaf_specialist/data/final/train/black_rot/33e3818ac2a3532333942c9de5fd889f30bc2065c3347cc292f33a4660e7049d.jpg,black_rot
/content/drive/My Drive/Colab Notebooks/apple_leaf_specialist/data/final/train/scab/5917be96031edc928ea2a1c5899de99a7e99d7a9b1b13216246df6a51c1baf60.jpg,scab
/content/drive/My Drive/Colab Notebooks/apple_leaf_specialist/data/final/train/healthy/259246a8eac4f580b589293516c054998075762b69d1049aa2fd9f8c5bc65e58.jpg,healthy
/content/drive/My Drive/Colab Notebooks/apple_leaf_specialist/data/final/train/scab/00a954aefe8698a718a1efd877946bf3b2a14510108e2a119cffd74f33fea21f.jpg,scab
/content/drive/My Drive/Colab Notebooks/apple_leaf_specialist/data/final/train/healthy/c77e1a7906ea2977cbc93ca8da91c492b601ff3efb8757a6aa433a637c84bf5c.jpg,healthy
/content/drive/My Drive/Colab Notebooks/apple_leaf_specialist/data/final/train/scab/dfc88f833b8eb2e0dda9f9068f2392863c0ae8eaa925a3125acc229659baf32f.jpg,scab
/content/drive/My Drive/Colab Notebooks/apple_leaf_specialist/data/final/train/scab/378fc2ee698b481982bd0fc676eb0ac1dc8ef13147092b2c20c18d0f85df39c0.jpg,scab
/content/drive/My Drive/Colab Notebooks/apple_leaf_specialist/data/final/train/black_rot/93ab092e23a741009dbebf47e74b356d12f09be96fa4fd7a2a4c0ec453f5cd96.jpg,black_rot
/content/drive/My Drive/Colab Notebooks/apple_leaf_specialist/data/final/train/healthy/cf958b1aa1c2729897b96b6af747149786e80f52c39fdef7124f270b6ed6dd58.jpg,healthy
/content/drive/My Drive/Colab Notebooks/apple_leaf_specialist/data/final/train/scab/9ca963c0bdf3544b3bf37e55e1754137becd7eb21d2793ebd1bcb0968223be5d.jpg,scab
/content/drive/My Drive/Colab Notebooks/apple_leaf_specialist/data/final/train/healthy/ca6606f0cfd4551eb9280b90326713aca7f0546e04b846708028958c10da88b8.jpg,healthy
/content/drive/My Drive/Colab Notebooks/apple_leaf_specialist/data/final/train/healthy/32aa2fd4fdb1d80bb4c2ba669746b2a7da9f9ad509a4e65435144a90fbe1f748.jpg,healthy
/content/drive/My Drive/Colab Notebooks/apple_leaf_specialist/data/final/train/healthy/bc573815a3db0c9d3fc18c432ba7eaf0a15d449fd6ef6eaaf13d6cca2037c122.jpg,healthy
/content/drive/My Drive/Colab Notebooks/apple_leaf_specialist/data/final/train/healthy/3ef89279f2ca480972c6c17ca67dd2de12bf860ab5bacf7f830ff914cdf43113.jpg,healthy
/content/drive/My Drive/Colab Notebooks/apple_leaf_specialist/data/final/train/rust/88db0151303d630d2cc38a71c2a69a479bb7cf5ed7887016599d9e18d02925d1.jpg,rust
/content/drive/My Drive/Colab Notebooks/apple_leaf_specialist/data/final/train/scab/e7e4f3c20d806a6ccc8219a15cc80d7e460cf737e3f02ff2cb1682e202537463.jpg,scab
/content/drive/My Drive/Colab Notebooks/apple_leaf_specialist/data/final/train/healthy/975df26063a9e137e3d2255174fa166a293e5787d98c1938431f123f9658b955.jpg,healthy
/content/drive/My Drive/Colab Notebooks/apple_leaf_specialist/data/final/train/healthy/c7d6c373a8f9532db71ecd87fc62b2bf86a95e4245ea8a1baa27674330ff5ff8.jpg,healthy
/content/drive/My Drive/Colab Notebooks/apple_leaf_specialist/data/final/train/black_rot/ac440b3a25bf80a683a94888f3ec8d469a023fbc22bdb5b9cabc4e2228e5386d.jpg,black_rot
/content/drive/My Drive/Colab Notebooks/apple_leaf_specialist/data/final/train/scab/40000937e198071eff801d66e8203e3c17093c4e3fb8dde6635fcf3ae90259f4.jpg,scab
/content/drive/My Drive/Colab Notebooks/apple_leaf_specialist/data/final/train/scab/610758b4b1b03fab7ad679e5059ea07dbe459f1ea0f64bef4af85a18be92ecc5.jpg,scab
/content/drive/My Drive/Colab Notebooks/apple_leaf_specialist/data/final/train/healthy/96a0df08817958df82afc0a39c69f1cdc20551c91466f96bce6f972c4f4d52b4.jpg,healthy
/content/drive/My Drive/Colab Notebooks/apple_leaf_specialist/data/final/train/black_rot/f65e41b136cf85e6c9357fb8f6e3a405a1f5739e8b1018d88bdac6001518fd7c.jpg,black_rot
/content/drive/My Drive/Colab Notebooks/apple_leaf_specialist/data/final/train/scab/74562323d374451738f16b7157ba850b43877ac3abc76eb90e60eae8a7bcb31c.jpg,scab
/content/drive/My Drive/Colab Notebooks/apple_leaf_specialist/data/final/train/healthy/bd2316de046b5643944255ddb07e4d1311282204fb88022df89d35693d9e4001.jpg,healthy
/content/drive/My Drive/Colab Notebooks/apple_leaf_specialist/data/final/train/healthy/ee8b9a226dee1431f10ab546b32a556048231bbdd5d7ed78e803526523fc9c86.jpg,healthy
/content/drive/My Drive/Colab Notebooks/apple_leaf_specialist/data/final/train/healthy/d69a582e27673ca1db0ff17bfaa9f5cbe6d9e97c2929b7a7e7cbfff574200d02.jpg,healthy
/content/drive/My Drive/Colab Notebooks/apple_leaf_specialist/data/final/train/black_rot/d7a2fa30c3fa3d68e0b46cdc86601e4527fb8de41ab72c38a528d94f63e847f2.jpg,black_rot
/content/drive/My Drive/Colab Notebooks/apple_leaf_specialist/data/final/train/healthy/16204d62f9f2faf5c35e4947c3a8d9a11e7ca84e241c7c2e4d5d2b46b1d6a20c.jpg,healthy
/content/drive/My Drive/Colab Notebooks/apple_leaf_specialist/data/final/train/scab/3f7585b82d5d506de3fb6c574df19726fc14598017b9107a3ce534abf5758536.jpg,scab
/content/drive/My Drive/Colab Notebooks/apple_leaf_specialist/data/final/train/scab/f3e19b8bb3ea6802380deded6356d1adb496fc50a6e24bc004e6c2612c1771cc.jpg,scab
/content/drive/My Drive/Colab Notebooks/apple_leaf_specialist/data/final/train/rust/19027548542bc844c61e124a4be6bf975d2c99dc7fe7150ded02e663826f5284.jpg,rust
/content/drive/My Drive/Colab Notebooks/apple_leaf_specialist/data/final/train/healthy/616386f20be398f73b4cf52504a35c0309dba2610362473e058c0fccf067e67f.jpg,healthy
/content/drive/My Drive/Colab Notebooks/apple_leaf_specialist/data/final/train/scab/769f2eb7fadc3e9aac1efead32eabcfcf98b944f2a171b847b00ddfad50429f8.jpg,scab
/content/drive/My Drive/Colab Notebooks/apple_leaf_specialist/data/final/train/healthy/039610aadf054956d92c43da1c9f9839d342bc6e10fad2016bdc447c7e1f8c7b.jpg,healthy
/content/drive/My Drive/Colab Notebooks/apple_leaf_specialist/data/final/train/healthy/3ee1fd97c886dac75c44647acaf54108e8a4438fe3d74a96ee99258ecb329431.jpg,healthy
/content/drive/My Drive/Colab Notebooks/apple_leaf_specialist/data/final/train/scab/d810a066f1efc24668694e458d81f75b03c9a774ff0f297e5225380a9e6c1577.jpg,scab
/content/drive/My Drive/Colab Notebooks/apple_leaf_specialist/data/final/train/healthy/199d6dbf086a66e6ff236d70a26588e0cd39fc83722f36cf70c47d457eeca30e.jpg,healthy
/content/drive/My Drive/Colab Notebooks/apple_leaf_specialist/data/final/train/healthy/209962b03ec363d6e3f923de11546471b1b39e80b0cfb83c0801f0d4cfe73f45.jpg,healthy
/content/drive/My Drive/Colab Notebooks/apple_leaf_specialist/data/final/train/scab/687a8dac1943b5cc9e27528fb725bbf951c1125fae4caf35520e8e448a6a975c.jpg,scab
/content/drive/My Drive/Colab Notebooks/apple_leaf_specialist/data/final/train/healthy/beb086a58a2a6fc73251cde1479bd1bd12f50b5e07c5da3e194ef95aecebe811.jpg,healthy
/content/drive/My Drive/Colab Notebooks/apple_leaf_specialist/data/final/train/black_rot/d0b38cb49cbe53ed91b79fa5a6c5d38d862a88cc48f9660915661346d1c28c9e.jpg,black_rot
/content/drive/My Drive/Colab Notebooks/apple_leaf_specialist/data/final/train/healthy/7a6c4c1c9dc925bd919090e73b75454630d87084a15447f2b23b523f16d138e9.jpg,healthy
/content/drive/My Drive/Colab Notebooks/apple_leaf_specialist/data/final/train/healthy/d9e870f242d0c44c0c2249da05d1af993427db5c3f0c35ab1daf990c5a0fccac.jpg,healthy
/content/drive/My Drive/Colab Notebooks/apple_leaf_specialist/data/final/train/rust/7f296d0ad18a799b8e620f999296e950be8352818822e478943cf4174c3f74a1.jpg,rust
/content/drive/My Drive/Colab Notebooks/apple_leaf_specialist/data/final/train/healthy/57477f3a1d8fd5a11d74e0f28ee941cbf9d41e0d051feaf0be73a898e663c6b2.jpg,healthy
/content/drive/My Drive/Colab Notebooks/apple_leaf_specialist/data/final/train/healthy/c80c755777b35f3934bcef1451fce19f2896534aed6579d770ba0fc674d211a9.jpg,healthy
/content/drive/My Drive/Colab Notebooks/apple_leaf_specialist/data/final/train/scab/3c7cae6818c8ca105c27ed4e3cec47d2aafccdf8d8245cbf02c02e22e09e225d.jpg,scab
/content/drive/My Drive/Colab Notebooks/apple_leaf_specialist/data/final/train/healthy/3bb331311e822b233fbf77bd9ff637c6a53b6ebb2dc483725af7df15f5a4bc91.jpg,healthy
/content/drive/My Drive/Colab Notebooks/apple_leaf_specialist/data/final/train/black_rot/05b541b0168f09a1a88c11b58e34b76786b172450e50c54e9c40763eec7b52c7.jpg,black_rot
/content/drive/My Drive/Colab Notebooks/apple_leaf_specialist/data/final/train/scab/a0ce497c4f8478996ebbe07d2e95b3e61c637f21fa7f2226e5b4f9898feba210.jpg,scab
/content/drive/My Drive/Colab Notebooks/apple_leaf_specialist/data/final/train/healthy/c669a24fd3728c2a5fdb972a90db85a85077435cfb2064b4064825028a276bd3.jpg,healthy
/content/drive/My Drive/Colab Notebooks/apple_leaf_specialist/data/final/train/scab/d181e579c5a2d7871ec80e705b65f1139311a60036bb922adaef5bea0105963b.jpg,scab
/content/drive/My Drive/Colab Notebooks/apple_leaf_specialist/data/final/train/healthy/845dcd304ca912af3ca087d1fa665e68e68199f4d6d77b182a607b80bee7e252.jpg,healthy
/content/drive/My Drive/Colab Notebooks/apple_leaf_specialist/data/final/train/rust/77cfe557f34c2f15919429d446423ef06c23a1c1a834040541a131789c37fbe3.jpg,rust
/content/drive/My Drive/Colab Notebooks/apple_leaf_specialist/data/final/train/black_rot/1a07e9f4db4e09d5e8f4ede64821a57671a051b7c8436b7b7ec91e0230626a48.jpg,black_rot
/content/drive/My Drive/Colab Notebooks/apple_leaf_specialist/data/final/train/black_rot/9f78b75038cf7a8124f8961402068b75e3bbbf58e8a5b9757ecc577b2e5a1c60.jpg,black_rot
/content/drive/My Drive/Colab Notebooks/apple_leaf_specialist/data/final/train/rust/4fd95eabfb3c5aa196b79f068fe6058b5ca48c4560615d398f1443b804367076.jpg,rust
/content/drive/My Drive/Colab Notebooks/apple_leaf_specialist/data/final/train/healthy/ad6e90e66935863a8bd0f9a4133ea5c8df8f3c49e0c570728398794b82659b02.jpg,healthy
/content/drive/My Drive/Colab Notebooks/apple_leaf_specialist/data/final/train/scab/9b855b98ae93b4add436dc474b0ec3787dc4b838b964b135791f25cbab472366.jpg,scab
/content/drive/My Drive/Colab Notebooks/apple_leaf_specialist/data/final/train/healthy/bb63ac1c48808ad22380fd74d86eac07cbafd4985fa8d90f32100383b994c04e.jpg,healthy
/content/drive/My Drive/Colab Notebooks/apple_leaf_specialist/data/final/train/healthy/093618b03cd16b6b6e6133b28255dd8f5f68247486a3c1074fe8765818eceaa1.jpg,healthy
/content/drive/My Drive/Colab Notebooks/apple_leaf_specialist/data/final/train/healthy/0b02b0528ef118d390609fb9d7a725844b2bc77f6478ff477d861c909da9526a.jpg,healthy
/content/drive/My Drive/Colab Notebooks/apple_leaf_specialist/data/final/train/black_rot/324da53c6f36848241451bb07f7ecf86218753f70cc4603d82016889fca68a88.jpg,black_rot
/content/drive/My Drive/Colab Notebooks/apple_leaf_specialist/data/final/train/healthy/9c37c3c2b111ddee8c31f8dc170fdfbd867cd52bb6bdef0484b283f687ab89d5.jpg,healthy
/content/drive/My Drive/Colab Notebooks/apple_leaf_specialist/data/final/train/black_rot/81f9ea08effee13e1c814c0a4a1954d522f74bd6566e845bbe4a98aa275c5369.jpg,black_rot
/content/drive/My Drive/Colab Notebooks/apple_leaf_specialist/data/final/train/healthy/bde19314f23edd3ed69af01e7842502a42ceb82bc4e193fa5b705492b344be0b.jpg,healthy
/content/drive/My Drive/Colab Notebooks/apple_leaf_specialist/data/final/train/rust/c372a29b10c77f5f4ac682f1c7462c9db6e71c368d80233fce1ae902c8227329.jpg,rust
/content/drive/My Drive/Colab Notebooks/apple_leaf_specialist/data/final/train/healthy/11e63d377edd495f541bd646c320681213f18bf7c4b919ea53ae76579ae9f3df.jpg,healthy
/content/drive/My Drive/Colab Notebooks/apple_leaf_specialist/data/final/train/healthy/f8dc39d79864059886c3139a0a8efe025b5f25ad149eae8d6bf6a5ed74705584.jpg,healthy
/content/drive/My Drive/Colab Notebooks/apple_leaf_specialist/data/final/train/healthy/133accc1095a05f2cfe56712081097a67bf3edd6f3c358c2e89da35072b1b3b3.jpg,healthy
/content/drive/My Drive/Colab Notebooks/apple_leaf_specialist/data/final/train/scab/961621292031b27af8dbe16bc55c3edd264b7d3dd071c423b90ed7b31a25d880.jpg,scab
/content/drive/My Drive/Colab Notebooks/apple_leaf_specialist/data/final/train/black_rot/7bfa2e9e626965ef52834a1b837ee40b459116bf718abb4203cc709d54f9da19.jpg,black_rot
/content/drive/My Drive/Colab Notebooks/apple_leaf_specialist/data/final/train/scab/8243930fe0b9a7e6e4d2a49176ffc9d984161ded90df8cc7c38c1c7ae54b202b.jpg,scab
/content/drive/My Drive/Colab Notebooks/apple_leaf_specialist/data/final/train/rust/62a2e23e138803bcd32e3abdfbe9e03a60cabc1c78e4624ad9e561f02fba4976.jpg,rust
/content/drive/My Drive/Colab Notebooks/apple_leaf_specialist/data/final/train/scab/d8db1fe41c62b1ca8fa71246b1e720af8bf9e49a1e884d8f918e3994a3d6a488.jpg,scab
/content/drive/My Drive/Colab Notebooks/apple_leaf_specialist/data/final/train/healthy/330aede3a1fffb56b836031249e9e38a3b1efe348e47539c9d2adddd1271b301.jpg,healthy
/content/drive/My Drive/Colab Notebooks/apple_leaf_specialist/data/final/train/healthy/601373455a8ddbb2c89f6dceecd23250c10edbe5483c2d9ea8a150ca20c8e89f.jpg,healthy
/content/drive/My Drive/Colab Notebooks/apple_leaf_specialist/data/final/train/rust/afe753480c7e29f3244fa7d8874bee96bc8ff305055a326516a28c4069ce37c8.jpg,rust
/content/drive/My Drive/Colab Notebooks/apple_leaf_specialist/data/final/train/scab/29aab47aa822bd6c8c3c79c8766aa006a5be9da286afcc333b0812625fd120ee.jpg,scab
/content/drive/My Drive/Colab Notebooks/apple_leaf_specialist/data/final/train/healthy/856e25999b4691406bf791237ccd1359d4bfe43fe5914d46f7d5c80215363bde.jpg,healthy
/content/drive/My Drive/Colab Notebooks/apple_leaf_specialist/data/final/train/healthy/a02cc7ddd220bf1aee723e88657bd882538d339c7976640ae959348107f5bdd4.jpg,healthy
/content/drive/My Drive/Colab Notebooks/apple_leaf_specialist/data/final/train/healthy/364fdf8c733f57763e065cc9ed069923bee2409bc358d77b5d60ca6d1bb35145.jpg,healthy
/content/drive/My Drive/Colab Notebooks/apple_leaf_specialist/data/final/train/black_rot/28dd221ca813709e9267a9cda2278fd81884a281f2cf0d084f75f1f49e668de6.jpg,black_rot
/content/drive/My Drive/Colab Notebooks/apple_leaf_specialist/data/final/train/healthy/148f4788f0e4f08a7a5e79d94035770dd502e90454aa9c5d9d238b9038bca3be.jpg,healthy
/content/drive/My Drive/Colab Notebooks/apple_leaf_specialist/data/final/train/black_rot/9815b0f03e332e06eca6b1c59fbd07e3d4ef74b84cbfbc813b28949427a66945.jpg,black_rot
/content/drive/My Drive/Colab Notebooks/apple_leaf_specialist/data/final/train/healthy/99c65c4d8e97aedc80fe6fdbbff9c51b62978ce8088312c29baa44b5c52e769b.jpg,healthy
/content/drive/My Drive/Colab Notebooks/apple_leaf_specialist/data/final/train/healthy/c9d8c70855f4da47ccb53b31658e8688737293e1b9e4216cb4d4a097eebd98e5.jpg,healthy
/content/drive/My Drive/Colab Notebooks/apple_leaf_specialist/data/final/train/healthy/1961696e64883e1e92fd6138e652e2d3f50744f1576d8c6395d567c791b18c4a.jpg,healthy
/content/drive/My Drive/Colab Notebooks/apple_leaf_specialist/data/final/train/healthy/a2421e21ca1e25458c09ecb0daf3a996f90ba3ec8c0c3068cd83fc10a4d74d40.jpg,healthy
/content/drive/My Drive/Colab Notebooks/apple_leaf_specialist/data/final/train/healthy/88ce143a0f53df0dc9857c154b95c1a9db4a19396203ab3e313060293a199b3c.jpg,healthy
/content/drive/My Drive/Colab Notebooks/apple_leaf_specialist/data/final/train/healthy/e685598c9437f79f3283bcc84da9e666b502155f9dd352809c0fdab623476ac7.jpg,healthy
/content/drive/My Drive/Colab Notebooks/apple_leaf_specialist/data/final/train/black_rot/4728e731d9c519759475551fc77010edb10a8f5aeda4fbbf8d34064a46b625c9.jpg,black_rot
/content/drive/My Drive/Colab Notebooks/apple_leaf_specialist/data/final/train/black_rot/bc705f2329cf932889d642752cec29babcbdf55efec29c10858cb698e6cb1791.jpg,black_rot
/content/drive/My Drive/Colab Notebooks/apple_leaf_specialist/data/final/train/rust/8a577af677b1771f6a8d420b9f99eac181a60ab329240f1f74d28e0801075771.jpg,rust
/content/drive/My Drive/Colab Notebooks/apple_leaf_specialist/data/final/train/black_rot/fbade68f9f80cd7471ac07ca9be5615931e9f47c00bc99e2dba120aac2f5dabc.jpg,black_rot
/content/drive/My Drive/Colab Notebooks/apple_leaf_specialist/data/final/train/healthy/ae117cc1434e6d74677ac5ddef026e387559bab7ede3f2381822773289d706f2.jpg,healthy
/content/drive/My Drive/Colab Notebooks/apple_leaf_specialist/data/final/train/healthy/e2c65598b68af42fbcd963deb67655ab11bcdf0e519f3d2211375525ed64fa4d.jpg,healthy
/content/drive/My Drive/Colab Notebooks/apple_leaf_specialist/data/final/train/scab/fc1aff021e392829cc2b2917c21eac6c153c06f3dfb15d5aba538739b493ca63.jpg,scab
/content/drive/My Drive/Colab Notebooks/apple_leaf_specialist/data/final/train/healthy/293e184e69010b075874561bb6e3e4b07798789b58af62622ec2abb7d6e78d62.jpg,healthy
/content/drive/My Drive/Colab Notebooks/apple_leaf_specialist/data/final/train/healthy/1573199837a41a025df770d29d8d65065e4bfc5e4aefd09459faa46c4e54de82.jpg,healthy
/content/drive/My Drive/Colab Notebooks/apple_leaf_specialist/data/final/train/healthy/fa92cd609e9adff34d49dd5f0bba985d3ba914d4f67c3203cbe6f96941e0fb70.jpg,healthy
/content/drive/My Drive/Colab Notebooks/apple_leaf_specialist/data/final/train/healthy/db0becad02a611513a9f574d24e48dffd7cf970868266ce82cd1465e1090a61f.jpg,healthy
/content/drive/My Drive/Colab Notebooks/apple_leaf_specialist/data/final/train/healthy/51780dc7128d847a038e56cf5abcd8229683a615860bc008994e7000e459a5d0.jpg,healthy
/content/drive/My Drive/Colab Notebooks/apple_leaf_specialist/data/final/train/healthy/f86afdf31d6c6eaea7737cc52a8f49bfb93dc2be8e32e58f27c46d4fbdcbf662.jpg,healthy
/content/drive/My Drive/Colab Notebooks/apple_leaf_specialist/data/final/train/healthy/f01445f32fcad76472e8730e5ebe54acf16df48ed9c35fe6fc1d3accbe4a69dd.jpg,healthy
/content/drive/My Drive/Colab Notebooks/apple_leaf_specialist/data/final/train/healthy/2614ed5b49b6f21832834beb6fe2deef7b5167284f1503da0c48a26d35796526.jpg,healthy
/content/drive/My Drive/Colab Notebooks/apple_leaf_specialist/data/final/train/black_rot/9a6426984e14533cc8b51e5fc2577aad3c2b86984b2f4e27ed22ae48bdda5407.jpg,black_rot
/content/drive/My Drive/Colab Notebooks/apple_leaf_specialist/data/final/train/healthy/be134fd72111c820ad62416796eedcfc9a6de23d9b5ff1365d5f8cdcc003b361.jpg,healthy
/content/drive/My Drive/Colab Notebooks/apple_leaf_specialist/data/final/train/healthy/bd050e78119edfe91abeeaa4b5193b8635b01f37c7750a220761e32788957a87.jpg,healthy
/content/drive/My Drive/Colab Notebooks/apple_leaf_specialist/data/final/train/scab/12f014bbb26a55a02412364adef4a35ecf1e3b09f9c782ea2efbad04e1a1d350.jpg,scab
/content/drive/My Drive/Colab Notebooks/apple_leaf_specialist/data/final/train/black_rot/c29dfae3a86294bb5c29eceac2907e25a261a2b612d65fd09906fdbd0c0e0324.jpg,black_rot
/content/drive/My Drive/Colab Notebooks/apple_leaf_specialist/data/final/train/black_rot/ccefd971a656940d753d468d27aca944fa43ddd08fd5de491169a7a738087164.jpg,black_rot
/content/drive/My Drive/Colab Notebooks/apple_leaf_specialist/data/final/train/healthy/63593ff74f99da541ade97f5a97a5e1d984b6716580d8c3f4da316a071fd117f.jpg,healthy
/content/drive/My Drive/Colab Notebooks/apple_leaf_specialist/data/final/train/black_rot/3eca9a3de4aeaae488b4fbe8fff14c9fd7076f59185533271efa237afb46c3cd.jpg,black_rot
/content/drive/My Drive/Colab Notebooks/apple_leaf_specialist/data/final/train/healthy/8198456b061201c7b364e07a29fd3939b635f1e7ca93dc6f54fd967652217ffa.jpg,healthy
/content/drive/My Drive/Colab Notebooks/apple_leaf_specialist/data/final/train/healthy/0ba772dc20076efb3e71c1ab37734ec69b06ecb9f053b4364ca5c84c4329d383.jpg,healthy
/content/drive/My Drive/Colab Notebooks/apple_leaf_specialist/data/final/train/scab/8bfe367e66ce18cddd963216369ec6af18101a2fa1fb7b255f7a9f2b0012f08e.jpg,scab
/content/drive/My Drive/Colab Notebooks/apple_leaf_specialist/data/final/train/black_rot/5f80ab6b61f867c7dcc9848ad2c75b4bcb8846c8777cf380bdc2af3032b02554.jpg,black_rot
/content/drive/My Drive/Colab Notebooks/apple_leaf_specialist/data/final/train/black_rot/5abbffcc3ff48e1213e72dde2ef1612fca007cb29b8675ec4addc6ed87b52f9a.jpg,black_rot
/content/drive/My Drive/Colab Notebooks/apple_leaf_specialist/data/final/train/scab/e1fa0b04971a5d5044eaf511cb8538f7e73e17d7a0c538dc54412c263e524170.jpg,scab
/content/drive/My Drive/Colab Notebooks/apple_leaf_specialist/data/final/train/healthy/d3a06f11bf4dd0116099e031c5c93e61d10e945e11fb377d208cf57b3977417f.jpg,healthy
/content/drive/My Drive/Colab Notebooks/apple_leaf_specialist/data/final/train/healthy/9362136cc774cf0de70b78d1c6df1b4535b2356839c53964629a97f9c794912f.jpg,healthy
/content/drive/My Drive/Colab Notebooks/apple_leaf_specialist/data/final/train/healthy/0da92bbac4ba0a2ab28bf8e650c25457e6746a52cb35467230d7edd69608802d.jpg,healthy
/content/drive/My Drive/Colab Notebooks/apple_leaf_specialist/data/final/train/healthy/a16a4db8c4695448245074b65e9586180ff6934463d3ac32e38eec330d48c917.jpg,healthy
/content/drive/My Drive/Colab Notebooks/apple_leaf_specialist/data/final/train/healthy/b12ba265722e6b69e2a7d318bb0eb88a0789ff71d3614bc5cc57b23cb8b015a0.jpg,healthy
/content/drive/My Drive/Colab Notebooks/apple_leaf_specialist/data/final/train/scab/8d3d2efe692b46cf2da184ffebde1b88e704a65562c925d75d19e80c64c91e5b.jpg,scab
/content/drive/My Drive/Colab Notebooks/apple_leaf_specialist/data/final/train/black_rot/a1d4b17710c5f96e01e6ec001c2cc5cd7e7b368c7db51fac98be24c804594872.jpg,black_rot
/content/drive/My Drive/Colab Notebooks/apple_leaf_specialist/data/final/train/healthy/d107d526178ea45a68001ef993f09e892801d145cbd7273f380a543ab9755012.jpg,healthy
/content/drive/My Drive/Colab Notebooks/apple_leaf_specialist/data/final/train/black_rot/4035c159599cba03e9f948252fab3bad626f3cc8e893a0c1fe59f2133c79e83d.jpg,black_rot
/content/drive/My Drive/Colab Notebooks/apple_leaf_specialist/data/final/train/healthy/8642c818333b4c1d611c6eebfe867e1c9f5306adb27ade8e35f384e2c6d06268.jpg,healthy
/content/drive/My Drive/Colab Notebooks/apple_leaf_specialist/data/final/train/healthy/c9b836b81af1dc36a343493de79c18c44221c6273368de8534ce6a3817bc95b5.jpg,healthy
/content/drive/My Drive/Colab Notebooks/apple_leaf_specialist/data/final/train/healthy/fd443d089f5d5e475763d43d699fad5013155e694ff72a630e48ec4e61dc6003.jpg,healthy
/content/drive/My Drive/Colab Notebooks/apple_leaf_specialist/data/final/train/healthy/f8adb6aa7f1c8ef936a1107b549d8b3ec66ce3a23c493a0032fba1a8c5799475.jpg,healthy
/content/drive/My Drive/Colab Notebooks/apple_leaf_specialist/data/final/train/healthy/cf5e9f48e0ae7b09f72a77e29a1056ad921f74230c5e5285012be3f8c81b4436.jpg,healthy
/content/drive/My Drive/Colab Notebooks/apple_leaf_specialist/data/final/train/healthy/7f7b6b1fadbe30f8507d33c3bb23166b59f161de5f85de15e1edc8459b106b25.jpg,healthy
/content/drive/My Drive/Colab Notebooks/apple_leaf_specialist/data/final/train/rust/f650a8c736196548393218c4328e854c3933c8f9409098f910d633aea05f08c1.jpg,rust
/content/drive/My Drive/Colab Notebooks/apple_leaf_specialist/data/final/train/healthy/f4ec2f0ef0e4ce53f578b1cd1bc331cf86e45b0058945f34f069885de203d09c.jpg,healthy
/content/drive/My Drive/Colab Notebooks/apple_leaf_specialist/data/final/train/healthy/589da6c3e3e1fdc8454ddccffabb509b29a1249c1f5bb766e9f856894beef07b.jpg,healthy
/content/drive/My Drive/Colab Notebooks/apple_leaf_specialist/data/final/train/black_rot/a36515839d601373baab902ad3f2b40195ff3bf7025db7ebad5ab23b0604214a.jpg,black_rot
/content/drive/My Drive/Colab Notebooks/apple_leaf_specialist/data/final/train/healthy/4bdb54e3f8f062826bef906d1d75fc2a86789a5353e9f3b77f9e613427041179.jpg,healthy
/content/drive/My Drive/Colab Notebooks/apple_leaf_specialist/data/final/train/scab/a9d20fe4f0a7f158fd6d34bece151040b975ab0924cb543f1cbdbeeb36d183ce.jpg,scab
/content/drive/My Drive/Colab Notebooks/apple_leaf_specialist/data/final/train/healthy/a8d094e75d643b9e2318b180fd266e0de4a5f4875b5c9ae6ee59eb3e5c26ce91.jpg,healthy
/content/drive/My Drive/Colab Notebooks/apple_leaf_specialist/data/final/train/black_rot/4a654740d64707aaf59f6aec8041ba0b6c2763443c52d9a485ce99a8358988a7.jpg,black_rot
/content/drive/My Drive/Colab Notebooks/apple_leaf_specialist/data/final/train/healthy/6f05dd94b584bb5abb0b7589a2d040381eb3e87a6b76e74e41c595ca7b14e8cf.jpg,healthy
/content/drive/My Drive/Colab Notebooks/apple_leaf_specialist/data/final/train/scab/9bb6825c9e316ef05e8472e29a8f9a2ceaa134f4414449438b34b3d4b6e7d340.jpg,scab
/content/drive/My Drive/Colab Notebooks/apple_leaf_specialist/data/final/train/scab/f198cad8dbb4671c63e11a3a02242579713f284ee304b59b8fb846d8889d568e.jpg,scab
/content/drive/My Drive/Colab Notebooks/apple_leaf_specialist/data/final/train/scab/94c67119fd22e7299f47669d19905288c31a20a3015363c8d42a161db51120c8.jpg,scab
/content/drive/My Drive/Colab Notebooks/apple_leaf_specialist/data/final/train/black_rot/2398c423ced82edbb7ad71fcd76ee982f218454e845b98c567937ce07585ea98.jpg,black_rot
/content/drive/My Drive/Colab Notebooks/apple_leaf_specialist/data/final/train/black_rot/ba6d06a54a7d26bbf32edb5ab4ec26aa00287bfc24a2cde7181906be1f767685.jpg,black_rot
/content/drive/My Drive/Colab Notebooks/apple_leaf_specialist/data/final/train/healthy/fc96d2fd399c162c8378c68b310d5212003264f25bd0e2c7386f0734472d38f5.jpg,healthy
/content/drive/My Drive/Colab Notebooks/apple_leaf_specialist/data/final/train/black_rot/af92d1f1466402b4ff29bbb2dee79e2024b665f517d71b9ac886c375f0f57b75.jpg,black_rot
/content/drive/My Drive/Colab Notebooks/apple_leaf_specialist/data/final/train/scab/287acf1845b1a21873aeb5cb56642db9864d4c7f7fd4993f8d09b48c9d12e963.jpg,scab
/content/drive/My Drive/Colab Notebooks/apple_leaf_specialist/data/final/train/healthy/7f6999b5c7fad7ec9269f227f4303063ce941222aad58f6a0ca07da0dff1437d.jpg,healthy
/content/drive/My Drive/Colab Notebooks/apple_leaf_specialist/data/final/train/scab/6817333b7e3a7330953558a0686f60180ed7483e18f67e403de41470e2e7938d.jpg,scab
/content/drive/My Drive/Colab Notebooks/apple_leaf_specialist/data/final/train/healthy/24c970fbf8370272fe5035e50a47db9c76ad793c8925365d872e49bfb6a79482.jpg,healthy
/content/drive/My Drive/Colab Notebooks/apple_leaf_specialist/data/final/train/healthy/09722392fa2e3b74707627b1f13d1760770d440521de900a0f8142a997697dfb.jpg,healthy
/content/drive/My Drive/Colab Notebooks/apple_leaf_specialist/data/final/train/healthy/38d41945a351d3f625dc013a55f320d32a93902c70bf259908490fcdd4f19a83.jpg,healthy
/content/drive/My Drive/Colab Notebooks/apple_leaf_specialist/data/final/train/healthy/0904602b3ea4275b2d1cd87ed398f0e525c0907986932c5871c6409fcab9fbf4.jpg,healthy
/content/drive/My Drive/Colab Notebooks/apple_leaf_specialist/data/final/train/scab/6b3c49eabf180bbb5073392d500047ba1cdaa23cec5202bd788be00e5e205505.jpg,scab
/content/drive/My Drive/Colab Notebooks/apple_leaf_specialist/data/final/train/healthy/2eb0f273f7cf1aabb8360fb8da5e071592011aa5ce14dda9e83b6c2b35214df1.jpg,healthy
/content/drive/My Drive/Colab Notebooks/apple_leaf_specialist/data/final/train/healthy/283bb5f9ca2049b705709dc07a37eba189d315e54b36c99091bc4612f793a84e.jpg,healthy
/content/drive/My Drive/Colab Notebooks/apple_leaf_specialist/data/final/train/rust/fb4575cea6de2488e68b15473424748b06e94c7f74fe1270f4d8dabe9385deaa.jpg,rust
/content/drive/My Drive/Colab Notebooks/apple_leaf_specialist/data/final/train/healthy/8df335b5d9456a7f14078aaa7145c01ad55e7ba96add85e9638e291093063fb4.jpg,healthy
/content/drive/My Drive/Colab Notebooks/apple_leaf_specialist/data/final/train/healthy/a53637fefed85533cd581b62a10f725edbe09b9deb0dfabefcb9825106fac69f.jpg,healthy
/content/drive/My Drive/Colab Notebooks/apple_leaf_specialist/data/final/train/rust/98ce852f41cdbfdd8ca34e56ecfdea36cb1de07040e2a0eb6278fba799677106.jpg,rust
/content/drive/My Drive/Colab Notebooks/apple_leaf_specialist/data/final/train/healthy/1d4109f5780e04bbd149a240fae96966dd11046dd8378fa119efcfeb6b6e264a.jpg,healthy
/content/drive/My Drive/Colab Notebooks/apple_leaf_specialist/data/final/train/healthy/1b300e0c4dce5602590bf93f6c75065b24dc1beb8a4669e7b73be6fd1464f2d8.jpg,healthy
/content/drive/My Drive/Colab Notebooks/apple_leaf_specialist/data/final/train/rust/bc2bd846227c05e500dd7b9530932375b92feb8de41367279b38485f7b3d815b.jpg,rust
/content/drive/My Drive/Colab Notebooks/apple_leaf_specialist/data/final/train/healthy/c9fba006b888fce8e1f34436c06fa49c6e09dfe3cd71c7355b4e945d5d326891.jpg,healthy
/content/drive/My Drive/Colab Notebooks/apple_leaf_specialist/data/final/train/healthy/76bb45411b8d88ec6933742bba104d1d66ba0bbd26f235a0975a6e5cc088aaa6.jpg,healthy
/content/drive/My Drive/Colab Notebooks/apple_leaf_specialist/data/final/train/rust/8855210f3e6a196d5c31d700ada314cc65dc556f12863e2d3e30dbf48e73bd86.jpg,rust
/content/drive/My Drive/Colab Notebooks/apple_leaf_specialist/data/final/train/healthy/4e89755405f9f5c9c52bcb128c6e575816e66a75e8c339c4b746ff3d54d04adf.jpg,healthy
/content/drive/My Drive/Colab Notebooks/apple_leaf_specialist/data/final/train/healthy/738cedaba5eb45f6d025c6dcbcf56436106a786f4de109ec7cb4430b2c78b0fb.jpg,healthy
/content/drive/My Drive/Colab Notebooks/apple_leaf_specialist/data/final/train/rust/6eb9be7f9edd689d317e83e97d373adef882b884d50ca6b2c67f3afbdb8e52f7.jpg,rust
/content/drive/My Drive/Colab Notebooks/apple_leaf_specialist/data/final/train/healthy/652342dce8bc8aabe327a25ba2b291926e3929e8826908e8155af211c69bb3ed.jpg,healthy
/content/drive/My Drive/Colab Notebooks/apple_leaf_specialist/data/final/train/black_rot/d8f72c29b3cd2548cc2ff0af8949b523592513c3c17360ce281f0c0be5085379.jpg,black_rot
/content/drive/My Drive/Colab Notebooks/apple_leaf_specialist/data/final/train/healthy/6d32a736a702abffafd9c00b0e5e2e3a7ce942543b2291482cabdbfcf8945628.jpg,healthy
/content/drive/My Drive/Colab Notebooks/apple_leaf_specialist/data/final/train/healthy/c2f7e0ef879e91cde62c93396bb3fbfaec2a448fcae30db048d7bd52af49f5e5.jpg,healthy
/content/drive/My Drive/Colab Notebooks/apple_leaf_specialist/data/final/train/healthy/63b0c4af40df434238f45ee913c37bfa7a35e06467e105cc303c67936cfcb3c6.jpg,healthy
/content/drive/My Drive/Colab Notebooks/apple_leaf_specialist/data/final/train/healthy/cf0a7938494355774ff7fbf00fa34760b8c0e01b4ec2cada644fe3b5e94ae9d6.jpg,healthy
/content/drive/My Drive/Colab Notebooks/apple_leaf_specialist/data/final/train/black_rot/52f61c93715b3a2aa069930346daf603a0d852d24499c917885def85074f9f7a.jpg,black_rot
/content/drive/My Drive/Colab Notebooks/apple_leaf_specialist/data/final/train/scab/4bf790c44e9cef5d93e0468dd7c5021919964d7b6b8fb85b06ad2040830103cc.jpg,scab
/content/drive/My Drive/Colab Notebooks/apple_leaf_specialist/data/final/train/healthy/89214fe3e3f27f26d72c892c850d59dccab9288aa84e8aae2d5f540c197c2838.jpg,healthy
/content/drive/My Drive/Colab Notebooks/apple_leaf_specialist/data/final/train/black_rot/db89444326c1d76e9915da6fb19cf0fa395b9a459439bb8ecda25d4e1de5fc23.jpg,black_rot
/content/drive/My Drive/Colab Notebooks/apple_leaf_specialist/data/final/train/healthy/6424411b8f406c56f994456b83fbd6beca6000d2ebd80682f30e381bc35ad52f.jpg,healthy
/content/drive/My Drive/Colab Notebooks/apple_leaf_specialist/data/final/train/healthy/90a09125526bd5c4bd36456b28516a99f55251b436670ed4126558531b16950c.jpg,healthy
/content/drive/My Drive/Colab Notebooks/apple_leaf_specialist/data/final/train/healthy/6f2e8bd60ff5cfe281b83ae3d4d45f031e81e461b16edc36214cd4a3b451f0a0.jpg,healthy
/content/drive/My Drive/Colab Notebooks/apple_leaf_specialist/data/final/train/healthy/14454210c10e2cb5561d10323acd03dfc973e4d8a6ab4488e8f7646b199db58d.jpg,healthy
/content/drive/My Drive/Colab Notebooks/apple_leaf_specialist/data/final/train/black_rot/e1a42d1199aca8a051cf396b2e5738f9359928d21d5149eaadf26302a30e0617.jpg,black_rot
/content/drive/My Drive/Colab Notebooks/apple_leaf_specialist/data/final/train/healthy/38b89d6f91d066c06d4ef6cf74358033a31246f1c903fa6350f8236721c40fb3.jpg,healthy
/content/drive/My Drive/Colab Notebooks/apple_leaf_specialist/data/final/train/scab/da585bb44c4657dbf667b5d09393e758db41730662d69f670fea16955fce6972.jpg,scab
/content/drive/My Drive/Colab Notebooks/apple_leaf_specialist/data/final/train/healthy/35285a6c3daa9192dc8f44fb7157db7bc6c33254c5b0457aeb328a0a9888761e.jpg,healthy
/content/drive/My Drive/Colab Notebooks/apple_leaf_specialist/data/final/train/rust/d44fb016d2908933a4b8b3b83d8b08f5ccd893d2d960a5b89a2d4e16b70f2ebd.jpg,rust
/content/drive/My Drive/Colab Notebooks/apple_leaf_specialist/data/final/train/healthy/22de12501ac398f9596f80341d58ad8242787abbd7ca3dba53a1eb8ca1b405f7.jpg,healthy
/content/drive/My Drive/Colab Notebooks/apple_leaf_specialist/data/final/train/healthy/9ea5a349ca81b889af7bb22dd7f902e9216af5c409e8047b37da65727a1db547.jpg,healthy
/content/drive/My Drive/Colab Notebooks/apple_leaf_specialist/data/final/train/healthy/cd8b71738abfb158d29a9174fa90d3a1474fbaaf9eea0c720fc5eef718d635f7.jpg,healthy
/content/drive/My Drive/Colab Notebooks/apple_leaf_specialist/data/final/train/healthy/76057419798b6a328903370bdd608bc07ed87b89e2b2ca54c0f136451ca428f4.jpg,healthy
/content/drive/My Drive/Colab Notebooks/apple_leaf_specialist/data/final/train/healthy/fa836ae305d6f03087c73c256d1e5269fd3fe48c712547b2ef9920bcce5504e4.jpg,healthy
/content/drive/My Drive/Colab Notebooks/apple_leaf_specialist/data/final/train/healthy/a0eaef1009013d4f04c68ef3f48c1336d7af9f136e6173b17c731c7401164142.jpg,healthy
/content/drive/My Drive/Colab Notebooks/apple_leaf_specialist/data/final/train/healthy/e97a8c805f85eb41c9f8689e9e153a209dcc64d78d563aed98e7802e8a659ddb.jpg,healthy
/content/drive/My Drive/Colab Notebooks/apple_leaf_specialist/data/final/train/healthy/13502fc9c4d02e1a110801ae06475c03cc6a28a8672045c240886af73b399d0d.jpg,healthy
/content/drive/My Drive/Colab Notebooks/apple_leaf_specialist/data/final/train/healthy/48448fc00f85f9d8dbf25becf72ae03a86e1971927913458eae1958fe00ddefd.jpg,healthy
/content/drive/My Drive/Colab Notebooks/apple_leaf_specialist/data/final/train/healthy/a3b8ac239316cc80cc9c06f867eccfb2c06f6dad24914fcd6a0518006337f617.jpg,healthy
/content/drive/My Drive/Colab Notebooks/apple_leaf_specialist/data/final/train/black_rot/ef05eb3f01d097022f52f09e87005cbe4d5ec700b7285c3ecffb084277f8b343.jpg,black_rot
/content/drive/My Drive/Colab Notebooks/apple_leaf_specialist/data/final/train/healthy/8c91ece1fbaa69934e0d5e9259bae7d8a46fbc7f0f6e03ba2bf04b4444bceeb7.jpg,healthy
/content/drive/My Drive/Colab Notebooks/apple_leaf_specialist/data/final/train/healthy/c9b5c25511f5fead5b3e0d67ece2475c970ea58a61abc31c9ba6b463f10c2f49.jpg,healthy
/content/drive/My Drive/Colab Notebooks/apple_leaf_specialist/data/final/train/scab/e398494517b086bd061a7384d56992338849303d78ae7ff7c904d4af9d177f15.jpg,scab
/content/drive/My Drive/Colab Notebooks/apple_leaf_specialist/data/final/train/healthy/b7b11413065485034b34a749aa4316dd9003e0ff1c698b032fd4413b5636c9f5.jpg,healthy
/content/drive/My Drive/Colab Notebooks/apple_leaf_specialist/data/final/train/healthy/27c05b817984296f38bf085e83d357dd16c5734fc4abbd82c8d69e0573d4df66.jpg,healthy
/content/drive/My Drive/Colab Notebooks/apple_leaf_specialist/data/final/train/rust/9ffc2b32d95174a0a2028e69e08b75079ad00eadc983698a2678fd45eb523b45.jpg,rust
/content/drive/My Drive/Colab Notebooks/apple_leaf_specialist/data/final/train/black_rot/0b5d841490e9f3c33d17d2b577925f11a6032ced7f9685891fe4e83e9c4bdfb6.jpg,black_rot
/content/drive/My Drive/Colab Notebooks/apple_leaf_specialist/data/final/train/healthy/63a213aba658d972e2fdf3f563dc058378094584fe56c2cdc03deb60a04b0444.jpg,healthy
/content/drive/My Drive/Colab Notebooks/apple_leaf_specialist/data/final/train/healthy/6cf9fb59bef1905daed5dcb16af93586d00076f309cb32bea9f65e3fe86d0a87.jpg,healthy
/content/drive/My Drive/Colab Notebooks/apple_leaf_specialist/data/final/train/black_rot/57db56e65d17309ac19a59ddadc3c1f1c79dc1cb6d0ce118e0abd5c80146d6e5.jpg,black_rot
/content/drive/My Drive/Colab Notebooks/apple_leaf_specialist/data/final/train/scab/37b606cc888513da66d041a7d7a191715a6f6e31701e970379fbce43d75ac329.jpg,scab
/content/drive/My Drive/Colab Notebooks/apple_leaf_specialist/data/final/train/black_rot/0666e930f61704cef0862626a9344f4b3e01e64536ffcac79c636bd50df513bd.jpg,black_rot
/content/drive/My Drive/Colab Notebooks/apple_leaf_specialist/data/final/train/healthy/053ddfc17b39a2f687d175947c7c1c2718dbb87313228e117fba2e26646d634b.jpg,healthy
/content/drive/My Drive/Colab Notebooks/apple_leaf_specialist/data/final/train/healthy/d444c1442f3a3747402f8f796b1a71979867b8ea01ee9b4feb77c67a3d8bc55d.jpg,healthy
/content/drive/My Drive/Colab Notebooks/apple_leaf_specialist/data/final/train/healthy/4f5f3739f363cbfb12e308c06dac3fd071f53aaef43791dc49ae1c3505fbc5cc.jpg,healthy
/content/drive/My Drive/Colab Notebooks/apple_leaf_specialist/data/final/train/rust/35e8c5f0a9c5b8cd6ef3dccd1b17d1692d8a549d392a751c01bc9852496513cc.jpg,rust
/content/drive/My Drive/Colab Notebooks/apple_leaf_specialist/data/final/train/healthy/0aa918d0dc1e0cc7c1035d74da9cd28e140b3023e63b33bfa3d6bce4e43b89bd.jpg,healthy
/content/drive/My Drive/Colab Notebooks/apple_leaf_specialist/data/final/train/healthy/cd86f96752667811cdc3494d8046234128b590e90ee9c54c33f24637200c12b9.jpg,healthy
/content/drive/My Drive/Colab Notebooks/apple_leaf_specialist/data/final/train/scab/77d70b8e059f03ae3aabf0ce6ac263a28186e3af7b40a42284c5c6856e8eee93.jpg,scab
/content/drive/My Drive/Colab Notebooks/apple_leaf_specialist/data/final/train/scab/c11bf065254e6228b47bdbbe3b42291080c549d21c8c130328c35d1f2d16c292.jpg,scab
/content/drive/My Drive/Colab Notebooks/apple_leaf_specialist/data/final/train/black_rot/b34f7ca7ee4010a65e4107e30f219a2d6e842306a9f0a85280639f9a2167461a.jpg,black_rot
/content/drive/My Drive/Colab Notebooks/apple_leaf_specialist/data/final/train/healthy/97e2b84676740fb79f071de25c5e5a98d6a3808a1031e8f513f7af19f7e8a67b.jpg,healthy
/content/drive/My Drive/Colab Notebooks/apple_leaf_specialist/data/final/train/healthy/cce4ed728d7de434758148a0ae6b33b4590e346845b95186292113997eba3c71.jpg,healthy
/content/drive/My Drive/Colab Notebooks/apple_leaf_specialist/data/final/train/scab/9b3a9afab4b8f17bb8304072a886f304614fa08a57b0cdfd0553c9b4b66e8f85.jpg,scab
/content/drive/My Drive/Colab Notebooks/apple_leaf_specialist/data/final/train/black_rot/3050252b3b473e915287b9620d483db040cceef5f9db72d2abe03c12e263deb6.jpg,black_rot
/content/drive/My Drive/Colab Notebooks/apple_leaf_specialist/data/final/train/healthy/d024ab91b3eac83d750361bbbabdbf4db5141845179c66d8e7edba37a9088683.jpg,healthy
/content/drive/My Drive/Colab Notebooks/apple_leaf_specialist/data/final/train/healthy/05ffbd143080db2c5e6678802e9157b9c8bb296a8306c6d2b82e71eea4a0ed8d.jpg,healthy
/content/drive/My Drive/Colab Notebooks/apple_leaf_specialist/data/final/train/healthy/041b9973d0c75f41b6e863b6e0f6571fb29b7a34527ccbef7d2c5ce19b3cb122.jpg,healthy
/content/drive/My Drive/Colab Notebooks/apple_leaf_specialist/data/final/train/rust/4740eb685e7afc7b0770ea2d96cd0841c92e7d4e0cc28ee8edd0389fff321144.jpg,rust
/content/drive/My Drive/Colab Notebooks/apple_leaf_specialist/data/final/train/rust/2d8326d21462f9f1819b87744d3fec1296d57e1fd556879dbf21a98a0e7dd2a8.jpg,rust
/content/drive/My Drive/Colab Notebooks/apple_leaf_specialist/data/final/train/scab/ab04c0ce89ac8dc9f4d8a62d68d87c7586270915e5dff61e6c51566be332ce03.jpg,scab
/content/drive/My Drive/Colab Notebooks/apple_leaf_specialist/data/final/train/scab/138631e793c24bfbe33bd5395c706d9483224828eb855aeaa77dba35d96a46ce.jpg,scab
/content/drive/My Drive/Colab Notebooks/apple_leaf_specialist/data/final/train/healthy/9705d61ad6bdb9671e181b77522b55728fe746cbaabad8a3f49668b766ea613c.jpg,healthy
/content/drive/My Drive/Colab Notebooks/apple_leaf_specialist/data/final/train/healthy/d9ad298d943fa54871cf7c020afd2aabb88e1499d62214b016daa1fa92c46f9e.jpg,healthy
/content/drive/My Drive/Colab Notebooks/apple_leaf_specialist/data/final/train/healthy/4c0e221c68918eb75d05aabefef6237af67be19239e95ea87bee884343a7fdd0.jpg,healthy
/content/drive/My Drive/Colab Notebooks/apple_leaf_specialist/data/final/train/healthy/772d869c28008ef22afad77c2d8caef660f720b43b8a35d320f3242b1f0039c0.jpg,healthy
/content/drive/My Drive/Colab Notebooks/apple_leaf_specialist/data/final/train/healthy/df7cb46743c1e7254d60b8bfdeb0803d7f58f2e62fd32775c481e919b3c7baec.jpg,healthy
/content/drive/My Drive/Colab Notebooks/apple_leaf_specialist/data/final/train/healthy/82556c61ade4ee6b4dfd5c93233ace81230d8848f0b61c5e26ce4af2dbae1e97.jpg,healthy
/content/drive/My Drive/Colab Notebooks/apple_leaf_specialist/data/final/train/healthy/23d147f3766c55ae8ba78f36e33d82bb51842d385ab209b7f45859866193dfd0.jpg,healthy
/content/drive/My Drive/Colab Notebooks/apple_leaf_specialist/data/final/train/healthy/d8c27cf7bb81b34b993d21a9ec1a4e18a745ffbf4399a15d0add798d3fae6d68.jpg,healthy
/content/drive/My Drive/Colab Notebooks/apple_leaf_specialist/data/final/train/healthy/935c0c9b8819d873a0bd9eae5fdf9817e13bf20142d1cfcbbf9c82508744bf40.jpg,healthy
/content/drive/My Drive/Colab Notebooks/apple_leaf_specialist/data/final/train/black_rot/6b664e245ade453b47e85fc0dbbb9980fd5f62f3288d1e09d85d07dcc54b1533.jpg,black_rot
/content/drive/My Drive/Colab Notebooks/apple_leaf_specialist/data/final/train/healthy/6bb19c005a2b3e9da3066c17d95a2089b952f1dd0d29ca27170c2c95401be926.jpg,healthy
/content/drive/My Drive/Colab Notebooks/apple_leaf_specialist/data/final/train/healthy/57baf8d520d488919848f657a3bbb28ea02d07ca582fcd21f82373bee3d29a92.jpg,healthy
/content/drive/My Drive/Colab Notebooks/apple_leaf_specialist/data/final/train/healthy/df8ea60be1bdfe36d8f36c694fd4f71a7362f17bed67e0271c35e605e72ec59f.jpg,healthy
/content/drive/My Drive/Colab Notebooks/apple_leaf_specialist/data/final/train/black_rot/a6023a41bfe36d7d802ab13b0fae09103ebb78acf4028cb2e044ad1139514bf4.jpg,black_rot
/content/drive/My Drive/Colab Notebooks/apple_leaf_specialist/data/final/train/healthy/b6e5f461361e2b488198cfeba61b889c3add690b0e71089035e221c608f6e4b3.jpg,healthy
/content/drive/My Drive/Colab Notebooks/apple_leaf_specialist/data/final/train/black_rot/ace912befe34ca57651b5ce6e868009cb01956188673242b3aef6beac7aaf89d.jpg,black_rot
/content/drive/My Drive/Colab Notebooks/apple_leaf_specialist/data/final/train/scab/569deea9e8b273bc9897ae11d10a6ee9f368eaa240ca5d2e17215edfee01193c.jpg,scab
/content/drive/My Drive/Colab Notebooks/apple_leaf_specialist/data/final/train/healthy/e0333f0af4eb6cc2009621e76b62bd27abc3ee30ec365c00075cedefd2e2b409.jpg,healthy
/content/drive/My Drive/Colab Notebooks/apple_leaf_specialist/data/final/train/scab/5fdaee8268b40a9775db85858fc70be3acd46744254afc456ee73968110fbca5.jpg,scab
/content/drive/My Drive/Colab Notebooks/apple_leaf_specialist/data/final/train/healthy/7b00c3831cf5e1682d136ea3b17e78ab6999bf1ca5457cfa8dcf90c1ac1f0726.jpg,healthy
/content/drive/My Drive/Colab Notebooks/apple_leaf_specialist/data/final/train/healthy/cbf798eb3de6e37c53c4097ba4e3e9c163708a298e5f541cdcfa46bd1659d6e4.jpg,healthy
/content/drive/My Drive/Colab Notebooks/apple_leaf_specialist/data/final/train/black_rot/11294dd570328ca64fdd0f3bffc487c7652a0d09095f6d9778e46af27c8d904c.jpg,black_rot
/content/drive/My Drive/Colab Notebooks/apple_leaf_specialist/data/final/train/healthy/f521ec1a41c1a269fa2fce6eae4ff3ac09456f7f4f78c6c588518d34177e24d2.jpg,healthy
/content/drive/My Drive/Colab Notebooks/apple_leaf_specialist/data/final/train/healthy/c6ed5f511bed9f6b2eb0fdd318e234e8b7047d39fb9e8f24e2f7696f4314059f.jpg,healthy
/content/drive/My Drive/Colab Notebooks/apple_leaf_specialist/data/final/train/scab/3a55afea59260963b558e00620cad946bd443518b42daf29d8ea5936a977a14d.jpg,scab
/content/drive/My Drive/Colab Notebooks/apple_leaf_specialist/data/final/train/scab/c99ef120e1ea0702c4c758382fc97f2cdfbda69329092426807a99ea3b57ee5e.jpg,scab
/content/drive/My Drive/Colab Notebooks/apple_leaf_specialist/data/final/train/healthy/eae88de49da215e24db1abef765e6a80aedfe6a96694cd753bf3a09801c0dbbf.jpg,healthy
/content/drive/My Drive/Colab Notebooks/apple_leaf_specialist/data/final/train/healthy/bfb59b9187fdec5c70d324937ffca429f30b5918e3fd87c90aeedb1df66100b8.jpg,healthy
/content/drive/My Drive/Colab Notebooks/apple_leaf_specialist/data/final/train/healthy/ce66fb63f1164149bf1c8d7d8a53b2e54f2174a1dbb92c7393bd80a325d79a69.jpg,healthy
/content/drive/My Drive/Colab Notebooks/apple_leaf_specialist/data/final/train/scab/e90eab903ce5f015c8b5dde12c9370b7a02fc39603869df2c622c6beaa3e3906.jpg,scab
/content/drive/My Drive/Colab Notebooks/apple_leaf_specialist/data/final/train/black_rot/218e80d124836f3cd70052d8eee30ed507f7a2b17ebd86dd25aa2a32c1b25c27.jpg,black_rot
/content/drive/My Drive/Colab Notebooks/apple_leaf_specialist/data/final/train/rust/37f9777bd695d2fa638d0a3c141466d0a7bbfd6288f52ec23d9496547af8b7d6.jpg,rust
/content/drive/My Drive/Colab Notebooks/apple_leaf_specialist/data/final/train/rust/381f85fb909a0891750cbca8db5e73f7283ad4860a571d6ae6d89ddf2621cd19.jpg,rust
/content/drive/My Drive/Colab Notebooks/apple_leaf_specialist/data/final/train/healthy/b703bc9b4051c091a609976119cf60573a17874f5fc33cf4303b171a86fcc5b5.jpg,healthy
/content/drive/My Drive/Colab Notebooks/apple_leaf_specialist/data/final/train/rust/a819a2447d40e2dcb6c0a730738b024acafaa0884059f2c670f25d826aaf80b0.jpg,rust
/content/drive/My Drive/Colab Notebooks/apple_leaf_specialist/data/final/train/scab/0e4affd300101b0a18f769a80bc42d637eff21cace17112a4859442af03fe37e.jpg,scab
/content/drive/My Drive/Colab Notebooks/apple_leaf_specialist/data/final/train/healthy/d50239105001bc9c2a0bbdd20b27c3a269d4eb85152ce4bb9288d7ae43c39a5f.jpg,healthy
/content/drive/My Drive/Colab Notebooks/apple_leaf_specialist/data/final/train/scab/e85fd92b0bed777451fe6870767ffbb640455a242930a1aae5ee4a9f111365ff.jpg,scab
/content/drive/My Drive/Colab Notebooks/apple_leaf_specialist/data/final/train/scab/19fff66c144502f7cd976c57a651d5e7bded67dd404ccabfd76d757eef030d3a.jpg,scab
/content/drive/My Drive/Colab Notebooks/apple_leaf_specialist/data/final/train/healthy/f4957d1775ce0866aa41b798a3f8c73cc17252ed34148a1595133e742b0d70a8.jpg,healthy
/content/drive/My Drive/Colab Notebooks/apple_leaf_specialist/data/final/train/rust/b1aa5ccf4d4f83c26bb3b2b2a19069aec94d63fcdb21025ca69695c9af02143d.jpg,rust
/content/drive/My Drive/Colab Notebooks/apple_leaf_specialist/data/final/train/scab/e510fbddc27d1cbf05e3dca2e628f42f19ccbc82dd2f556eafc529e7f7f07cce.jpg,scab
/content/drive/My Drive/Colab Notebooks/apple_leaf_specialist/data/final/train/black_rot/61ee9a830404739ded699f6acdd0834d2df9a012ddc48566f4d8424ce0d65b99.jpg,black_rot
/content/drive/My Drive/Colab Notebooks/apple_leaf_specialist/data/final/train/black_rot/18ffce24d80c8493f03566782af6e3d0c9f7ca72950edbb2d406dad88d2b72a0.jpg,black_rot
/content/drive/My Drive/Colab Notebooks/apple_leaf_specialist/data/final/train/rust/3f1799da1c39a61d7d4779b0213cf65694f0365f7e9c123a2b0e7dce084d1acc.jpg,rust
/content/drive/My Drive/Colab Notebooks/apple_leaf_specialist/data/final/train/healthy/70f2b87e7847a2ecb63747eb702691abb4106bd33ff2d80521470f825407b52e.jpg,healthy
/content/drive/My Drive/Colab Notebooks/apple_leaf_specialist/data/final/train/rust/6343e659b79a0384fe32263c30116eda4428cd16168ebd07601bfc4ffc6d06ac.jpg,rust
/content/drive/My Drive/Colab Notebooks/apple_leaf_specialist/data/final/train/scab/911366166db3372d0adbc0e80b56b48b28b74049a42d0cd392be2e2bae321e46.jpg,scab
/content/drive/My Drive/Colab Notebooks/apple_leaf_specialist/data/final/train/healthy/a7a05ce580264d1e13900e20fd539e56ea0fa13a6107100c2a98012fe0b40bbf.jpg,healthy
/content/drive/My Drive/Colab Notebooks/apple_leaf_specialist/data/final/train/healthy/ed69aab2bc3e8cbb3a401a8b0e9c373ab83891551faa8ceb970fa1d64a17066e.jpg,healthy
/content/drive/My Drive/Colab Notebooks/apple_leaf_specialist/data/final/train/black_rot/86c3274164c8a976c9bb4cf53db58b1651d7597de31370f84867b4f110d5c71f.jpg,black_rot
/content/drive/My Drive/Colab Notebooks/apple_leaf_specialist/data/final/train/healthy/ccd00d8d56c2997d9078d76056a887d887e7c78a50e58dbfe5528ae909b7e22a.jpg,healthy
/content/drive/My Drive/Colab Notebooks/apple_leaf_specialist/data/final/train/healthy/346481ba316d2d5c7e0bbaac45a353d35ab7ad832f0e517a5f8222dc617ae22a.jpg,healthy
/content/drive/My Drive/Colab Notebooks/apple_leaf_specialist/data/final/train/scab/db3d62f9385a0fe4389592412723d27ba3b2b3464b412cb2001c06a79db36684.jpg,scab
/content/drive/My Drive/Colab Notebooks/apple_leaf_specialist/data/final/train/healthy/7488eb5f6f11c7a1c21b5d9817c0c0f5ef23f488cef730d44159546667dacd83.jpg,healthy
/content/drive/My Drive/Colab Notebooks/apple_leaf_specialist/data/final/train/healthy/eb021510e50514831afc3c700d6fa9ecb7254aef53db56281b84cbdb69ab4911.jpg,healthy
/content/drive/My Drive/Colab Notebooks/apple_leaf_specialist/data/final/train/healthy/e0ae5f958d175a7565c0a3cdb8db4478520605a6f1b2021a1f0222ce745070b7.jpg,healthy
/content/drive/My Drive/Colab Notebooks/apple_leaf_specialist/data/final/train/healthy/e39a8940bf8b5ae693b798d53e3a4711355129a404e7863998c74d9646b2d770.jpg,healthy
/content/drive/My Drive/Colab Notebooks/apple_leaf_specialist/data/final/train/healthy/f477d2532ceb9a18a2ddf9301ddbbc08ecce0c4856daadd74de358fd51d4f1af.jpg,healthy
/content/drive/My Drive/Colab Notebooks/apple_leaf_specialist/data/final/train/black_rot/1029a8accdb74d26a5e00c84511c59eccc38453e2cb463fed54d42d6ae12ad22.jpg,black_rot
/content/drive/My Drive/Colab Notebooks/apple_leaf_specialist/data/final/train/scab/d982eb3807513236b6155d56bfe5d52aaeb6d107ac6fbd7b3db797f8ca7648e6.jpg,scab
/content/drive/My Drive/Colab Notebooks/apple_leaf_specialist/data/final/train/scab/258dec4fd5fe4be6934f9cbb020bde73bee2c96786ab7cd072b20f7904e401af.jpg,scab
/content/drive/My Drive/Colab Notebooks/apple_leaf_specialist/data/final/train/black_rot/87bacd084aa5c540b54f5f9f4f831f1f1031981da3e2812ca1ddab8993c02943.jpg,black_rot
/content/drive/My Drive/Colab Notebooks/apple_leaf_specialist/data/final/train/black_rot/25928e5a9febcea675e3d3931f694420a6bd8b49e39cfa23af96b20eece43969.jpg,black_rot
/content/drive/My Drive/Colab Notebooks/apple_leaf_specialist/data/final/train/black_rot/cbae027beac281d4de394a3e4f1432724c84d5338689b3ac380de07cf539eb3c.jpg,black_rot
/content/drive/My Drive/Colab Notebooks/apple_leaf_specialist/data/final/train/black_rot/d5167ba26f20111f701791ac25a382a7082134e30f459a26fdd1af2d321e1633.jpg,black_rot
/content/drive/My Drive/Colab Notebooks/apple_leaf_specialist/data/final/train/black_rot/22d04f0cc590e0d099cc367c4c04a05b7c7f69d57691325eff281bb74a3ace28.jpg,black_rot
/content/drive/My Drive/Colab Notebooks/apple_leaf_specialist/data/final/train/scab/d95e7c9b71ec40856fe6d064b83d6a0b3224e21d265fc6cdf47503291ea08ff5.jpg,scab
/content/drive/My Drive/Colab Notebooks/apple_leaf_specialist/data/final/train/rust/6bd9321b644793b409b386a4e35fe7d0b130f78b86fd83b47cd4f8e8a07fb0ac.jpg,rust
/content/drive/My Drive/Colab Notebooks/apple_leaf_specialist/data/final/train/scab/43857c97fc0f497f5d3ccd1b7eca0be25524285d2eb9c718a30ceaca0b5c2a55.jpg,scab
/content/drive/My Drive/Colab Notebooks/apple_leaf_specialist/data/final/train/healthy/52928faa068e5afb8af239ec7741d7346a1b4dc795839450eba6d98793f740ab.jpg,healthy
/content/drive/My Drive/Colab Notebooks/apple_leaf_specialist/data/final/train/scab/56c00c0f5293147f12132ccf2e3d8ead98c49f61b3bcef626415204c434a864c.jpg,scab
/content/drive/My Drive/Colab Notebooks/apple_leaf_specialist/data/final/train/healthy/981e9a037d3152ddc2bbc65c3bc3ea29063c12316358ae3ea31543928cf5f778.jpg,healthy
/content/drive/My Drive/Colab Notebooks/apple_leaf_specialist/data/final/train/black_rot/1561ae769d0f83949937cf2a95eb8c981a5f6210aa450bd5b52d4733b4f1782a.jpg,black_rot
/content/drive/My Drive/Colab Notebooks/apple_leaf_specialist/data/final/train/black_rot/db9e0abdececa578c2ed244004b5f5d26da58a43e148fd0db2c1409d5f741cc0.jpg,black_rot
/content/drive/My Drive/Colab Notebooks/apple_leaf_specialist/data/final/train/healthy/07cb327491a4a17974753b30682f117f8c25404362f917a8ad78660fa52af54f.jpg,healthy
/content/drive/My Drive/Colab Notebooks/apple_leaf_specialist/data/final/train/scab/314d6228c615825f33505df2ab8ddff7a35ea0e500b0bc815285318e8ccc3cab.jpg,scab
/content/drive/My Drive/Colab Notebooks/apple_leaf_specialist/data/final/train/healthy/6289b624924664965e1db043a809b9844cf488fc5ef946f93651747fc41e49cd.jpg,healthy
/content/drive/My Drive/Colab Notebooks/apple_leaf_specialist/data/final/train/healthy/c912481a22d45378974bb87d05683812ab7bc26c535f245a23db9e25124c536a.jpg,healthy
/content/drive/My Drive/Colab Notebooks/apple_leaf_specialist/data/final/train/healthy/cde723b6dc63e92cb1ea5cb93d3771cc80a4cd06ec97ba31e612a6290b3fd459.jpg,healthy
/content/drive/My Drive/Colab Notebooks/apple_leaf_specialist/data/final/train/black_rot/7e6f561b9f6e04020f4dda543b5b1181c9b36cf0d8530e097c9faeff52b9fbad.jpg,black_rot
/content/drive/My Drive/Colab Notebooks/apple_leaf_specialist/data/final/train/healthy/b5d909b0b0ad6fdf2c76eb901237a542ac570ce5ef9b40baa1bffd304813053e.jpg,healthy
/content/drive/My Drive/Colab Notebooks/apple_leaf_specialist/data/final/train/healthy/89727e63e08d377e18a23da53784fa04cbce44a0618773107e0b1d6d0f65ea59.jpg,healthy
/content/drive/My Drive/Colab Notebooks/apple_leaf_specialist/data/final/train/healthy/c46be730727cf5d97190acee3b2d1db18c5b8c8e1efff0f2d3ea2a3dad9fa0af.jpg,healthy
/content/drive/My Drive/Colab Notebooks/apple_leaf_specialist/data/final/train/healthy/4b3dd86116abf346522cd03c2080a72564a1f0c5c3684d2a71d766f15e72e9ef.jpg,healthy
/content/drive/My Drive/Colab Notebooks/apple_leaf_specialist/data/final/train/healthy/3bf3cf7206af241a2de471fac3f18e8a769aafc8ff77272dfb1a105b52b78e50.jpg,healthy
/content/drive/My Drive/Colab Notebooks/apple_leaf_specialist/data/final/train/healthy/f655810fb290137d346d36d95fec2e101c83f1e6029dd7069f440fcebc975fce.jpg,healthy
/content/drive/My Drive/Colab Notebooks/apple_leaf_specialist/data/final/train/black_rot/168045c94fda9a7d605a9751f9ab58af7a7ae7a96163895ff0b9b80aed1bca13.jpg,black_rot
/content/drive/My Drive/Colab Notebooks/apple_leaf_specialist/data/final/train/healthy/928f3738e39bd9d7019bf44482b325f73f8d100898d815e6c337be2e04eef728.jpg,healthy
/content/drive/My Drive/Colab Notebooks/apple_leaf_specialist/data/final/train/healthy/5d550d74fa05256b72654f33505b7395864faff4e30030bdf25516402fd4a716.jpg,healthy
/content/drive/My Drive/Colab Notebooks/apple_leaf_specialist/data/final/train/healthy/6f18605a2d0165ce8cec179e0b9e72728d24aff5b681019850b43a8fcad0cd29.jpg,healthy
/content/drive/My Drive/Colab Notebooks/apple_leaf_specialist/data/final/train/rust/781cef537eef261e1fba332c1ebe573d5dc4c7ba12830ac6ed7476f40c6bd66c.jpg,rust
/content/drive/My Drive/Colab Notebooks/apple_leaf_specialist/data/final/train/black_rot/72cc91733d4145f8f489b584454213aed24b4008616ffab0b3ed5405048051ef.jpg,black_rot
/content/drive/My Drive/Colab Notebooks/apple_leaf_specialist/data/final/train/black_rot/954ea4b3f5b44786e7dbbbccb8dc22eb0e2b7e6117ef72c8093f05ac51379b11.jpg,black_rot
/content/drive/My Drive/Colab Notebooks/apple_leaf_specialist/data/final/train/healthy/e2dd82564cf4d37fe6e5e1211aa0da25af62dddc4b1362edbd34038be16b4354.jpg,healthy
/content/drive/My Drive/Colab Notebooks/apple_leaf_specialist/data/final/train/scab/fbf8415dc34e080c2ea96f511d81781558567257dedba00b5e3daeed068efb3b.jpg,scab
/content/drive/My Drive/Colab Notebooks/apple_leaf_specialist/data/final/train/scab/6edc6cdf54a1bbbb4a5c48d9389fadd6e4a2c64d38c4c4e64ab6b3775d6add64.jpg,scab
/content/drive/My Drive/Colab Notebooks/apple_leaf_specialist/data/final/train/rust/d16ce7664a4a63fad3c86d077fa6cb808ee26171a4c23427fb7f382b1834d5e8.jpg,rust
/content/drive/My Drive/Colab Notebooks/apple_leaf_specialist/data/final/train/healthy/b940b993e85d12a35d086f3a61b471e6ffe981910eca2aa01e9edea10f1c59d7.jpg,healthy
/content/drive/My Drive/Colab Notebooks/apple_leaf_specialist/data/final/train/healthy/067c00499ba8b98ddb6f11aab2b154a6f2b749cfdfc7857e74f4a8d1135ab90f.jpg,healthy
/content/drive/My Drive/Colab Notebooks/apple_leaf_specialist/data/final/train/healthy/a682abbaa18f8fbc44d23105c748cd166b2063e49b794b52f3b9892d4403d6dd.jpg,healthy
/content/drive/My Drive/Colab Notebooks/apple_leaf_specialist/data/final/train/scab/0c22875051360ff7e9f99818eeaaf8973e681d34c1c63d3b14153ab2838b57b4.jpg,scab
/content/drive/My Drive/Colab Notebooks/apple_leaf_specialist/data/final/train/scab/6fa682c1b8a5873cbba5414fa0f8c57c66e308b1dff7d6700f34045c957a094d.jpg,scab
/content/drive/My Drive/Colab Notebooks/apple_leaf_specialist/data/final/train/healthy/7dc06db0ebe502b47df441d6e57ed702be47eda2c438c0d9b0ba4f833c186691.jpg,healthy
/content/drive/My Drive/Colab Notebooks/apple_leaf_specialist/data/final/train/healthy/d8bb4946a217edefc33540f97b26a7321e1519d053cdfc6f7d1a8cdeb573e30d.jpg,healthy
/content/drive/My Drive/Colab Notebooks/apple_leaf_specialist/data/final/train/scab/8f65f43c068c9a849639bead79e847d98393ba81aab8a144fa33d6797bb80386.jpg,scab
/content/drive/My Drive/Colab Notebooks/apple_leaf_specialist/data/final/train/healthy/c82eb0562c6bc9127c86ea4290687906fc203cc4ec5e316f1e1549b686f58098.jpg,healthy
/content/drive/My Drive/Colab Notebooks/apple_leaf_specialist/data/final/train/healthy/1670ff9f438adb393907c832664fbb8add6c4edfb0fd87e468062bf38ff6af45.jpg,healthy
/content/drive/My Drive/Colab Notebooks/apple_leaf_specialist/data/final/train/healthy/134430fb23281fcb7de35328da6247d8e0387b1b842ca20c719eb1221abb2d8b.jpg,healthy
/content/drive/My Drive/Colab Notebooks/apple_leaf_specialist/data/final/train/black_rot/76271f4f49015dd92236de59486adfe97d490923149cbf024c9e45458b799baa.jpg,black_rot
/content/drive/My Drive/Colab Notebooks/apple_leaf_specialist/data/final/train/black_rot/7aae8ca60c734775417a2785d4e7d1e5dbd3501c108781f0bf107a86b3a3e50f.jpg,black_rot
/content/drive/My Drive/Colab Notebooks/apple_leaf_specialist/data/final/train/scab/df9c08a2a40dec6c134ef0108c8264519501fc4baf9a97c8c907c3860238f1da.jpg,scab
/content/drive/My Drive/Colab Notebooks/apple_leaf_specialist/data/final/train/healthy/1e552a0e8799bc473a8100a922eec1124eefad75d6c9346c7e72ada2225d26e5.jpg,healthy
/content/drive/My Drive/Colab Notebooks/apple_leaf_specialist/data/final/train/healthy/243393829c9fce51ebc610b448318c683a1cd4b73157da096ebe50759d16c6c7.jpg,healthy
/content/drive/My Drive/Colab Notebooks/apple_leaf_specialist/data/final/train/black_rot/626f8404c7c6c2a94d589f907e816ad9e7b1bb691fd9944d811263cb8a111d64.jpg,black_rot
/content/drive/My Drive/Colab Notebooks/apple_leaf_specialist/data/final/train/black_rot/62bad1e855c099359256b9191691c90f8661a1f2d459a1ac64704d6abe811c41.jpg,black_rot
/content/drive/My Drive/Colab Notebooks/apple_leaf_specialist/data/final/train/healthy/139a25ecbaaa0745ba6d07e67dbdffeaf0e5852a940dc37fa26f4f381cab12e5.jpg,healthy
/content/drive/My Drive/Colab Notebooks/apple_leaf_specialist/data/final/train/healthy/87ff02fbe1d0474e8fd96ee13cbc3f21eceff6f05d61f3de34b8ea8c71ed6cb5.jpg,healthy
/content/drive/My Drive/Colab Notebooks/apple_leaf_specialist/data/final/train/healthy/69d7b01809c1b3d4c42d74d680f22616dff06011df603ada323a7739b33103df.jpg,healthy
/content/drive/My Drive/Colab Notebooks/apple_leaf_specialist/data/final/train/healthy/38ebfe6dea54e99cdaff074c73f9edcd9f633de061e9f96de85b66393b796e33.jpg,healthy
/content/drive/My Drive/Colab Notebooks/apple_leaf_specialist/data/final/train/black_rot/aac36b1785c3a126ec4d3127c8dc53b0d8cc8cf31d280b014ec1f6afc62ac9cc.jpg,black_rot
/content/drive/My Drive/Colab Notebooks/apple_leaf_specialist/data/final/train/scab/0a348377af79114c98affa89d70ef6af85a701dbbc353ed47deb3196efbf9306.jpg,scab
/content/drive/My Drive/Colab Notebooks/apple_leaf_specialist/data/final/train/scab/a77f4e545a22899a73174b333ee6364742e8657268400afd3385be948563da2b.jpg,scab
/content/drive/My Drive/Colab Notebooks/apple_leaf_specialist/data/final/train/healthy/3e5f2e24be74edb7319201bdbe14104fd7923429b89f59da1f2d7fc362cd1b36.jpg,healthy
/content/drive/My Drive/Colab Notebooks/apple_leaf_specialist/data/final/train/scab/543c2324a10971fb574b6a0f40eb60d1297504b629eb881e8148954c93e36820.jpg,scab
/content/drive/My Drive/Colab Notebooks/apple_leaf_specialist/data/final/train/healthy/c82440bc4a87fd9fef416e47c84f574ca2ee296ba6b18ec4319b33bd26c11ea0.jpg,healthy
/content/drive/My Drive/Colab Notebooks/apple_leaf_specialist/data/final/train/scab/bef52d66fb6d09bb488d82177b9439dd59f85d99b54c4f8084d6e4503e4b8721.jpg,scab
/content/drive/My Drive/Colab Notebooks/apple_leaf_specialist/data/final/train/black_rot/f06401a2ed87b596c3db066f2562e076fe345db159c241bc7939b6e75d737889.jpg,black_rot
/content/drive/My Drive/Colab Notebooks/apple_leaf_specialist/data/final/train/healthy/01473afdd23b7b800666b50c62fc035403c5042d328f5e0bafed2fa42ea3a0d4.jpg,healthy
/content/drive/My Drive/Colab Notebooks/apple_leaf_specialist/data/final/train/black_rot/0d273551dcee9ddcb36ebaca83a610e6a3be82fee8a1c5a60231ca3da6b1ba18.jpg,black_rot
/content/drive/My Drive/Colab Notebooks/apple_leaf_specialist/data/final/train/healthy/5b4a72352d1126025c77aaab31c9453e10342f492b7f69015c97f7eef38909a3.jpg,healthy
/content/drive/My Drive/Colab Notebooks/apple_leaf_specialist/data/final/train/healthy/96a284746f08a15b682a2c24c50409b1a0fa6bd9d1f0d14b9cedb7a9d31c1b7d.jpg,healthy
/content/drive/My Drive/Colab Notebooks/apple_leaf_specialist/data/final/train/black_rot/f0b22585213b607dbfe91cedf23ccba0005ed1435b401e5ac8d2a853041f8709.jpg,black_rot
/content/drive/My Drive/Colab Notebooks/apple_leaf_specialist/data/final/train/healthy/2f174d44db5051ed93636e78b27f3f8e4e7e3aa25060c9e2fabb38964a8d2dc8.jpg,healthy
/content/drive/My Drive/Colab Notebooks/apple_leaf_specialist/data/final/train/healthy/4bcc12222636097a019bd2b7e87e1f31dfa8ff08730ffc75048a35583214aa4d.jpg,healthy
/content/drive/My Drive/Colab Notebooks/apple_leaf_specialist/data/final/train/rust/6f08ffd2ee93ebf61b252d9ec9b0169cc0b429d35294c6ab0da688ac0d04fd00.jpg,rust
/content/drive/My Drive/Colab Notebooks/apple_leaf_specialist/data/final/train/healthy/c3714d776a80a86f472a348ac8e1f1e836b6bce51968599cce6d473c5fef6496.jpg,healthy
/content/drive/My Drive/Colab Notebooks/apple_leaf_specialist/data/final/train/scab/6b4373077719b49bee6f059af06941dfd82589fecce61240981393cdfa0ef09c.jpg,scab
/content/drive/My Drive/Colab Notebooks/apple_leaf_specialist/data/final/train/healthy/1a92a60108ebbb88b13b3d061c8b379d1bda85d0f7c0a2c101b393457508b90c.jpg,healthy
/content/drive/My Drive/Colab Notebooks/apple_leaf_specialist/data/final/train/healthy/4a3369f20843d85219bfdc8c0f7fc12c61b30c3d5744dafe6987b879816381a9.jpg,healthy
/content/drive/My Drive/Colab Notebooks/apple_leaf_specialist/data/final/train/healthy/188955efac4eb61adc9170be7211b9f77c05ab4a5b10b64118e316ca46193999.jpg,healthy
/content/drive/My Drive/Colab Notebooks/apple_leaf_specialist/data/final/train/black_rot/1d71b2fc7447c5c72e4228b2ccefc9479fae00d803bae782b95e81cfc9442a67.jpg,black_rot
/content/drive/My Drive/Colab Notebooks/apple_leaf_specialist/data/final/train/scab/f72aedeea67a693561eac664f8f5d6fb2bff9bceb9c18857146788ae78946ccf.jpg,scab
/content/drive/My Drive/Colab Notebooks/apple_leaf_specialist/data/final/train/healthy/1dcfbb55f3f4c65b9c3dbef95d782864c43cb2dcf16e7268ee40a59723a84de2.jpg,healthy
/content/drive/My Drive/Colab Notebooks/apple_leaf_specialist/data/final/train/healthy/878e2237c385e4ce7486582d102cef10422f5648f7e4a661e61221656d702646.jpg,healthy
/content/drive/My Drive/Colab Notebooks/apple_leaf_specialist/data/final/train/black_rot/ab4cf09894bfa6bac4ebb101b97c5483989c4f4933aab96afadb3c47cc40f52b.jpg,black_rot
/content/drive/My Drive/Colab Notebooks/apple_leaf_specialist/data/final/train/healthy/30b5594cb67abe4611a2e74ef304f555d59c5be03208f18a2298b1833a332467.jpg,healthy
/content/drive/My Drive/Colab Notebooks/apple_leaf_specialist/data/final/train/black_rot/0d7ae68e4191cc33efe20a35f16386bac8a93a4227819f4792da8d4eb4edacc7.jpg,black_rot
/content/drive/My Drive/Colab Notebooks/apple_leaf_specialist/data/final/train/black_rot/fb6c9f8473cc50cd8fc18f1d0204423fefb45c4af84e0c61156d604e87e5f006.jpg,black_rot
/content/drive/My Drive/Colab Notebooks/apple_leaf_specialist/data/final/train/healthy/dcf4267845d45ef068086ddf97b5719049e0cfe5342dd4d01c5ce715f87009f9.jpg,healthy
/content/drive/My Drive/Colab Notebooks/apple_leaf_specialist/data/final/train/black_rot/68889bf96aa54a12cd11381a29166b61eb83cf9febbd8565ee0766c0c40e62f1.jpg,black_rot
/content/drive/My Drive/Colab Notebooks/apple_leaf_specialist/data/final/train/healthy/4de891626a5a4a8a91362b986ef4b9addd56b02fa5bd57401e0fa3cbab17b68f.jpg,healthy
/content/drive/My Drive/Colab Notebooks/apple_leaf_specialist/data/final/train/healthy/eb6404469cf41442a7b67200a8ffbe2fae3a5152c20c6a420262850096d22276.jpg,healthy
/content/drive/My Drive/Colab Notebooks/apple_leaf_specialist/data/final/train/healthy/2b35cb3eb2d4d8d833eed64c854a01cb15040d23c16e6f0bc9afde8d4d6c482f.jpg,healthy
/content/drive/My Drive/Colab Notebooks/apple_leaf_specialist/data/final/train/healthy/3c30d0c6a00075f38c4490b1d48687df21d48bce1fef9017bb7381a40000b21b.jpg,healthy
/content/drive/My Drive/Colab Notebooks/apple_leaf_specialist/data/final/train/scab/c15cc63f8f1bd3d0aaf5035e9e3bd67769689f3db9a46267aea4b2421499f554.jpg,scab
/content/drive/My Drive/Colab Notebooks/apple_leaf_specialist/data/final/train/healthy/4bdde091ee6320ea8d8cae3138c712d9662c476b798571176ca11f7ce765180a.jpg,healthy
/content/drive/My Drive/Colab Notebooks/apple_leaf_specialist/data/final/train/scab/776912ec30efca84857f285b5a94182d3df5f863883c473aa380dfc61c3a88a5.jpg,scab
/content/drive/My Drive/Colab Notebooks/apple_leaf_specialist/data/final/train/healthy/8bb07076513d4606adc1cdd73ff385db79049182decd051bf52622feb60bea3b.jpg,healthy
/content/drive/My Drive/Colab Notebooks/apple_leaf_specialist/data/final/train/scab/1b32c6678fef50e3964b10c0933255aa8cc992312b4888b69516cc84342e5140.jpg,scab
/content/drive/My Drive/Colab Notebooks/apple_leaf_specialist/data/final/train/healthy/05d0ca26740231ed1dee29e191cadc7eb64d8b376cd3cb7b649b5968400b54b5.jpg,healthy
/content/drive/My Drive/Colab Notebooks/apple_leaf_specialist/data/final/train/healthy/4f57cf662e9fd1d6c40960faa408038c25c63743f810ce5ea834b2423b7d805a.jpg,healthy
/content/drive/My Drive/Colab Notebooks/apple_leaf_specialist/data/final/train/black_rot/3b3ba565af00845f4d197ec555290ab45bb1c91a216e108604c30fb22bb96763.jpg,black_rot
/content/drive/My Drive/Colab Notebooks/apple_leaf_specialist/data/final/train/healthy/b01376dcb68b5210014bc44c3ffbac9fd9800151056e828caa15ed02b86e36f8.jpg,healthy
/content/drive/My Drive/Colab Notebooks/apple_leaf_specialist/data/final/train/scab/c0f55c5626cc590e3c43924e43524bb3849bfb5f24085e8e945d6044f52c72c9.jpg,scab
/content/drive/My Drive/Colab Notebooks/apple_leaf_specialist/data/final/train/rust/4d299c7ea7b649d28416c0e3f577d81ba98af8ee81a0b2f149b8709fafec951e.jpg,rust
/content/drive/My Drive/Colab Notebooks/apple_leaf_specialist/data/final/train/black_rot/ff27d3e265d59ee67c98e7708642190759ea2ecc9119f781c2b5a9b3452556e8.jpg,black_rot
/content/drive/My Drive/Colab Notebooks/apple_leaf_specialist/data/final/train/black_rot/9b1d878003c14061df3c4c01247a2ad8c0bf40ae64e207a48fc31b57e1b4168c.jpg,black_rot
/content/drive/My Drive/Colab Notebooks/apple_leaf_specialist/data/final/train/scab/7d5c70474656c859cdee54da4e6beb29ccfc5343122a526d88c15d44f1784efc.jpg,scab
/content/drive/My Drive/Colab Notebooks/apple_leaf_specialist/data/final/train/healthy/a56972818bb4e1f4e956e7f6f39977aeb12a02115421918eba8ea2e9123b8ad7.jpg,healthy
/content/drive/My Drive/Colab Notebooks/apple_leaf_specialist/data/final/train/healthy/fd4c1065ed5a9492a5eed821e8db10f98450b27c83bff047e3eae6c9865f80bb.jpg,healthy
/content/drive/My Drive/Colab Notebooks/apple_leaf_specialist/data/final/train/scab/b5a8b5e267e82e11bccfb17e4e147374c910f18673dd0d3528304288f07ae833.jpg,scab
/content/drive/My Drive/Colab Notebooks/apple_leaf_specialist/data/final/train/rust/cc472441a49b9c42fea6ba5a30e32067b67ff3e9efa350a779960cec1a259694.jpg,rust
/content/drive/My Drive/Colab Notebooks/apple_leaf_specialist/data/final/train/healthy/fd12c428524577c9fb65f298213edf29c23aa44d8db2be86788a2388b71c79de.jpg,healthy
/content/drive/My Drive/Colab Notebooks/apple_leaf_specialist/data/final/train/scab/62a7ff9322d538e70501cdb9c32423dc4c6e6d43231018b75f3ad33e7bc001ae.jpg,scab
/content/drive/My Drive/Colab Notebooks/apple_leaf_specialist/data/final/train/healthy/8b21e0d34d7d247a1e93aee604df0e9c12690dcd6baf506185385b23d0eda524.jpg,healthy
/content/drive/My Drive/Colab Notebooks/apple_leaf_specialist/data/final/train/healthy/18e8293286587f89eff6bd0253a951304fb96c8cf98bd33923ecba0d07e97c24.jpg,healthy
/content/drive/My Drive/Colab Notebooks/apple_leaf_specialist/data/final/train/healthy/9dce4fcfc21e2d62f443c7f8b4593076e22d936fb324d5486547c123d5ea18a2.jpg,healthy
/content/drive/My Drive/Colab Notebooks/apple_leaf_specialist/data/final/train/black_rot/c0671fc44b8038107bbc1b0fd2a6405b8eda52dde57773e17b6ca3ad54934c76.jpg,black_rot
/content/drive/My Drive/Colab Notebooks/apple_leaf_specialist/data/final/train/healthy/a54b43a4a5a3149faa92a3002e563d4b416f23a09012d6e79fdda03ff92d794e.jpg,healthy
/content/drive/My Drive/Colab Notebooks/apple_leaf_specialist/data/final/train/healthy/b1bb80cc875649b634266b2ae4cfdf73e9720fc5771cb1e014b4e79c278e4abb.jpg,healthy
/content/drive/My Drive/Colab Notebooks/apple_leaf_specialist/data/final/train/black_rot/c40a80a999d62448317ec440dc635cde232250ec6f81775ca6425b33e9daa0dd.jpg,black_rot
/content/drive/My Drive/Colab Notebooks/apple_leaf_specialist/data/final/train/rust/d25e17c392df85a51e153ced6e01450f07db8bd6abe922ea4badb7b9e7737036.jpg,rust
/content/drive/My Drive/Colab Notebooks/apple_leaf_specialist/data/final/train/rust/65804b50ec5bc9d35fb2263478a49ba2df58b05d511162146fff3a42bca26717.jpg,rust
/content/drive/My Drive/Colab Notebooks/apple_leaf_specialist/data/final/train/healthy/8f21d09c795da5856321376404a996f8e21f9967e2bbab3bc7aabfc1f0e172d7.jpg,healthy
/content/drive/My Drive/Colab Notebooks/apple_leaf_specialist/data/final/train/healthy/accc90cb9c3bfd103f9217424c21a215d82a85f4fe0c477620478e09e141e9de.jpg,healthy
/content/drive/My Drive/Colab Notebooks/apple_leaf_specialist/data/final/train/scab/10872c5a35252f7b726e67eb9b458caf3d694b28f59db15181d96cb05bd434f8.jpg,scab
/content/drive/My Drive/Colab Notebooks/apple_leaf_specialist/data/final/train/black_rot/363a9a7636535481253a7919a961f8fc0734b4eb5a03a0479a2b5462d27637fd.jpg,black_rot
/content/drive/My Drive/Colab Notebooks/apple_leaf_specialist/data/final/train/scab/a97f2aa6a527927cf340d988d8c1988925e57b89cb15b5886fee77969b4ec651.jpg,scab
/content/drive/My Drive/Colab Notebooks/apple_leaf_specialist/data/final/train/healthy/b49457f6add5ddd011a0c2f9bfa4987e842dd2a284c7ba9542709529ac1717af.jpg,healthy
/content/drive/My Drive/Colab Notebooks/apple_leaf_specialist/data/final/train/scab/8d1abe975acfaf202ede979b1fd6e73206ded884174e557958f66fbc924107b2.jpg,scab
/content/drive/My Drive/Colab Notebooks/apple_leaf_specialist/data/final/train/healthy/8e033e34fd096b07542cf221dd419553f28e6d4779a794125f0ec0f5ac9dd53a.jpg,healthy
/content/drive/My Drive/Colab Notebooks/apple_leaf_specialist/data/final/train/scab/a6fdbba1096cbd24bf2aa9e63863eb7b3761b1d3e41dfec59b28583152307499.jpg,scab
/content/drive/My Drive/Colab Notebooks/apple_leaf_specialist/data/final/train/healthy/ae9cbea341ef0d77cda6a98a54fe8c3fd879da3bffda6465d3fe6a6ea5316ad5.jpg,healthy
/content/drive/My Drive/Colab Notebooks/apple_leaf_specialist/data/final/train/black_rot/c053199d69f93d8043bf1d65568fb7a098faf12542a4130d60af25b604ac919d.jpg,black_rot
/content/drive/My Drive/Colab Notebooks/apple_leaf_specialist/data/final/train/healthy/ed53e9917588b8585548d1a462074f242dec7629a3b8b754a1382e82e0830fb7.jpg,healthy
/content/drive/My Drive/Colab Notebooks/apple_leaf_specialist/data/final/train/healthy/11f2dd0c5806e06844fb4b54346ce5b7a218d37a7d9ae7a093ca4919cc9b9dc8.jpg,healthy
/content/drive/My Drive/Colab Notebooks/apple_leaf_specialist/data/final/train/healthy/5112a279fb18578c7598dcf86c7d882490ff92a81487fc0f060fba128d253962.jpg,healthy
/content/drive/My Drive/Colab Notebooks/apple_leaf_specialist/data/final/train/healthy/1bb66a82cf734e28d3da19ac06da5b2ba643454ed04955d8ce369b5041d9f88d.jpg,healthy
/content/drive/My Drive/Colab Notebooks/apple_leaf_specialist/data/final/train/healthy/5c0e91435c08453da9435dcefe9743cabcd9f7d6ad5dc0d724f4fe5441db7813.jpg,healthy
/content/drive/My Drive/Colab Notebooks/apple_leaf_specialist/data/final/train/black_rot/7ad4cb45b526e8d41a9486347d0bd59066f4774311bbd205b856d27430fe3223.jpg,black_rot
/content/drive/My Drive/Colab Notebooks/apple_leaf_specialist/data/final/train/healthy/c6f635844402965580777186421a7f416dc87139beef03ce4843b0a940bbe90d.jpg,healthy
/content/drive/My Drive/Colab Notebooks/apple_leaf_specialist/data/final/train/healthy/6f57e76094832ec7174084b7436052581fef82fcff062ff03ab33b7d9281d899.jpg,healthy
/content/drive/My Drive/Colab Notebooks/apple_leaf_specialist/data/final/train/scab/7738f3f582140fab7a4f2ea7276758021fd7a5d518880ab9e9716617d637a53b.jpg,scab
/content/drive/My Drive/Colab Notebooks/apple_leaf_specialist/data/final/train/healthy/c0a604b5169c1b8d11ee66d48f9109b08d5ed5ab66cc187570c121f0c383a4f6.jpg,healthy
/content/drive/My Drive/Colab Notebooks/apple_leaf_specialist/data/final/train/healthy/e7d29d48b687c26857f93fa54a9dd46f45c4c7c8c7c6705f4f62f2265872da0c.jpg,healthy
/content/drive/My Drive/Colab Notebooks/apple_leaf_specialist/data/final/train/healthy/10e67fdab7e120307948954a3e389c92dadb9909b6a1182a2b33c2edb3c4a6b0.jpg,healthy
/content/drive/My Drive/Colab Notebooks/apple_leaf_specialist/data/final/train/healthy/1bdff42db9e85d8f0cc2926c859ad2d7f70337058bfc1d293c5cd5880a834fa3.jpg,healthy
/content/drive/My Drive/Colab Notebooks/apple_leaf_specialist/data/final/train/healthy/f6a2751e1df4c4dc3e6474d78b68dcee6924386aaca8ea33b02efea8a76a9d54.jpg,healthy
/content/drive/My Drive/Colab Notebooks/apple_leaf_specialist/data/final/train/rust/2851eac568e70e379f6b881d047f4736214b3db7d24ec7aa2fe8625464a42498.jpg,rust
/content/drive/My Drive/Colab Notebooks/apple_leaf_specialist/data/final/train/rust/0eecb966cd2704ef3ad7c338b4791e04db81192a9e439df78a3e7f690967385d.jpg,rust
/content/drive/My Drive/Colab Notebooks/apple_leaf_specialist/data/final/train/scab/c8fe92735a116c27679fbf8d0a407020a28bae6889515688267d3567a4b7ae63.jpg,scab
/content/drive/My Drive/Colab Notebooks/apple_leaf_specialist/data/final/train/black_rot/0fb3be89f606b743d51ef1c90498f3803c7175da70cdd8e54c1e337c5cb62228.jpg,black_rot
/content/drive/My Drive/Colab Notebooks/apple_leaf_specialist/data/final/train/rust/9cff3bee9f1621660edaada1a00a274e2405eac4495277cc251e8c7273fbf9bf.jpg,rust
/content/drive/My Drive/Colab Notebooks/apple_leaf_specialist/data/final/train/healthy/b7d9c8462c5c46cbb97afefd972740fe667905d800ee7abadc39dfb8b4b7dbcc.jpg,healthy
/content/drive/My Drive/Colab Notebooks/apple_leaf_specialist/data/final/train/scab/7b1a922eed73b3ba6c95fc261890c8055428ac9fcdc72dd0ddbc7bae0bb1ada4.jpg,scab
/content/drive/My Drive/Colab Notebooks/apple_leaf_specialist/data/final/train/scab/5c8d99b525cc96f92c7b644e6b080c4bedee6f141328a0f5b4f1f8c6d17bfd63.jpg,scab
/content/drive/My Drive/Colab Notebooks/apple_leaf_specialist/data/final/train/black_rot/af151d7b986735300a2a7fc739fba10027fd7d9cd628eccb636220039432698a.jpg,black_rot
/content/drive/My Drive/Colab Notebooks/apple_leaf_specialist/data/final/train/healthy/e68102b83ba2d0dcc5ea97f63a7bcc5f019c588cd58ba042c248248b6e2af222.jpg,healthy
/content/drive/My Drive/Colab Notebooks/apple_leaf_specialist/data/final/train/rust/fa6f92301471dbe96bbf29b3d4932a4f4cd602d77a9d0620e0e28b5a591006ec.jpg,rust
/content/drive/My Drive/Colab Notebooks/apple_leaf_specialist/data/final/train/healthy/f1bacdcb3775483518247f987d76627798e1649d223891bee9c3a573ede6bc84.jpg,healthy
/content/drive/My Drive/Colab Notebooks/apple_leaf_specialist/data/final/train/rust/b751457fd2d1be09eb6b1525fca872f29d232ce6ac8c60308cbf42c4197f86e1.jpg,rust
/content/drive/My Drive/Colab Notebooks/apple_leaf_specialist/data/final/train/black_rot/7bcfbc548149fa6dc9b0af55029c87b59a7acdcbc8a7b0128f6b3fd255e45a7e.jpg,black_rot
/content/drive/My Drive/Colab Notebooks/apple_leaf_specialist/data/final/train/healthy/7ab5cf0cee18672881db5859b0af68b24a8faa4ec8085d94cea665d16a716ff3.jpg,healthy
/content/drive/My Drive/Colab Notebooks/apple_leaf_specialist/data/final/train/black_rot/e1a756fd26b25976678cc9898603c630b1517f757895ab32c96de183292e9ab2.jpg,black_rot
/content/drive/My Drive/Colab Notebooks/apple_leaf_specialist/data/final/train/rust/74a55659dbf38d597cf6b42c7dd48d795b839ec5daaa7a936d8a6314e758ee2f.jpg,rust
/content/drive/My Drive/Colab Notebooks/apple_leaf_specialist/data/final/train/healthy/6aeadf160a43f7f30c16fa2131506994a77be7742a23362e7d2fd9269a86f691.jpg,healthy
/content/drive/My Drive/Colab Notebooks/apple_leaf_specialist/data/final/train/healthy/335997100d4fa25decda4068796f316cfa2a73d1b1ebd3f25bd32f80fe0b32ac.jpg,healthy
/content/drive/My Drive/Colab Notebooks/apple_leaf_specialist/data/final/train/scab/3b4d6133354d89ecb5d297547c47033e6572040594f6c5aaa911ecb244069f9a.jpg,scab
/content/drive/My Drive/Colab Notebooks/apple_leaf_specialist/data/final/train/healthy/b5780bf767476802c836dee8bd694e2043c36d3be105e0a87ed873e140d92b4e.jpg,healthy
/content/drive/My Drive/Colab Notebooks/apple_leaf_specialist/data/final/train/healthy/0415c4bd89022a25403a5c1d3cf34e729b22df1c9e5e249e3a563edc5bf89f73.jpg,healthy
/content/drive/My Drive/Colab Notebooks/apple_leaf_specialist/data/final/train/black_rot/73829db7725d275ca9cc474a2a46e44bc0f399223b6916a9b43f530ccab496e4.jpg,black_rot
/content/drive/My Drive/Colab Notebooks/apple_leaf_specialist/data/final/train/scab/d1d2317afa61c360c60e2bc8808b13ddd392b2bb823915594068101b93948a56.jpg,scab
/content/drive/My Drive/Colab Notebooks/apple_leaf_specialist/data/final/train/healthy/223dbfc365efce11e4fb4ea26c44be5cfdb5142acef4eb95a4e974cf70170f3e.jpg,healthy
/content/drive/My Drive/Colab Notebooks/apple_leaf_specialist/data/final/train/healthy/c443dd452293656b72b82884e44adf0fc56bd9c2007c93c81a1cfefadf3bab08.jpg,healthy
/content/drive/My Drive/Colab Notebooks/apple_leaf_specialist/data/final/train/healthy/549c8e4593795e1695e0763731c924cc6d4e89a25b4d41a5d3b250880d1d54fa.jpg,healthy
/content/drive/My Drive/Colab Notebooks/apple_leaf_specialist/data/final/train/rust/4d7087f75c01208602fb7eeccfe889d9919a3aa4da0d40cd3f07622917cfcc65.jpg,rust
/content/drive/My Drive/Colab Notebooks/apple_leaf_specialist/data/final/train/healthy/ab91ad97216326df8ae87af7959d9bee82028eab14c752f53782a9a2de10968c.jpg,healthy
/content/drive/My Drive/Colab Notebooks/apple_leaf_specialist/data/final/train/black_rot/e8bd679085796f84fc43a6ca4843a3880c860025cd708936730868d2d8c930f0.jpg,black_rot
/content/drive/My Drive/Colab Notebooks/apple_leaf_specialist/data/final/train/scab/5c9eb03308385fac561646ba5ba2a6da8ab9f2ae8fb8df5700be24e8f7710425.jpg,scab
/content/drive/My Drive/Colab Notebooks/apple_leaf_specialist/data/final/train/healthy/d456211362d90529650b11a272dcee6efb2266e2641011a3cf2d2e8c5e3e3bf7.jpg,healthy
/content/drive/My Drive/Colab Notebooks/apple_leaf_specialist/data/final/train/black_rot/c101dfa22ce9ccf4e2ac8fcb97f84012c63f2d9f992d6514a3e134904805811f.jpg,black_rot
/content/drive/My Drive/Colab Notebooks/apple_leaf_specialist/data/final/train/healthy/a64b78d80c3dc52277fd12bef06148c829b449d3b5a98e3bf344638e64076f95.jpg,healthy
/content/drive/My Drive/Colab Notebooks/apple_leaf_specialist/data/final/train/scab/d0700d33e4722ffee57b46b3629d7700134c15058856a77bc9be0b082001d2c3.jpg,scab
/content/drive/My Drive/Colab Notebooks/apple_leaf_specialist/data/final/train/rust/eabecb820f39ae4153d08663dc00810b334ee846caf588f50df91e8610960743.jpg,rust
/content/drive/My Drive/Colab Notebooks/apple_leaf_specialist/data/final/train/healthy/ff02f773c0181530b0630a2c0f64874a0516524ab0caaaf454c5007669f39614.jpg,healthy
/content/drive/My Drive/Colab Notebooks/apple_leaf_specialist/data/final/train/healthy/041bd6084b33227a6cbea7514c5e19cf14196d4a44c276114cb9bf5aa88f1d33.jpg,healthy
/content/drive/My Drive/Colab Notebooks/apple_leaf_specialist/data/final/train/healthy/bdd1f3f6712f20a4535c5177c1905960930cfa318ae1312d031f6c4e442ca048.jpg,healthy
/content/drive/My Drive/Colab Notebooks/apple_leaf_specialist/data/final/train/black_rot/47da761ea601c748ae2038283113b2694c1d7004a887809a7cbecf3b7e8dacb9.jpg,black_rot
/content/drive/My Drive/Colab Notebooks/apple_leaf_specialist/data/final/train/healthy/61deb3d53df15172732c30bedc8798c428d154cf2cc825757775563d2f435a70.jpg,healthy
/content/drive/My Drive/Colab Notebooks/apple_leaf_specialist/data/final/train/healthy/4f8e20efd960bc9458c916dbd4a7a777df8e980972e4dfcc0015c91f7cba689b.jpg,healthy
/content/drive/My Drive/Colab Notebooks/apple_leaf_specialist/data/final/train/healthy/225b917f4847fa464f84dfe9af2004adcffbfbac4bcda1e48f9ab0125ab2339e.jpg,healthy
/content/drive/My Drive/Colab Notebooks/apple_leaf_specialist/data/final/train/healthy/7666ca4421f8f7f33db04073219012eeda58c78281a32c0ef3bc82bd06c5775a.jpg,healthy
/content/drive/My Drive/Colab Notebooks/apple_leaf_specialist/data/final/train/rust/2964952873cbca90c9f30f5a3850bdc429cdccc9dc30d39d17c8a19ce81a502e.jpg,rust
/content/drive/My Drive/Colab Notebooks/apple_leaf_specialist/data/final/train/scab/78eac2b93fa05309a867f99ae08a32d9bba9813c92dbd0935f96b75170a3ebb6.jpg,scab
/content/drive/My Drive/Colab Notebooks/apple_leaf_specialist/data/final/train/healthy/542589a8ec07585ae48c060461e271d4df4dcedf1cc0d817b64b42877315b250.jpg,healthy
/content/drive/My Drive/Colab Notebooks/apple_leaf_specialist/data/final/train/scab/615d9730a7ae8c1457504fb2e2a9e57f964f6925fb3339698f9c9b5ab53a5cc0.jpg,scab
/content/drive/My Drive/Colab Notebooks/apple_leaf_specialist/data/final/train/healthy/0c24b0168b135b70aa2aa29f4a66113698bc5605925b23487eccc4fa9ef5c912.jpg,healthy
/content/drive/My Drive/Colab Notebooks/apple_leaf_specialist/data/final/train/scab/8fb54a1e883a9ea003215bb052dc6e6cf2683cfc65519aa7103598fc2ae7a244.jpg,scab
/content/drive/My Drive/Colab Notebooks/apple_leaf_specialist/data/final/train/healthy/530052cbac9f3a98cfe70a9115d9b76c49d0cd1fe3977c2d1637cc50734beb06.jpg,healthy
/content/drive/My Drive/Colab Notebooks/apple_leaf_specialist/data/final/train/rust/f96cb07399d0db56d1679fb119ab6f5f70229eb0ddb1044042d5351dbb75ea0a.jpg,rust
/content/drive/My Drive/Colab Notebooks/apple_leaf_specialist/data/final/train/healthy/4c26f6f9d062c42d010fc369d2fae9fb63afb3f426c8bb2b5d8e4aee02a2e2ef.jpg,healthy
/content/drive/My Drive/Colab Notebooks/apple_leaf_specialist/data/final/train/healthy/5c7e8b7dd0ecc8d9a5dc43aa01c94188c05d7b1ba3eca9a2439a38a7028e18a3.jpg,healthy
/content/drive/My Drive/Colab Notebooks/apple_leaf_specialist/data/final/train/healthy/e963be8d91376a79f1d40417ca2d8b15fa4dca8333100799a4edb75bc068c081.jpg,healthy
/content/drive/My Drive/Colab Notebooks/apple_leaf_specialist/data/final/train/black_rot/0bbb9c7eb359fd4995342f4e695f9e5180c79d1d377a58c8fd93b5413ea238ea.jpg,black_rot
/content/drive/My Drive/Colab Notebooks/apple_leaf_specialist/data/final/train/scab/0a90f558d01561f1d8e9eeef2303d8377f411e5a84bcd2213f25d15c01d37266.jpg,scab
/content/drive/My Drive/Colab Notebooks/apple_leaf_specialist/data/final/train/healthy/0f24ce35c10729f828b4982e2740f6b7563833fbf9591e8b9e54a1e533784bfa.jpg,healthy
/content/drive/My Drive/Colab Notebooks/apple_leaf_specialist/data/final/train/healthy/f33875534ba1b0639cffd5874caf210109b8da12a26a44e38c207ce7fbfd2a7e.jpg,healthy
/content/drive/My Drive/Colab Notebooks/apple_leaf_specialist/data/final/train/black_rot/f3957ab9294b27e533e99e9cb1895570d1ab4b508706b7d69d44badc013dda72.jpg,black_rot
/content/drive/My Drive/Colab Notebooks/apple_leaf_specialist/data/final/train/healthy/03d8cc2a475fc4456f1ca7f9cc9645b6221eeedb355918fcb0d3a07973f101c8.jpg,healthy
/content/drive/My Drive/Colab Notebooks/apple_leaf_specialist/data/final/train/rust/3407dfd170b657431e05a426669ae0fa242723145ae02b491d8d6dc16c0eb6a6.jpg,rust
/content/drive/My Drive/Colab Notebooks/apple_leaf_specialist/data/final/train/healthy/22cf98c47053b2e2b5999ebf9a1c5bac40873dda7d9fe54a9af3b7cfc22bcbe3.jpg,healthy
/content/drive/My Drive/Colab Notebooks/apple_leaf_specialist/data/final/train/scab/c2037beab6c2ea665c561a7a917568b63c629087d2dd6ec5e913a857c7d22e8c.jpg,scab
/content/drive/My Drive/Colab Notebooks/apple_leaf_specialist/data/final/train/healthy/bb8684fa1dba90404cc808d56637439405d5a3c16ba2e44799a31b52b981de9a.jpg,healthy
/content/drive/My Drive/Colab Notebooks/apple_leaf_specialist/data/final/train/healthy/6e13189a461868fcce5a885d42118153ba792acd59e2d706ffddf5f07f161a78.jpg,healthy
/content/drive/My Drive/Colab Notebooks/apple_leaf_specialist/data/final/train/scab/eae0b85a46f68ef3321ced7ed2a4525df00243ae18e842616b0af3f05adaa5d0.jpg,scab
/content/drive/My Drive/Colab Notebooks/apple_leaf_specialist/data/final/train/healthy/5a1af816ed3f4f72275045b2b828a61fcc5bb60df53d8f108893b635b3cfdd94.jpg,healthy
/content/drive/My Drive/Colab Notebooks/apple_leaf_specialist/data/final/train/healthy/65d5459505f92b756468eca0ca80bd610826523dc9e41bf30e0ba237cc60cedc.jpg,healthy
/content/drive/My Drive/Colab Notebooks/apple_leaf_specialist/data/final/train/rust/5ac9ab1a44299cc397bceef86997257ed2585ef543f6d75a420c4f138a613920.jpg,rust
/content/drive/My Drive/Colab Notebooks/apple_leaf_specialist/data/final/train/healthy/69be6f9693eee77fe19c6ae5c78c033edd5415f41b5039434a62607f93de43de.jpg,healthy
/content/drive/My Drive/Colab Notebooks/apple_leaf_specialist/data/final/train/scab/0a3036b25cf0ca3b6b0eb5fd87fad403bf33f1464c3bde753df31ef818d0d2c5.jpg,scab
/content/drive/My Drive/Colab Notebooks/apple_leaf_specialist/data/final/train/healthy/74b163087ee840c07a68ef01f3eeac46565e35ff4c242f88262cff7a280be31b.jpg,healthy
/content/drive/My Drive/Colab Notebooks/apple_leaf_specialist/data/final/train/healthy/71a7c23b0e0e403c031698b90db400cd062f88ffcf569054af4ab5e429d8eaa4.jpg,healthy
/content/drive/My Drive/Colab Notebooks/apple_leaf_specialist/data/final/train/healthy/01f9b692c4afb64e716a4fd0eea0a72af937775160c68007fa2d99b61c0eb91b.jpg,healthy
/content/drive/My Drive/Colab Notebooks/apple_leaf_specialist/data/final/train/black_rot/4228832796c9a20564118bf2094c7ce8b5d68a3d693c7201020d3397dddb4f9d.jpg,black_rot
/content/drive/My Drive/Colab Notebooks/apple_leaf_specialist/data/final/train/scab/3925359745a5229a8650e0e1e204094c654bbba112e1268adfdfd68523659a19.jpg,scab
/content/drive/My Drive/Colab Notebooks/apple_leaf_specialist/data/final/train/rust/c56d1c4944d57da57e4051f398fa7cddedd7bdd410d59de92e84d6a211901132.jpg,rust
/content/drive/My Drive/Colab Notebooks/apple_leaf_specialist/data/final/train/scab/7dd30d2c5e4f4ef0e86522816048466c90c0350def594ee9b8a9af79ddb5d7b6.jpg,scab
/content/drive/My Drive/Colab Notebooks/apple_leaf_specialist/data/final/train/black_rot/1bed0e392ce6887d37c989617e4e25420027df9a4fc72e606c9a4cb3017abf42.jpg,black_rot
/content/drive/My Drive/Colab Notebooks/apple_leaf_specialist/data/final/train/black_rot/726469d512d02ed16b5ae56e2af25cf7b380572dad94eb0c9c108cd7b77fde8a.jpg,black_rot
/content/drive/My Drive/Colab Notebooks/apple_leaf_specialist/data/final/train/black_rot/cffb53062c62ce7d64998fe88bf079c1637e9024e12ae204dd6d6513a9f975b4.jpg,black_rot
/content/drive/My Drive/Colab Notebooks/apple_leaf_specialist/data/final/train/healthy/d93f3d654c0a83c8b95c5b66c40144afc3094d53cb638e0aa1c7e162eca0c656.jpg,healthy
/content/drive/My Drive/Colab Notebooks/apple_leaf_specialist/data/final/train/healthy/ed52b51657e995123cb05ed4e47683d7c282047b911531f2deb8d26634d2cacb.jpg,healthy
/content/drive/My Drive/Colab Notebooks/apple_leaf_specialist/data/final/train/scab/b5c7a0650316de734dbab913e3753a99cf256011af1a3d8adaed7adfe11f9325.jpg,scab
/content/drive/My Drive/Colab Notebooks/apple_leaf_specialist/data/final/train/black_rot/7cb7df9147ab22cee5695a2e833b1a74692243ab482ff3e0addf4796a54d875d.jpg,black_rot
/content/drive/My Drive/Colab Notebooks/apple_leaf_specialist/data/final/train/scab/8e08cd8fd71fc3f28167ea5662f4863d816548e34d5c83dbf030740e572b22eb.jpg,scab
/content/drive/My Drive/Colab Notebooks/apple_leaf_specialist/data/final/train/healthy/8c5b70b41648614616144c182f846be90f5517134134f515228c3eed80a96f11.jpg,healthy
/content/drive/My Drive/Colab Notebooks/apple_leaf_specialist/data/final/train/black_rot/86506060f6519feba2e42bebceb2d3bf38365600ff43e6b0e6b64e6333522614.jpg,black_rot
/content/drive/My Drive/Colab Notebooks/apple_leaf_specialist/data/final/train/black_rot/b10e2798526cbfac194bbb9e74726aeff3144a5509e1af1dbc3c97b77362d343.jpg,black_rot
/content/drive/My Drive/Colab Notebooks/apple_leaf_specialist/data/final/train/scab/eec404bf0463d57664a2d9a6915ff3cb8d888137a4330fcfe76479e281537dcd.jpg,scab
/content/drive/My Drive/Colab Notebooks/apple_leaf_specialist/data/final/train/rust/ada7071211e43351f98dff6e7c53d20f489b6962e3687b49a066c3e82a295776.jpg,rust
/content/drive/My Drive/Colab Notebooks/apple_leaf_specialist/data/final/train/rust/ff581363f2046d28190945130cffa1671a19e35cbe55a4da9ca8515508f33948.jpg,rust
/content/drive/My Drive/Colab Notebooks/apple_leaf_specialist/data/final/train/black_rot/0005a15c47521fb2c36953184b7284c1acec56c0f7769b03ef53d4da90aa67e6.jpg,black_rot
/content/drive/My Drive/Colab Notebooks/apple_leaf_specialist/data/final/train/healthy/3a1dde51ead470b84ec1fe6d0ba472c993655f379d9f6b1310522401eecaeabe.jpg,healthy
/content/drive/My Drive/Colab Notebooks/apple_leaf_specialist/data/final/train/healthy/0020cce29cfe643e20e509fa93bd3000ca55a8d62a8d4e5667aa37e1ecc513fb.jpg,healthy
/content/drive/My Drive/Colab Notebooks/apple_leaf_specialist/data/final/train/black_rot/4ece842fd7086ec35a665af9cfc6710793746ef18bfa31bc75312f02027774ee.jpg,black_rot
/content/drive/My Drive/Colab Notebooks/apple_leaf_specialist/data/final/train/black_rot/b096ea13fcfc9abab2e2519d0225ae93474dbe5918d79872595371171df29249.jpg,black_rot
/content/drive/My Drive/Colab Notebooks/apple_leaf_specialist/data/final/train/scab/300061e942652c705d185a69b5f7fccabfec609b9399ce086fab1b57e0ea90f8.jpg,scab
/content/drive/My Drive/Colab Notebooks/apple_leaf_specialist/data/final/train/black_rot/f1a2fee30e828ee97272d307b1b58fcab5365fbd94fa2510c4812f2b15bd7686.jpg,black_rot
/content/drive/My Drive/Colab Notebooks/apple_leaf_specialist/data/final/train/healthy/7b55969f20838d972fdffbaf2daa504c3ae78e61012a221472dc65a0439d4d92.jpg,healthy
/content/drive/My Drive/Colab Notebooks/apple_leaf_specialist/data/final/train/healthy/4c4612392cad1d9f318bb1d4280cb041f0d62bb5a613a41dfdc363626bb37a65.jpg,healthy
/content/drive/My Drive/Colab Notebooks/apple_leaf_specialist/data/final/train/scab/6e7c23ac9e0587756f309925ffb62ada35ecc1315fa982d474538f7670c4b161.jpg,scab
/content/drive/My Drive/Colab Notebooks/apple_leaf_specialist/data/final/train/black_rot/479c739bc2584b89d759d8583a8935730be961b3175e39594824d242b378d7e9.jpg,black_rot
/content/drive/My Drive/Colab Notebooks/apple_leaf_specialist/data/final/train/rust/cb89b8caae888297c001a38f0433ca6eeeae2b57ac3ca8e76eaa61e25292eeae.jpg,rust
/content/drive/My Drive/Colab Notebooks/apple_leaf_specialist/data/final/train/rust/ea495a8223a2f496120fd0eb5328a213124a7562c37ab5a1a1c898dbde18faf4.jpg,rust
/content/drive/My Drive/Colab Notebooks/apple_leaf_specialist/data/final/train/healthy/e965d0843b437e4267ca51cea164e4ee29927ba3385579a0cc64529d11b4bbd4.jpg,healthy
/content/drive/My Drive/Colab Notebooks/apple_leaf_specialist/data/final/train/healthy/4746764c1e60a987c8a7e41e9e96b12630f4c48924191d8ded84677dbaef8f18.jpg,healthy
/content/drive/My Drive/Colab Notebooks/apple_leaf_specialist/data/final/train/rust/059f9fbcc68fab5a2279529fd888366805b286fb451d64607a6525371c73bb8d.jpg,rust
/content/drive/My Drive/Colab Notebooks/apple_leaf_specialist/data/final/train/black_rot/ec280956a207e7344d52d34c9d94443d353673a126cca74a460e45ee583fbf3e.jpg,black_rot
/content/drive/My Drive/Colab Notebooks/apple_leaf_specialist/data/final/train/black_rot/dbc14589a7652067bac4699c232dd5c4e552183efed9db890a6b0d9bf7fca838.jpg,black_rot
/content/drive/My Drive/Colab Notebooks/apple_leaf_specialist/data/final/train/healthy/c192672bc137b15e0a7fc4d3bc8911a3b1a639380d5e7c338b47793c0790990d.jpg,healthy
/content/drive/My Drive/Colab Notebooks/apple_leaf_specialist/data/final/train/scab/2695e58ab40d24b03d8161584f81d2844ca9e0524596634ffec00ce7b5246c8d.jpg,scab
/content/drive/My Drive/Colab Notebooks/apple_leaf_specialist/data/final/train/black_rot/1efbc9ec8762ea83dde2a1ac443c24049d0c5d268f6425290e49372604f1f238.jpg,black_rot
/content/drive/My Drive/Colab Notebooks/apple_leaf_specialist/data/final/train/scab/48e957658ed9b40bc7cffb74487a52678c47101c7a6d056cce098142c1af660e.jpg,scab
/content/drive/My Drive/Colab Notebooks/apple_leaf_specialist/data/final/train/rust/a69746f473a6d85eb163d12f5a77bdd2f48c8665127fe81ec5f1bac859587ef4.jpg,rust
/content/drive/My Drive/Colab Notebooks/apple_leaf_specialist/data/final/train/healthy/b05aa982b4d9a414749e616d156e601e95e3c88a7a855223887ffd5db66d73df.jpg,healthy
/content/drive/My Drive/Colab Notebooks/apple_leaf_specialist/data/final/train/healthy/78fc37a846bd73834e63cf530f91b45b15956e3a04614570ac94611a632b710d.jpg,healthy
/content/drive/My Drive/Colab Notebooks/apple_leaf_specialist/data/final/train/scab/6c9c2d3fa0744588ebb85694bfe692c782259aad3fda0e97a31e877d3f1195c4.jpg,scab
/content/drive/My Drive/Colab Notebooks/apple_leaf_specialist/data/final/train/scab/edf8c391187d65c026c1cb949a1b5bb24d247322579c0acc8dd41c90c4ad3b9f.jpg,scab
/content/drive/My Drive/Colab Notebooks/apple_leaf_specialist/data/final/train/healthy/7d0751e7e5846ec1ad369a9dd881da265c96a327bdec9d818c14fc436f4041e0.jpg,healthy
/content/drive/My Drive/Colab Notebooks/apple_leaf_specialist/data/final/train/healthy/45f29cc21c1a372c77413943b7b374b51cb6b6a9e3d7857a389cd291882c9969.jpg,healthy
/content/drive/My Drive/Colab Notebooks/apple_leaf_specialist/data/final/train/healthy/34cdde4fe9bd89563a315bf53d0967757e45dc926edf8aca273f818dd0552356.jpg,healthy
/content/drive/My Drive/Colab Notebooks/apple_leaf_specialist/data/final/train/scab/c4de54529cc1da30bbae4dfdc31e46bdbf15ad19146ae8730de7965d24839099.jpg,scab
/content/drive/My Drive/Colab Notebooks/apple_leaf_specialist/data/final/train/healthy/5cc232ff6adb5b229999aa39f5f1b43f09c0f44712cf9c4114c93a53a8048caa.jpg,healthy
/content/drive/My Drive/Colab Notebooks/apple_leaf_specialist/data/final/train/scab/35a3e378e8da3caaea5f2c47aa0d673ce3c3ec7494e79f6780105e2a2d834e4d.jpg,scab
/content/drive/My Drive/Colab Notebooks/apple_leaf_specialist/data/final/train/healthy/4681e5baf18477857a4627050432787dd2ca4a28bc548660da31509dc53f5af7.jpg,healthy
/content/drive/My Drive/Colab Notebooks/apple_leaf_specialist/data/final/train/rust/cb52bcc04c4bab72653a93dac64863abf33b78cf7983c736acd78c7616ed9f61.jpg,rust
/content/drive/My Drive/Colab Notebooks/apple_leaf_specialist/data/final/train/healthy/b3a8ee0d7c93c28fcfb4fc51c54928857d843aec236114e5f0105ce0a80909d0.jpg,healthy
/content/drive/My Drive/Colab Notebooks/apple_leaf_specialist/data/final/train/black_rot/a8fb74a2b9b10131a11a854e49c26ef540f3aed8c645187dc8c3f329aab0106d.jpg,black_rot
/content/drive/My Drive/Colab Notebooks/apple_leaf_specialist/data/final/train/healthy/48b1ef32d0b2e362d025cfd7b9aeef8d78d48a8f5b7ece0846b764704de400d1.jpg,healthy
/content/drive/My Drive/Colab Notebooks/apple_leaf_specialist/data/final/train/scab/90bbdb6ceb8eb041d4dc2723c3cf2ee6af53c4e0f85dbaf8a0b69e88b183133d.jpg,scab
/content/drive/My Drive/Colab Notebooks/apple_leaf_specialist/data/final/train/healthy/1f29e8371a9664e9c7e2b22f02737b66b91942234901cda313db32c0b38e4467.jpg,healthy
/content/drive/My Drive/Colab Notebooks/apple_leaf_specialist/data/final/train/healthy/05e9f7cdd2ca0a073cf9ce63ed66ef35a9473a6154835afbf485a77e49bf090f.jpg,healthy
/content/drive/My Drive/Colab Notebooks/apple_leaf_specialist/data/final/train/healthy/8adb098cec9b21eb774cd0702fd1327478f20e347d27185d4d687b07ba91b1c2.jpg,healthy
/content/drive/My Drive/Colab Notebooks/apple_leaf_specialist/data/final/train/black_rot/1152c18eebb06f9ef83e32878a8bb5d019ea1926a3cff7c3b869de86490f828c.jpg,black_rot
/content/drive/My Drive/Colab Notebooks/apple_leaf_specialist/data/final/train/black_rot/2f13b73c76e1feada420336a992c3bcceb1980777d2568963d6089d3bd7d4723.jpg,black_rot
/content/drive/My Drive/Colab Notebooks/apple_leaf_specialist/data/final/train/healthy/c8255fc7bb19f494b298f6acdde934292d94f7488ce79173566c00c6b05a5a53.jpg,healthy
/content/drive/My Drive/Colab Notebooks/apple_leaf_specialist/data/final/train/black_rot/84d2790f1c939dd0420389f3f32c00f403a4d57e98899766c27db2168496cc9e.jpg,black_rot
/content/drive/My Drive/Colab Notebooks/apple_leaf_specialist/data/final/train/black_rot/181d93cc2335d02f6b3887d171772fc3155cf9ebe1d8f574bca39c920ea10278.jpg,black_rot
/content/drive/My Drive/Colab Notebooks/apple_leaf_specialist/data/final/train/scab/9ab0b54fe0000833d355307d41e5b32ea23dd6c7a993e6439d0b64297e8d5e78.jpg,scab
/content/drive/My Drive/Colab Notebooks/apple_leaf_specialist/data/final/train/rust/d3d2c20b9df38340578cfbd21026d80f4cbb9f06cbfbd5295f99f6b9facb6831.jpg,rust
/content/drive/My Drive/Colab Notebooks/apple_leaf_specialist/data/final/train/healthy/1d1ece9662e5d2d217b25cad289c23c476d29ccbd1d00f0700acbfdc4c388a1f.jpg,healthy
/content/drive/My Drive/Colab Notebooks/apple_leaf_specialist/data/final/train/scab/b238079707d26360903ad264afc2454f9ddf1c03c7a942a011eccaa1a4335ef1.jpg,scab
/content/drive/My Drive/Colab Notebooks/apple_leaf_specialist/data/final/train/scab/b317621f5af5906fc39ef941f4f6314239fa09e8910352a3260a6ec69bfda7a7.jpg,scab
/content/drive/My Drive/Colab Notebooks/apple_leaf_specialist/data/final/train/scab/b161be7ed1cdd346a6def1e318f3946f849c122cdccc59a1d48fa0ee5ca4de75.jpg,scab
/content/drive/My Drive/Colab Notebooks/apple_leaf_specialist/data/final/train/healthy/f2d534e62ec4dcfea10080a65af8dc4dbd0754f911654aca65c395f283dd4e4e.jpg,healthy
/content/drive/My Drive/Colab Notebooks/apple_leaf_specialist/data/final/train/black_rot/2c39086551317558444414900ad772854c41b0fd1cfab814018684be264b5b81.jpg,black_rot
/content/drive/My Drive/Colab Notebooks/apple_leaf_specialist/data/final/train/healthy/e974774bdfaf402f3ed15f4d5530fee8750ae88fdebdf044126666e907cffcb6.jpg,healthy
/content/drive/My Drive/Colab Notebooks/apple_leaf_specialist/data/final/train/healthy/3a0b65b5796a8d1ec26c5666d2bd06a05219491784fdea291203ed4a050e6759.jpg,healthy
/content/drive/My Drive/Colab Notebooks/apple_leaf_specialist/data/final/train/black_rot/d89444765762141e948abed4c2396e10e9c5763e8122841042c174e9a849385c.jpg,black_rot
/content/drive/My Drive/Colab Notebooks/apple_leaf_specialist/data/final/train/healthy/eea8ea380454a4ed0deda24f015da7598c26021816bbbdc8fa4c919f20c99056.jpg,healthy
/content/drive/My Drive/Colab Notebooks/apple_leaf_specialist/data/final/train/healthy/08894151c407cd541778b9adb1151da1203f82244f38e05e5013301154b30399.jpg,healthy
/content/drive/My Drive/Colab Notebooks/apple_leaf_specialist/data/final/train/healthy/534f0fd1206d26d6ece4dd2e7e6fb543868b87efa3f4eee7056095c59c27aa52.jpg,healthy
/content/drive/My Drive/Colab Notebooks/apple_leaf_specialist/data/final/train/rust/e5b5036bddf9eeda463483d88029a6e89f617427fcc7eb59aadf53ba6b0c6422.jpg,rust
/content/drive/My Drive/Colab Notebooks/apple_leaf_specialist/data/final/train/scab/c7ceb9eee0673c47c27383e3ebd738ea4b15226dc76b1a8926dd245a5170208a.jpg,scab
/content/drive/My Drive/Colab Notebooks/apple_leaf_specialist/data/final/train/healthy/b8637f5cb75138266ba225f869527b8389958c40f71cbe28c62901d9b7945a97.jpg,healthy
/content/drive/My Drive/Colab Notebooks/apple_leaf_specialist/data/final/train/healthy/4e083753278663025088753c7ed7e515ef4a83f214d1f4fcbb467291d9b18996.jpg,healthy
/content/drive/My Drive/Colab Notebooks/apple_leaf_specialist/data/final/train/scab/1daa3f89f04ec9784a74b7711285a362d0a84898ead935be3d6903c0785c28ce.jpg,scab
/content/drive/My Drive/Colab Notebooks/apple_leaf_specialist/data/final/train/scab/82cfa711c5ed8506254a7e33255f7ec4a70e98da46c80335135e191b9d7a5661.jpg,scab
/content/drive/My Drive/Colab Notebooks/apple_leaf_specialist/data/final/train/scab/61cc8c8d7b8d192ec4cc6df1c56771b56caf1e025f042aa3c60f3baa7b26f876.jpg,scab
/content/drive/My Drive/Colab Notebooks/apple_leaf_specialist/data/final/train/healthy/a0ce3a2be684d2f508a9da9a10ad2e25ce9b9c4304b81e07c26294fce187e2dd.jpg,healthy
/content/drive/My Drive/Colab Notebooks/apple_leaf_specialist/data/final/train/scab/9861cb21d9df901921d030d052ccc0cd78d6e5d131713e288e80e09081697a0a.jpg,scab
/content/drive/My Drive/Colab Notebooks/apple_leaf_specialist/data/final/train/healthy/4f86394afe8cf9d3f38ebd7e4d6e799abcc079feaa517d309fa431942d75aebd.jpg,healthy
/content/drive/My Drive/Colab Notebooks/apple_leaf_specialist/data/final/train/black_rot/a8e536fb52a5818416a0130facffd01559c9d6816bb2d84e8af3dd36a9db0644.jpg,black_rot
/content/drive/My Drive/Colab Notebooks/apple_leaf_specialist/data/final/train/scab/4368971e624615ed7c1dbcd18c8381b183e23afc8abe30f846ce2427ff4f89ac.jpg,scab
/content/drive/My Drive/Colab Notebooks/apple_leaf_specialist/data/final/train/healthy/010cbae29a2e1ccbce4e65cbcc187bce72d44c7c24b7a4e6a4182c2b52cfbf0f.jpg,healthy
/content/drive/My Drive/Colab Notebooks/apple_leaf_specialist/data/final/train/healthy/702542afad23fadfae1127f2350f4aaac8ef9ec0abef133fef799d890cb0722b.jpg,healthy
/content/drive/My Drive/Colab Notebooks/apple_leaf_specialist/data/final/train/scab/486bbe76346b5dfc72ba9a77e34db99b069030ec1c7b61a318bd5f9602a27e7d.jpg,scab
/content/drive/My Drive/Colab Notebooks/apple_leaf_specialist/data/final/train/rust/6fbaf3d600b84fdad90d2729c2cc869f1aa401cad2091430957f4283cb786b8a.jpg,rust
/content/drive/My Drive/Colab Notebooks/apple_leaf_specialist/data/final/train/black_rot/9896ac17a97cc03823987ed9ada13fa7e19a7bf7c0fe89783ea914040bf67da1.jpg,black_rot
/content/drive/My Drive/Colab Notebooks/apple_leaf_specialist/data/final/train/healthy/941d7948587947f94bc871b96d7cacb595c019d0f1cdbabab523d5329fe9d3c3.jpg,healthy
/content/drive/My Drive/Colab Notebooks/apple_leaf_specialist/data/final/train/black_rot/f102ee8cb56f6924d092120ae41b7862da1bc0b616ec8fbf32bf407cbe51d96b.jpg,black_rot
/content/drive/My Drive/Colab Notebooks/apple_leaf_specialist/data/final/train/healthy/53bc502d27ca4a302c29407d1c0bd5b4f3ad65fafb842fbb6b6fdf406e4a5e1c.jpg,healthy
/content/drive/My Drive/Colab Notebooks/apple_leaf_specialist/data/final/train/healthy/df066cfe8ae856fe045ce18e9f5c8c794e8f14c4ccfbab8ef119f0f7246fd4f5.jpg,healthy
/content/drive/My Drive/Colab Notebooks/apple_leaf_specialist/data/final/train/healthy/077ed7ef7e7892380252b84bd8a2fb17ec0adb1dcdd7e6134f71d99b38b33752.jpg,healthy
/content/drive/My Drive/Colab Notebooks/apple_leaf_specialist/data/final/train/black_rot/f9f13228cdb498f8dfcc73dde8a266358cde8e736de8eb144a5b12b059ae4f54.jpg,black_rot
/content/drive/My Drive/Colab Notebooks/apple_leaf_specialist/data/final/train/healthy/7330e7f8e76481adb8f693cd9286cd3c9e893e0087f5c8b6335a0dab27ebff5d.jpg,healthy
/content/drive/My Drive/Colab Notebooks/apple_leaf_specialist/data/final/train/black_rot/fbdab3db09ff62f607457b1de1d3aa23bae3ed4035ad647c4f1736b5888ccb43.jpg,black_rot
/content/drive/My Drive/Colab Notebooks/apple_leaf_specialist/data/final/train/black_rot/2191e7b00bd7bf5f56a355690cae8755bd090f416774393a1d97ffa567a8ece5.jpg,black_rot
/content/drive/My Drive/Colab Notebooks/apple_leaf_specialist/data/final/train/scab/53104bfa8ac5879956806ec3fe10986fa520d65ee0b117686631c8bf360f4a71.jpg,scab
/content/drive/My Drive/Colab Notebooks/apple_leaf_specialist/data/final/train/black_rot/af12750a5364aa76c13d5607f0502dce5e7039d09f290d1712296a94fe472483.jpg,black_rot
/content/drive/My Drive/Colab Notebooks/apple_leaf_specialist/data/final/train/healthy/d8e333b87eb9c0fbc7252004c4b92d65c1b6d758a9772a92e4a9d26e5e970f44.jpg,healthy
/content/drive/My Drive/Colab Notebooks/apple_leaf_specialist/data/final/train/rust/1ee5f6b4067486275833c0e12a7b30226138ef46d1989b5f5a4a93f11ec13203.jpg,rust
/content/drive/My Drive/Colab Notebooks/apple_leaf_specialist/data/final/train/healthy/329018db214932969a815cb4f63dc8796677faceff7224e361b3cb94568ffb07.jpg,healthy
/content/drive/My Drive/Colab Notebooks/apple_leaf_specialist/data/final/train/scab/a55e81dbdcbe10e1f4f047979e427985a94bbecfe166f0ab3c49a11955b90bbc.jpg,scab
/content/drive/My Drive/Colab Notebooks/apple_leaf_specialist/data/final/train/healthy/791207aafd8b5ba3cf982c2d02f616faa8b78cd22d55d00d5d5abb924195e65f.jpg,healthy
/content/drive/My Drive/Colab Notebooks/apple_leaf_specialist/data/final/train/healthy/2344a764a129a1aac5185228669c43e665bc42cb9a4fb10f9570d4b7c4ab792b.jpg,healthy
/content/drive/My Drive/Colab Notebooks/apple_leaf_specialist/data/final/train/black_rot/1469aff3b98b601361d3c80800638ce82c12c92716fc9c145ef331cb587b0a75.jpg,black_rot
/content/drive/My Drive/Colab Notebooks/apple_leaf_specialist/data/final/train/black_rot/dd69c526cce362fed3b9d90aa44f78aedb1b367516e5808191a8f2af555faeba.jpg,black_rot
/content/drive/My Drive/Colab Notebooks/apple_leaf_specialist/data/final/train/scab/51c7b680e3f751fb6e5313bc0a2cb62df25cb84458b99438a79d30ce80cfe5d3.jpg,scab
/content/drive/My Drive/Colab Notebooks/apple_leaf_specialist/data/final/train/scab/aacd285f83869f56a590290d61d43af4d9750be47119c15f417b2e956bb850a2.jpg,scab
/content/drive/My Drive/Colab Notebooks/apple_leaf_specialist/data/final/train/rust/d6c554d22a5a3e26527d75eb50b017988c8ce1f2a8ddcd1588f34c4a92d92b83.jpg,rust
/content/drive/My Drive/Colab Notebooks/apple_leaf_specialist/data/final/train/scab/d307816633c45a5066e54e73efe4121f383236ad7be810b527bdd8b00c179e39.jpg,scab
/content/drive/My Drive/Colab Notebooks/apple_leaf_specialist/data/final/train/scab/59de5d74fa4bea14793a535fbac8bf8b1a9f9d6428131601c961d25957acd41f.jpg,scab
/content/drive/My Drive/Colab Notebooks/apple_leaf_specialist/data/final/train/healthy/509e4f2ad2e29434c3252a3a593c3144324c991121c6250b4a440b6ecbb8c86c.jpg,healthy
/content/drive/My Drive/Colab Notebooks/apple_leaf_specialist/data/final/train/rust/9fff82cdccc4fa422a4d3b67057bd660a1270bd526c53406f77bc4a46d606ead.jpg,rust
/content/drive/My Drive/Colab Notebooks/apple_leaf_specialist/data/final/train/black_rot/e4f8d955c1e3cead85b8a1b5fc8c88c0366b6f381989b35c2cdc93941f477acb.jpg,black_rot
/content/drive/My Drive/Colab Notebooks/apple_leaf_specialist/data/final/train/healthy/f06703a9a8ee7e2af7e36c53ad34bbc337fab0a0de2beeb519696f9201b4e32e.jpg,healthy
/content/drive/My Drive/Colab Notebooks/apple_leaf_specialist/data/final/train/healthy/3db8185279728c1ae61918e6e710a97d3f24c962273e6a855fc2285a4dea4c55.jpg,healthy
/content/drive/My Drive/Colab Notebooks/apple_leaf_specialist/data/final/train/healthy/1dfdda18aef7c1beef7ee047472e6899e455133c7f5ee809a445edd1a936f4ef.jpg,healthy
/content/drive/My Drive/Colab Notebooks/apple_leaf_specialist/data/final/train/healthy/360d5aa0d6ffe44b36e0b135ca0c736f78c27bc84c02208efd4bc69f5a039b22.jpg,healthy
/content/drive/My Drive/Colab Notebooks/apple_leaf_specialist/data/final/train/scab/f350b7e03f21bf25f7f0e86f085755a7a79916eadd075d7932b6bf21c24bca15.jpg,scab
/content/drive/My Drive/Colab Notebooks/apple_leaf_specialist/data/final/train/healthy/bdb43b15f05abebf8403e15dcaa0d3ff4918035697236e3653405da29c4880ff.jpg,healthy
/content/drive/My Drive/Colab Notebooks/apple_leaf_specialist/data/final/train/black_rot/b0fd83fe07039ca367ddd2ae146e26bf564c875dbd1cd36bfc217cceee5ba12c.jpg,black_rot
/content/drive/My Drive/Colab Notebooks/apple_leaf_specialist/data/final/train/healthy/70ed38b249d0e15581cf0ab41ae5014628bdcfdba200f57685c140c20218c2b5.jpg,healthy
/content/drive/My Drive/Colab Notebooks/apple_leaf_specialist/data/final/train/rust/9df3bf42189ff5f82115af4ea63f12f512a6600ba8ac1e73f6aafa095c66769a.jpg,rust
/content/drive/My Drive/Colab Notebooks/apple_leaf_specialist/data/final/train/healthy/6939c3d76937babf3184609ee69c5a70b325d32d6de062ef0727c300a2bacf21.jpg,healthy
/content/drive/My Drive/Colab Notebooks/apple_leaf_specialist/data/final/train/scab/2cf005d0daebe30fdd42b7221f1bb8bd65e023c6e312fc486ae3242f5231ca78.jpg,scab
/content/drive/My Drive/Colab Notebooks/apple_leaf_specialist/data/final/train/healthy/9c6a15be409755d6a44919779b0f09c81311e90d5385d4edebb36467b524f6fa.jpg,healthy
/content/drive/My Drive/Colab Notebooks/apple_leaf_specialist/data/final/train/black_rot/9b5fe538ae4114071ae768f1a049753f2007a4b5dc1ad14af547b8d2dfdde114.jpg,black_rot
/content/drive/My Drive/Colab Notebooks/apple_leaf_specialist/data/final/train/healthy/930f81aec8129e4cffd317639d13ec6fee46a87d8c5603554a7151768098fcf7.jpg,healthy
/content/drive/My Drive/Colab Notebooks/apple_leaf_specialist/data/final/train/rust/f21c7ef088dfeb2c0c6f920c44674d6b23ab061a3d604cb486fc4bc25454b77b.jpg,rust
/content/drive/My Drive/Colab Notebooks/apple_leaf_specialist/data/final/train/healthy/62e0955daf8f3b73fe7b3d239155b2d979907a5b830e2c07fd932d3efb599256.jpg,healthy
/content/drive/My Drive/Colab Notebooks/apple_leaf_specialist/data/final/train/rust/4ed8812c323aef7f8ef658007f9ec733211b1bfa0e61627c0b3bd54eb0fd8298.jpg,rust
/content/drive/My Drive/Colab Notebooks/apple_leaf_specialist/data/final/train/black_rot/e45a56afedbbafd24bfa76cedd84bd905a0b401e06397259cc065f02ce47643a.jpg,black_rot
/content/drive/My Drive/Colab Notebooks/apple_leaf_specialist/data/final/train/healthy/34a4195ce7ae664ad0edf4b3b7dedc03e3a0387a40c71be60b0223498ea72f57.jpg,healthy
/content/drive/My Drive/Colab Notebooks/apple_leaf_specialist/data/final/train/scab/6c82bcb3d6ab6ce8018d73cfd95615e982073632405163d6bba5f3c0727178ce.jpg,scab
/content/drive/My Drive/Colab Notebooks/apple_leaf_specialist/data/final/train/healthy/0cd2c3071cde9fdc9e873ea0cbb734c223214f44e768cd6520a589baf6c0d313.jpg,healthy
/content/drive/My Drive/Colab Notebooks/apple_leaf_specialist/data/final/train/black_rot/2bd3c1b42f4b72d23289be627a9f53670710362b341978444180ad5dcac28988.jpg,black_rot
/content/drive/My Drive/Colab Notebooks/apple_leaf_specialist/data/final/train/scab/2b948ef00ae3701eef20fa4edef0a692a18e5b8f81fb54ad52b7ef14a63530b4.jpg,scab
/content/drive/My Drive/Colab Notebooks/apple_leaf_specialist/data/final/train/healthy/5921028f20af68ac746035b285a4feefbedde5fd634e5debe41b281a3d0ff3f9.jpg,healthy
/content/drive/My Drive/Colab Notebooks/apple_leaf_specialist/data/final/train/scab/ae93cc1d49e4f6abcf36da94fb64c9bbc00eedcafbf9c3f2202fb4f20ed34305.jpg,scab
/content/drive/My Drive/Colab Notebooks/apple_leaf_specialist/data/final/train/black_rot/88cc77a5073c396be6b6bfa606f6ad6b9099083b8bd1691243b8fc2432837348.jpg,black_rot
/content/drive/My Drive/Colab Notebooks/apple_leaf_specialist/data/final/train/rust/336436525be38ad26d9438b8d9f048fb587ace7dd250eee819cc0d3a788b4132.jpg,rust
/content/drive/My Drive/Colab Notebooks/apple_leaf_specialist/data/final/train/healthy/b2179e488aeac44f48c32938f274d4290e7d4464f62268a065fa34d6a6adcc96.jpg,healthy
/content/drive/My Drive/Colab Notebooks/apple_leaf_specialist/data/final/train/rust/e331c472c5274d57ae7a96db41e40350eb166b76ebf2a44fd3e74d81e0e1dc62.jpg,rust
/content/drive/My Drive/Colab Notebooks/apple_leaf_specialist/data/final/train/healthy/785f4786bdef3fccc049ea98bd86ecb03e632b1c79f9e19bd96c6f1e59d3d003.jpg,healthy
/content/drive/My Drive/Colab Notebooks/apple_leaf_specialist/data/final/train/scab/a06431c1afe136f93740e4e2219a668d6d1190c9233f2747704ffc39df9b2d4a.jpg,scab
/content/drive/My Drive/Colab Notebooks/apple_leaf_specialist/data/final/train/healthy/7b0ef3dab326561c6a4bf36926c336f89e792358cd982be6e6487aa73337c672.jpg,healthy
/content/drive/My Drive/Colab Notebooks/apple_leaf_specialist/data/final/train/healthy/31035da142aae91aceb011cebd07571f70f2a8f244c6a898c5e013c7f1493e48.jpg,healthy
/content/drive/My Drive/Colab Notebooks/apple_leaf_specialist/data/final/train/rust/b15d64e1270526698685709fcd44b750245238aa8867cef46ba01bcb6d0322b9.jpg,rust
/content/drive/My Drive/Colab Notebooks/apple_leaf_specialist/data/final/train/healthy/f15a5060f2243f4bbd07d0a7a830cd29f1b046bdfb7ab94a4827efbd2932036a.jpg,healthy
/content/drive/My Drive/Colab Notebooks/apple_leaf_specialist/data/final/train/black_rot/da764d6e7bdfa9814b708aad4ae90828fcbb3c7dce4bb7aaa99878e9a993ccf9.jpg,black_rot
/content/drive/My Drive/Colab Notebooks/apple_leaf_specialist/data/final/train/black_rot/2f9114e8ee2c0dcfa36663646cec5963ba8dd31d35b5efe1ee9469273ca76d10.jpg,black_rot
/content/drive/My Drive/Colab Notebooks/apple_leaf_specialist/data/final/train/black_rot/3b39fae2d594ab9b160c0639c167cc54f0abc6239ee189e932b121861bce160d.jpg,black_rot
/content/drive/My Drive/Colab Notebooks/apple_leaf_specialist/data/final/train/healthy/0efa1b0bddb1818cfd53f478b53614ab14c48b853bdb61282104510e1a7cd4e7.jpg,healthy
/content/drive/My Drive/Colab Notebooks/apple_leaf_specialist/data/final/train/black_rot/2205372ae71e093939681da90ac422270b6f6da867c88c356ea6ea2c48d89a22.jpg,black_rot
/content/drive/My Drive/Colab Notebooks/apple_leaf_specialist/data/final/train/healthy/2ae623e55a4a5ee2091cddc67e2e767c5cb5e08417c3f91169ce3232354dda18.jpg,healthy
/content/drive/My Drive/Colab Notebooks/apple_leaf_specialist/data/final/train/rust/8f475b2df3734f9ec4714e1762e2f160fc43abf0e3e31ed28465c585333b0551.jpg,rust
/content/drive/My Drive/Colab Notebooks/apple_leaf_specialist/data/final/train/healthy/a658e53db8b96e72a12db2391f49b61686ff5559d5cd03c34c462e812cf0bc0b.jpg,healthy
/content/drive/My Drive/Colab Notebooks/apple_leaf_specialist/data/final/train/rust/82fa8b5c22753aa693bf7cce6d0c5672a17bcfc20138d1201fcb0f62413171d9.jpg,rust
/content/drive/My Drive/Colab Notebooks/apple_leaf_specialist/data/final/train/rust/84b88f0d4c121229e1e3c22d41d951ded21097fb0c621ea0956ae952dd66f075.jpg,rust
/content/drive/My Drive/Colab Notebooks/apple_leaf_specialist/data/final/train/scab/467a02836a1d89072453a5b1a58485cc117e8b94ec94d737e8f8581107e8a898.jpg,scab
/content/drive/My Drive/Colab Notebooks/apple_leaf_specialist/data/final/train/black_rot/2838dbe2b7191b40e3325d76f2f13f7c350a7e3f4738c9cbf56d2ac5e50037bb.jpg,black_rot
/content/drive/My Drive/Colab Notebooks/apple_leaf_specialist/data/final/train/healthy/bf1c6d8c79e09841ae4c29b7350347f9e8837a49f5c22d1aa4aa5dc89177b4fb.jpg,healthy
/content/drive/My Drive/Colab Notebooks/apple_leaf_specialist/data/final/train/healthy/750792db97bb8be1eebf90f980626221caadcc23c9d0a359cb3e6faf0559b030.jpg,healthy
/content/drive/My Drive/Colab Notebooks/apple_leaf_specialist/data/final/train/scab/60bbf98673018f3b58664f87d03a0f914ed5ff53fc64ff1c660ecd5c1113b265.jpg,scab
/content/drive/My Drive/Colab Notebooks/apple_leaf_specialist/data/final/train/healthy/7705ebea840c6008afe512ef6c64d9ac791a8c20bc0d23aca1e07e1a1fde2dcc.jpg,healthy
/content/drive/My Drive/Colab Notebooks/apple_leaf_specialist/data/final/train/black_rot/625257ae74ffa4ff5954573361b86a45504cd984f6c0f04d42831eb2df3b92d4.jpg,black_rot
/content/drive/My Drive/Colab Notebooks/apple_leaf_specialist/data/final/train/scab/31ad4f43ea8ae03179940b76ea5449b7eff9877180ed42906853f22d84e02660.jpg,scab
/content/drive/My Drive/Colab Notebooks/apple_leaf_specialist/data/final/train/scab/d038c8c9db8edac27766066dab3472084f96eef69ee83420ec3d27a7165aac7e.jpg,scab
/content/drive/My Drive/Colab Notebooks/apple_leaf_specialist/data/final/train/healthy/3b725eedcfcad1a5cc9fe5df9698a048b97f9dcdc95e2e28e02eb2dd83358b6e.jpg,healthy
/content/drive/My Drive/Colab Notebooks/apple_leaf_specialist/data/final/train/healthy/f883fef9b10e635d2c4cdd2eee9543754937ef42e5290491c81fde9b51eb5f53.jpg,healthy
/content/drive/My Drive/Colab Notebooks/apple_leaf_specialist/data/final/train/healthy/535adacf5ce25c7e2da26c0d05c7c54b58c622f82ef7844171c5e7846a890598.jpg,healthy
/content/drive/My Drive/Colab Notebooks/apple_leaf_specialist/data/final/train/scab/63fa03c3590e8d1c67db96a7e43376df8628a0f2994ae935355d532af51af96b.jpg,scab
/content/drive/My Drive/Colab Notebooks/apple_leaf_specialist/data/final/train/black_rot/46985656fa38bda083a0591f96be257ec7a5e167006d49c6a60717a8a27ebfea.jpg,black_rot
/content/drive/My Drive/Colab Notebooks/apple_leaf_specialist/data/final/train/healthy/01e18037b84a790eb2dcab5800d087c90eb2cbde05d4b06c8a09dd2d39f166eb.jpg,healthy
/content/drive/My Drive/Colab Notebooks/apple_leaf_specialist/data/final/train/healthy/68ae14cddc621334ac23b47115a99e2683aae9830b3ab5e399d0e6f98c31d495.jpg,healthy
/content/drive/My Drive/Colab Notebooks/apple_leaf_specialist/data/final/train/scab/42cc33e65c1077e7de43987618ca3b05eb9dc40c4fce01a6ee17f0dd2860b168.jpg,scab
/content/drive/My Drive/Colab Notebooks/apple_leaf_specialist/data/final/train/healthy/5d3e1feb04a40bd64d0ec11b149a1a1d9e1b1df6e80389a5bc1a352ec08bf6a6.jpg,healthy
/content/drive/My Drive/Colab Notebooks/apple_leaf_specialist/data/final/train/healthy/9a89d4f1553ee2676fdc05ea1dd6afddb432a5bd95c0c92a1a160de15bf3d366.jpg,healthy
/content/drive/My Drive/Colab Notebooks/apple_leaf_specialist/data/final/train/black_rot/9aa7c0e84070f6db48726e98110df11651a751b0400db920c9d4e18fbaeb96e0.jpg,black_rot
/content/drive/My Drive/Colab Notebooks/apple_leaf_specialist/data/final/train/healthy/e939d2ee6e548935827af870ffb114dccdec612a9f12b3862cbc1063e44ac5ba.jpg,healthy
/content/drive/My Drive/Colab Notebooks/apple_leaf_specialist/data/final/train/scab/652e91a9830fd892c1770fa4ad745a505a99cdbbf94f0521ee8fc2045146beb6.jpg,scab
/content/drive/My Drive/Colab Notebooks/apple_leaf_specialist/data/final/train/scab/68258850801bd863e421a242646c3ffd2340d68c93799303001e339539136851.jpg,scab
/content/drive/My Drive/Colab Notebooks/apple_leaf_specialist/data/final/train/healthy/fba76a59da9baa3777c1332025f2650d5ef249df68cb326337aa8958e598c7d2.jpg,healthy
/content/drive/My Drive/Colab Notebooks/apple_leaf_specialist/data/final/train/healthy/f7442bb396f5120927c943bce4437228e72abc577de25eed61757616e9ab3594.jpg,healthy
/content/drive/My Drive/Colab Notebooks/apple_leaf_specialist/data/final/train/scab/57e639cb9c536c1f5b1e8aae5f7cde3e44b830747f66766022884959071f1343.jpg,scab
/content/drive/My Drive/Colab Notebooks/apple_leaf_specialist/data/final/train/healthy/ac3ca29d4551ba971f9fa0beb7d749a3e9e4957a0233d11e0f57ef417d9c5afa.jpg,healthy
/content/drive/My Drive/Colab Notebooks/apple_leaf_specialist/data/final/train/healthy/7d0941ce1fe23dbbd3aed61a0332c60d07cbcacfbf07f6b18d5cfc13ef7f4626.jpg,healthy
/content/drive/My Drive/Colab Notebooks/apple_leaf_specialist/data/final/train/healthy/c1d5db84fcb123171137869ef3104f6052cd33d7feaefbbf5c80c4579d034a47.jpg,healthy
/content/drive/My Drive/Colab Notebooks/apple_leaf_specialist/data/final/train/healthy/9bfe09137ccc906e3ea554b5c75b7f4e33a5bea3a977ec9df363c5dc7ae1e7db.jpg,healthy
/content/drive/My Drive/Colab Notebooks/apple_leaf_specialist/data/final/train/healthy/e01de55a6ee6d7c399c33d874701780bdc4c7ac9f48ba98414e7ac3885dceb4c.jpg,healthy
/content/drive/My Drive/Colab Notebooks/apple_leaf_specialist/data/final/train/healthy/1152fa4defade4b86017a4c744871bc6a32a26a5d3ca508d35a13aeeba63b8ee.jpg,healthy
/content/drive/My Drive/Colab Notebooks/apple_leaf_specialist/data/final/train/healthy/583f7d1ee47868705b47f4aa51fa672b64406882b0dd734b895e9ed8ab734bf4.jpg,healthy
/content/drive/My Drive/Colab Notebooks/apple_leaf_specialist/data/final/train/black_rot/600332827cffd24f7b1e8086a952cf0dabf06f65d11fd562b232afcb58d99a86.jpg,black_rot
/content/drive/My Drive/Colab Notebooks/apple_leaf_specialist/data/final/train/healthy/34cc3c0848983c25229ae0caf1a3917e31e779af32968433221322ad4c9d74a4.jpg,healthy
/content/drive/My Drive/Colab Notebooks/apple_leaf_specialist/data/final/train/black_rot/1267e5967cab9da33f05723865b72328dcca06f9d08f6bf2287a351b3622ba97.jpg,black_rot
/content/drive/My Drive/Colab Notebooks/apple_leaf_specialist/data/final/train/healthy/609e6d70b073bfb91bdefc5ac73278542e4ec099f178a28fb3b56d5419f95d79.jpg,healthy
/content/drive/My Drive/Colab Notebooks/apple_leaf_specialist/data/final/train/black_rot/b3a84003b855df4ebb307d8f6a9372d186df045cd43c679f973763a3ff572dbd.jpg,black_rot
/content/drive/My Drive/Colab Notebooks/apple_leaf_specialist/data/final/train/black_rot/6aefa459c2fa8e3b8a6478cc2c2ccc4b35dd4637891202995ce9ab21358f0ef8.jpg,black_rot
/content/drive/My Drive/Colab Notebooks/apple_leaf_specialist/data/final/train/scab/ea8d29e42842e83f8e4dfd848bca889444fe226c93f0e10e3409a29f0b59751d.jpg,scab
/content/drive/My Drive/Colab Notebooks/apple_leaf_specialist/data/final/train/black_rot/407de4b7ca6f80013e73c8b8d321b9c50eed9b03d486cae0b1f32d7cf0a85d68.jpg,black_rot
/content/drive/My Drive/Colab Notebooks/apple_leaf_specialist/data/final/train/healthy/30a02f55107e594b95b55bf0ece08f3f8a5c17ac8eda697bf7ecef63aa574c74.jpg,healthy
/content/drive/My Drive/Colab Notebooks/apple_leaf_specialist/data/final/train/healthy/55a6037b3d14ede5c9266015dbb2898923ec5f0f50083b686d05e951757a8c09.jpg,healthy
/content/drive/My Drive/Colab Notebooks/apple_leaf_specialist/data/final/train/healthy/4566223fa456b64aceb48adf620d88c5d72e951415ed882e785831a1420f1781.jpg,healthy
/content/drive/My Drive/Colab Notebooks/apple_leaf_specialist/data/final/train/healthy/1a589dcacd0fe7461c205929d94e69f8fc20d9ed4b3507ef7c6520bfa7b91d67.jpg,healthy
/content/drive/My Drive/Colab Notebooks/apple_leaf_specialist/data/final/train/black_rot/0916b8764dd1f6f820c9b0104290ada2e6e858c87dc06aa5e4256e9f467b51be.jpg,black_rot
/content/drive/My Drive/Colab Notebooks/apple_leaf_specialist/data/final/train/healthy/28d46fa2f16fc416dd3c7928d5aa5154da4bc833642b530d15518a0b05a57ec4.jpg,healthy
/content/drive/My Drive/Colab Notebooks/apple_leaf_specialist/data/final/train/healthy/cc7296338bc2bd2051949a279da5738771bc04973a073784ad5b3012b05c044e.jpg,healthy
/content/drive/My Drive/Colab Notebooks/apple_leaf_specialist/data/final/train/rust/2d4f5ec3489207b092b2377a329522a0968ad55a45385641ae3ef21fdb04f279.jpg,rust
/content/drive/My Drive/Colab Notebooks/apple_leaf_specialist/data/final/train/black_rot/29c7e37fffdc983c4dd7e1f2bff80cf9831e38f026b56dd71c36a55fe9559339.jpg,black_rot
/content/drive/My Drive/Colab Notebooks/apple_leaf_specialist/data/final/train/healthy/711e78711cc0fd83fd759036ec9762640f688f85c1b8899ddf169f5a519466d6.jpg,healthy
/content/drive/My Drive/Colab Notebooks/apple_leaf_specialist/data/final/train/healthy/c4f2a512d8de3189880fbb80fa88d9b80de98bb85088cb479e082a8f1882b5b7.jpg,healthy
/content/drive/My Drive/Colab Notebooks/apple_leaf_specialist/data/final/train/scab/7a85d8aeae12f1ca0a565ab255ad0f8a53930ba238a860c081c29272a90b2baf.jpg,scab
/content/drive/My Drive/Colab Notebooks/apple_leaf_specialist/data/final/train/scab/6c6a2cf836a534208287f233b6e8a3c9571655a5f3902ef88dc44c32e877ea54.jpg,scab
/content/drive/My Drive/Colab Notebooks/apple_leaf_specialist/data/final/train/black_rot/db8ef93c49c04e78e603b00314ea3db61b80c7afd9707e472d5760965b169ca2.jpg,black_rot
/content/drive/My Drive/Colab Notebooks/apple_leaf_specialist/data/final/train/healthy/2bc5a7450a480b5a263591fa030e2d8f91461fbd93b81baa7321602be4d90d98.jpg,healthy
/content/drive/My Drive/Colab Notebooks/apple_leaf_specialist/data/final/train/healthy/e398a599652f4021a260c390d2ddcea9cd7202b8213091279a80001ebb7276b5.jpg,healthy
/content/drive/My Drive/Colab Notebooks/apple_leaf_specialist/data/final/train/healthy/e9b9f651488a8d58d6f8b932d4fa29ec10cbb87682a929bc2d4798ddb055c30b.jpg,healthy
/content/drive/My Drive/Colab Notebooks/apple_leaf_specialist/data/final/train/scab/574d89b9fcc211da6c065a8eb031e1d12e72cd32edc9c7263f3a1569b5ce27d6.jpg,scab
/content/drive/My Drive/Colab Notebooks/apple_leaf_specialist/data/final/train/scab/05249311ceb3d46aa2a555ffd6f86ff0821617b397d371af2f2c8bd8a7336788.jpg,scab
/content/drive/My Drive/Colab Notebooks/apple_leaf_specialist/data/final/train/healthy/93bf8718c35e892cf847fc12a49b3f1e4ab5cae164525d8944f091035f9dc0d3.jpg,healthy
/content/drive/My Drive/Colab Notebooks/apple_leaf_specialist/data/final/train/healthy/3c3fb05a75eb78f7cbd5107569e8d676d80a9e9e0839ef4f35d81f90104e7390.jpg,healthy
/content/drive/My Drive/Colab Notebooks/apple_leaf_specialist/data/final/train/healthy/7306377958f1697965e7de7aa584fbf164e130dd36e0b10ec43a620a6a3e4062.jpg,healthy
/content/drive/My Drive/Colab Notebooks/apple_leaf_specialist/data/final/train/healthy/3df2036a25c129b06a16fe08fdf22ebefe7e1158da2ad1e372452e5617882118.jpg,healthy
/content/drive/My Drive/Colab Notebooks/apple_leaf_specialist/data/final/train/healthy/bbb437d0c3c304c018c1721bf117407474145bd6037029efa94c81760ac77974.jpg,healthy
/content/drive/My Drive/Colab Notebooks/apple_leaf_specialist/data/final/train/scab/7866e2547c158933242f12d16eaecf401b64fdd96a9500ca35eceb21ecf02299.jpg,scab
/content/drive/My Drive/Colab Notebooks/apple_leaf_specialist/data/final/train/healthy/648bd9c1b06797aee7e942a526a3a98462f63927dc19e77d1c4df3849611d534.jpg,healthy
/content/drive/My Drive/Colab Notebooks/apple_leaf_specialist/data/final/train/healthy/d25800479768fdf10c388c69bb402998a633b1cadd789247d7d2c2f689e20102.jpg,healthy
/content/drive/My Drive/Colab Notebooks/apple_leaf_specialist/data/final/train/scab/69b89ffefa915ec766b72dc9f511ff882af5f217f82662c3ac6f4d3eac2e9ffd.jpg,scab
/content/drive/My Drive/Colab Notebooks/apple_leaf_specialist/data/final/train/black_rot/0d0c81d3e257dbbf02a4e62b1790fe1e61d344a8f9e2097d2c38f462540f1f9f.jpg,black_rot
/content/drive/My Drive/Colab Notebooks/apple_leaf_specialist/data/final/train/black_rot/7a70818a18fb858798bb20961d74c25bdfdfc1785480812c4ad82fa349b680f1.jpg,black_rot
/content/drive/My Drive/Colab Notebooks/apple_leaf_specialist/data/final/train/rust/3b7372c5464dc00f5d31660a199bac92e44bb0df76497d3c98af658f9e6dcac2.jpg,rust
/content/drive/My Drive/Colab Notebooks/apple_leaf_specialist/data/final/train/rust/a20165e2cc97e6309a7eb236ce2b3c5808bb6c1d5fa0e5740155636aa030b219.jpg,rust
/content/drive/My Drive/Colab Notebooks/apple_leaf_specialist/data/final/train/rust/c2b3efb54ea7306f1d6ac39df40d136dc2515b3b73dd965ac5dc6063de65202e.jpg,rust
/content/drive/My Drive/Colab Notebooks/apple_leaf_specialist/data/final/train/healthy/16c25f251c0a4944aaa35e7e9ad6ea5c2dba4edd48428416d56b5f75967e1e51.jpg,healthy
/content/drive/My Drive/Colab Notebooks/apple_leaf_specialist/data/final/train/healthy/82bfeaf6b99ac1b24119fddd5c3522149ae72027e45090d55cf172e890a1e8f6.jpg,healthy
/content/drive/My Drive/Colab Notebooks/apple_leaf_specialist/data/final/train/healthy/c6cd9f8c38d1ff883249beb991bbad7e8ccdee0e190086680764f5c13198e4e8.jpg,healthy
/content/drive/My Drive/Colab Notebooks/apple_leaf_specialist/data/final/train/black_rot/d52f32314feec5390e64201d5feb99f39c0b5233970186fcfd146432aae67993.jpg,black_rot
/content/drive/My Drive/Colab Notebooks/apple_leaf_specialist/data/final/train/scab/bea1780ec8319ad0ccaf011bce78e0dcb095417d916982d510d36fb8c616990d.jpg,scab
/content/drive/My Drive/Colab Notebooks/apple_leaf_specialist/data/final/train/healthy/6761f021e67f9632a6371c34e691a75f3cd04cb011753aadfea1b101f46be051.jpg,healthy
/content/drive/My Drive/Colab Notebooks/apple_leaf_specialist/data/final/train/scab/28f48aafc0fa6485486ff7cb1b87a44a1297ce66fc3fbb69602deec1ec4149d7.jpg,scab
/content/drive/My Drive/Colab Notebooks/apple_leaf_specialist/data/final/train/healthy/eac79043d272e02868f03a324db01644d6cf402dcd1d9a5012c1de74ce54452d.jpg,healthy
/content/drive/My Drive/Colab Notebooks/apple_leaf_specialist/data/final/train/healthy/a91ecbd31c8da40ad415a38db11c72c51b50eb13558d38bfa1735214edddb987.jpg,healthy
/content/drive/My Drive/Colab Notebooks/apple_leaf_specialist/data/final/train/scab/43c336d34fc5c257df307b413e8e7ad34108efe66aa75f317d6b1406a667a202.jpg,scab
/content/drive/My Drive/Colab Notebooks/apple_leaf_specialist/data/final/train/healthy/62005965cf75e02f645e82d6b3761d8c86d5452d346d6e352cb4cd1f90285bf6.jpg,healthy
/content/drive/My Drive/Colab Notebooks/apple_leaf_specialist/data/final/train/healthy/f4ad523e20c5ef0250b58531d36c6cb03ef85d19ab92a85199ed8835440c7e70.jpg,healthy
/content/drive/My Drive/Colab Notebooks/apple_leaf_specialist/data/final/train/healthy/65d30d76696be9d7d2a5323ee7fc9b351e56d1161395e1877bff55b2996ec1b6.jpg,healthy
/content/drive/My Drive/Colab Notebooks/apple_leaf_specialist/data/final/train/black_rot/cc9f40bb5c4ac8d17694b0239731f9890769884b783de43d3a90291576c23248.jpg,black_rot
/content/drive/My Drive/Colab Notebooks/apple_leaf_specialist/data/final/train/scab/7ad59a09aaf24932e5d385fb386337fddef412ce804b3fdc05df2b07e302c293.jpg,scab
/content/drive/My Drive/Colab Notebooks/apple_leaf_specialist/data/final/train/scab/9f11a9795d4f87fbfdc460984737308a8aeab1a93adce79cc86d8c9be0457814.jpg,scab
/content/drive/My Drive/Colab Notebooks/apple_leaf_specialist/data/final/train/healthy/3a4f5929819610781ba5d6406a10976bb5131ad26d74bc35e40caa9b436265fa.jpg,healthy
/content/drive/My Drive/Colab Notebooks/apple_leaf_specialist/data/final/train/black_rot/f1710ed90a4518359f9e9fa730751001e5356587befac70569a5d2af6430c096.jpg,black_rot
/content/drive/My Drive/Colab Notebooks/apple_leaf_specialist/data/final/train/healthy/b695db4c8ab84e01e54366d690f706df1a92a0b0074ba63bc8bc07e806ada85b.jpg,healthy
/content/drive/My Drive/Colab Notebooks/apple_leaf_specialist/data/final/train/healthy/8f4f52a14273f9ff44428afc228013e4571dd7354e46aaafd6b09624b54b3032.jpg,healthy
/content/drive/My Drive/Colab Notebooks/apple_leaf_specialist/data/final/train/scab/c4012f52a706221e21413d96d7f09a3d0eb2fcb8564dcb4c69d9042e9f929b48.jpg,scab
/content/drive/My Drive/Colab Notebooks/apple_leaf_specialist/data/final/train/scab/ac8e56cf9d1379700f0cce3a3775fe7fd60146d179ddfe1c1d05638d59d2e80d.jpg,scab
/content/drive/My Drive/Colab Notebooks/apple_leaf_specialist/data/final/train/healthy/f21213d4db7f77217970c41919ec74c9f86cbce2764b80b514accaa173a125bf.jpg,healthy
/content/drive/My Drive/Colab Notebooks/apple_leaf_specialist/data/final/train/rust/5468f6b7a2f4420d41965ce1baae8988b7e86be5c21086d1e80ab9e5ff3ea1e0.jpg,rust
/content/drive/My Drive/Colab Notebooks/apple_leaf_specialist/data/final/train/healthy/285750d7286a9960643e1ae79cc0884c6aaf432a2b11bdfd45ec0e02d44a33c4.jpg,healthy
/content/drive/My Drive/Colab Notebooks/apple_leaf_specialist/data/final/train/healthy/eb7759ad5a1edc5552f043bfcb4cb885838634bfad375b5ffa9dc06cfdf0cdeb.jpg,healthy
/content/drive/My Drive/Colab Notebooks/apple_leaf_specialist/data/final/train/black_rot/1010f85622d093fbdcff0dc60125ea3c987de7064b19d8de5649ba343ad08eb8.jpg,black_rot
/content/drive/My Drive/Colab Notebooks/apple_leaf_specialist/data/final/train/healthy/b1976506a0e8005388c66de7652becee3e159c6f9b709c6abdf25c14743dbe06.jpg,healthy
/content/drive/My Drive/Colab Notebooks/apple_leaf_specialist/data/final/train/healthy/c3557182407d7bd2d4da9a35d3bd4664df7a1a98705b7c249490bf2f05d97680.jpg,healthy
/content/drive/My Drive/Colab Notebooks/apple_leaf_specialist/data/final/train/scab/4f34ed038bc467d3afc4bed4cdffed248056fc4ce447f96a242b447977f070ee.jpg,scab
/content/drive/My Drive/Colab Notebooks/apple_leaf_specialist/data/final/train/healthy/b94a7bbb653188a8c7aa11dfb92ce0f777f5fbfb2bd933614ae0f3f62cb761f2.jpg,healthy
/content/drive/My Drive/Colab Notebooks/apple_leaf_specialist/data/final/train/rust/d89c60bd3ee9052700dc459bc0469f1b722097e0af88b4ae33ff25579d0e23b0.jpg,rust
/content/drive/My Drive/Colab Notebooks/apple_leaf_specialist/data/final/train/healthy/5cd80fffddc169f9f5ce489bfb9ccb523dcefa260f2c615afa32525136f81aa3.jpg,healthy
/content/drive/My Drive/Colab Notebooks/apple_leaf_specialist/data/final/train/rust/d6c78bd2a3b7a6682952dc0e56aa84ef5965522cb7bb4967169196fb5be4e9f1.jpg,rust
/content/drive/My Drive/Colab Notebooks/apple_leaf_specialist/data/final/train/black_rot/6be31f3d6560386caf83d6c03d03312f01d1f6efd6a4713740482128ab2dcd48.jpg,black_rot
/content/drive/My Drive/Colab Notebooks/apple_leaf_specialist/data/final/train/black_rot/33068e4d63d4b399b624ec7f6a04b0e58f57153eb2f840ce6b968bd61a92c0cc.jpg,black_rot
/content/drive/My Drive/Colab Notebooks/apple_leaf_specialist/data/final/train/rust/a17b6fc3781c4cb1bf06135120970206ffcf760627fc169a2cacbd85cfa94090.jpg,rust
/content/drive/My Drive/Colab Notebooks/apple_leaf_specialist/data/final/train/healthy/24becaecb0c48b31ed93fb45f902b17c3bd7f849316d74e9e3ab006f44cc9712.jpg,healthy
/content/drive/My Drive/Colab Notebooks/apple_leaf_specialist/data/final/train/rust/cca95634ceac97f5758c116186fbd8be697dee3490538aaf82f83b92e4da9b14.jpg,rust
/content/drive/My Drive/Colab Notebooks/apple_leaf_specialist/data/final/train/healthy/b9fd7aad7b34402620cff81fd27a33811708153ecb197fa4ab44537d48c622f9.jpg,healthy
/content/drive/My Drive/Colab Notebooks/apple_leaf_specialist/data/final/train/healthy/74a0254cad2c262f055ab103e647c6b663e9b421e621e6554f08d4e8cead4a83.jpg,healthy
/content/drive/My Drive/Colab Notebooks/apple_leaf_specialist/data/final/train/scab/aef074b0eb6cffe9b5307d4d7728bd3b49e67a3455c5f2fcb9b6a694356f47eb.jpg,scab
/content/drive/My Drive/Colab Notebooks/apple_leaf_specialist/data/final/train/healthy/d80d8b1c92ed2b4c57119b6b47f531dc411288d3de63cdfeeb996d93fe41d5ea.jpg,healthy
/content/drive/My Drive/Colab Notebooks/apple_leaf_specialist/data/final/train/healthy/e740d188e49f490005bde40d4a768eca863490268bdb000cd70aaf976e97d83e.jpg,healthy
/content/drive/My Drive/Colab Notebooks/apple_leaf_specialist/data/final/train/scab/aa96c2f9ab3c6c44b43fc8825f9dacbd1815771a6eb908c8f064e7548490dbe4.jpg,scab
/content/drive/My Drive/Colab Notebooks/apple_leaf_specialist/data/final/train/healthy/8fd6e4bb5efd627827a6bf8f7470d8ca6eedfe3e7f18551b78d1948b861f8898.jpg,healthy
/content/drive/My Drive/Colab Notebooks/apple_leaf_specialist/data/final/train/healthy/af140a3f8bfc976994e0e75302e312743414e43fe2e72ce840e3a0e9b2bb2953.jpg,healthy
/content/drive/My Drive/Colab Notebooks/apple_leaf_specialist/data/final/train/black_rot/0129cc1f71f101bc3a1b755348f8605df26fc8fc0573f1aff02b27a545e6859f.jpg,black_rot
/content/drive/My Drive/Colab Notebooks/apple_leaf_specialist/data/final/train/healthy/69e88b30c4ad571d4705a786291c847632e50f8cf389b2ae8b20263ec2b56729.jpg,healthy
/content/drive/My Drive/Colab Notebooks/apple_leaf_specialist/data/final/train/black_rot/e99388953626478bcdf5afe6030a8445e63210a6aa3dc25179d828da1dc8eb77.jpg,black_rot
/content/drive/My Drive/Colab Notebooks/apple_leaf_specialist/data/final/train/healthy/74afd97d69e47c1aab153cd9160f1aa0bdecb1e734119ed2b96099eb5871ec82.jpg,healthy
/content/drive/My Drive/Colab Notebooks/apple_leaf_specialist/data/final/train/healthy/cdba7628cfdf0884367cc6893c3b13f788c6807dadc9afcae88348324f7c9e3c.jpg,healthy
/content/drive/My Drive/Colab Notebooks/apple_leaf_specialist/data/final/train/healthy/a0f8b7129f4f7a10fc1ceaf13262f44360880a7d4c17ef3ac13e8815208b9135.jpg,healthy
/content/drive/My Drive/Colab Notebooks/apple_leaf_specialist/data/final/train/scab/1cea59a85c1fb73b56a54e28a41fc17db68ef2a1436874cac6860c224da9e4cd.jpg,scab
/content/drive/My Drive/Colab Notebooks/apple_leaf_specialist/data/final/train/rust/7aea4a7430f4a45a5f2f79b166aaf7cc4fa9c0deb03e2c8e332e5c6e27fb38df.jpg,rust
/content/drive/My Drive/Colab Notebooks/apple_leaf_specialist/data/final/train/black_rot/67d04d9c69a9347b235bf18fe277fe7b50acd115c0f62ead612b9110d2077a3c.jpg,black_rot
/content/drive/My Drive/Colab Notebooks/apple_leaf_specialist/data/final/train/scab/7791abae21fe20011b454c78ddcecd7c56293357c479fd7e5279936fec72788f.jpg,scab
/content/drive/My Drive/Colab Notebooks/apple_leaf_specialist/data/final/train/black_rot/486e72784322a84b0384a851a4c610fbe44fba144c638ba461b757a44a697a4b.jpg,black_rot
/content/drive/My Drive/Colab Notebooks/apple_leaf_specialist/data/final/train/healthy/02ab20e376ae2e7767cff186536015f4e2da62db94d5e9154398c5e12e731732.jpg,healthy
/content/drive/My Drive/Colab Notebooks/apple_leaf_specialist/data/final/train/healthy/9b54cf408c3299c66125f473a9ccc1e5dd56c9646fb4abd41c102c48861d3534.jpg,healthy
/content/drive/My Drive/Colab Notebooks/apple_leaf_specialist/data/final/train/black_rot/d6fec50bc895194ba7ea37f854f2864bcdf3d447179c4b3948ac4ac7584b1361.jpg,black_rot
/content/drive/My Drive/Colab Notebooks/apple_leaf_specialist/data/final/train/healthy/5fba294098c35ae3d63f89811a36017acbd99865b77834641c8f79f26551bef6.jpg,healthy
/content/drive/My Drive/Colab Notebooks/apple_leaf_specialist/data/final/train/rust/1e15a29ad3c0ed8fe79e4ab7f4e47a0230081e19476a53dbbea8d86f4d2acca2.jpg,rust
/content/drive/My Drive/Colab Notebooks/apple_leaf_specialist/data/final/train/healthy/fccc56f3e66124fc66d14bf59c6ab753f67fd1b77af9c8929e25b1712daa5d63.jpg,healthy
/content/drive/My Drive/Colab Notebooks/apple_leaf_specialist/data/final/train/scab/8882a9549a127c3b90980467c3bf0858921019fa3aa34a9b0de41b3c2a31485e.jpg,scab
/content/drive/My Drive/Colab Notebooks/apple_leaf_specialist/data/final/train/scab/cfe3aefaf27a690ac93b09c7ea78a072298169367e28c9cd303d57a8274c2a0b.jpg,scab
/content/drive/My Drive/Colab Notebooks/apple_leaf_specialist/data/final/train/healthy/3ac7314e4d763987a4e4fa981bd79e3a533479806771ade52d83f8469bed4c85.jpg,healthy
/content/drive/My Drive/Colab Notebooks/apple_leaf_specialist/data/final/train/scab/64bcc49fa9f07af62e70811673f6204d018fc50f62099dae2ddd56fad233aeb1.jpg,scab
/content/drive/My Drive/Colab Notebooks/apple_leaf_specialist/data/final/train/scab/8203ae8fd8d211424d867861c9962ec952a82ef991e14346ceac208989be1009.jpg,scab
/content/drive/My Drive/Colab Notebooks/apple_leaf_specialist/data/final/train/black_rot/9e301b22d8feb290b4ee864571c00b6495823ede3f4df50001c1e3f0fea04653.jpg,black_rot
/content/drive/My Drive/Colab Notebooks/apple_leaf_specialist/data/final/train/healthy/cf5bdd2bb48cd5349c9a09b805e46954ee7ee2c28836c1dfc426532b4bc9bb08.jpg,healthy
/content/drive/My Drive/Colab Notebooks/apple_leaf_specialist/data/final/train/scab/3a542f39f653b4a3e2d31617a3f2f75a884af37de72181df4912be0d4c696ebb.jpg,scab
/content/drive/My Drive/Colab Notebooks/apple_leaf_specialist/data/final/train/healthy/ab7d1f141fbfb5f03d049c3444236272d7a08a1b3c92edc71ff5601834e959a5.jpg,healthy
/content/drive/My Drive/Colab Notebooks/apple_leaf_specialist/data/final/train/rust/231cc69df4fa04d42306c90d372c2fdf39d8bfac67f1df407aeb5391d170aa7e.jpg,rust
/content/drive/My Drive/Colab Notebooks/apple_leaf_specialist/data/final/train/black_rot/553c7fd6600f6d2d014d1b5ade13e520774e258d011be7b2ffd3a2e1b5905508.jpg,black_rot
/content/drive/My Drive/Colab Notebooks/apple_leaf_specialist/data/final/train/scab/c5ff96cc4617cfc8fba1d6395ec8a240fd4512a880cef58dfda4c2de0913cf7b.jpg,scab
/content/drive/My Drive/Colab Notebooks/apple_leaf_specialist/data/final/train/scab/4c58ef451250cb2d7bf1a820e9c0623f9153e2cb4102e9356ac94baf1901b2e3.jpg,scab
/content/drive/My Drive/Colab Notebooks/apple_leaf_specialist/data/final/train/healthy/31d915617406fe48e86f06b203bc1207340b5f51ca7ca247f178118f5737298e.jpg,healthy
/content/drive/My Drive/Colab Notebooks/apple_leaf_specialist/data/final/train/healthy/76149e884f6b29062732fc62293656de101fd54022b998d0f8b5c0a2600d5061.jpg,healthy
/content/drive/My Drive/Colab Notebooks/apple_leaf_specialist/data/final/train/scab/0307c2b2b838566d80ac59055f7374bebb2a009b5eca717bdcc4761efe6b6c70.jpg,scab
/content/drive/My Drive/Colab Notebooks/apple_leaf_specialist/data/final/train/healthy/af28a163b24b490d0a976b38e043f60ae053faea594105f6febdc142f7e80805.jpg,healthy
/content/drive/My Drive/Colab Notebooks/apple_leaf_specialist/data/final/train/black_rot/cc682d8ae1fd05646a1ba2d4b36afefe5fda8a50abff25e2f48e182d2fd8bbaf.jpg,black_rot
/content/drive/My Drive/Colab Notebooks/apple_leaf_specialist/data/final/train/rust/b7970c0a924383ceae274a329d0700b5da957e54ba04a62cef387ff435773ca3.jpg,rust
/content/drive/My Drive/Colab Notebooks/apple_leaf_specialist/data/final/train/scab/1ca12ec0a24df51ce0e4555308e81a73b7e82bfd2e3c844bd203170239923fc1.jpg,scab
/content/drive/My Drive/Colab Notebooks/apple_leaf_specialist/data/final/train/rust/394a9449b1043babc690a50f3094bdec9b317a460858649cbc2c697761c99029.jpg,rust
/content/drive/My Drive/Colab Notebooks/apple_leaf_specialist/data/final/train/black_rot/5ade12e467a8e38e98324233f7976def08c9a94e6f9a878f9613134559cfa521.jpg,black_rot
/content/drive/My Drive/Colab Notebooks/apple_leaf_specialist/data/final/train/scab/c71759d6c465e57306931dcc01e35efaded9fb47322e65a8927e00829f5017c3.jpg,scab
/content/drive/My Drive/Colab Notebooks/apple_leaf_specialist/data/final/train/scab/79f9605d09ecc23f018d9757b98e47f2710af9985baabae474e6f6b308f4ecae.jpg,scab
/content/drive/My Drive/Colab Notebooks/apple_leaf_specialist/data/final/train/scab/fe44b31b214840b16be4a55296eb07c62376e1b019c1bbceb1c4aa73222bdd66.jpg,scab
/content/drive/My Drive/Colab Notebooks/apple_leaf_specialist/data/final/train/black_rot/28bc10523ad9bf649dd076c2136e933053c81f9cbf956e320fdcf2749a0768ea.jpg,black_rot
/content/drive/My Drive/Colab Notebooks/apple_leaf_specialist/data/final/train/scab/8823a7de2d847090a9bd9c30a9a08b4c1df38e4c84bf7f9467ad4f460af475b4.jpg,scab
/content/drive/My Drive/Colab Notebooks/apple_leaf_specialist/data/final/train/healthy/719ec68ee35ac42c121f449ac6e250589907cbeee8fbc0ca953ea01a16c4a6c2.jpg,healthy
/content/drive/My Drive/Colab Notebooks/apple_leaf_specialist/data/final/train/healthy/b0a29c9164d5aad2cb08a677bf132f7c17763f46a2d121bd085624809d683e64.jpg,healthy
/content/drive/My Drive/Colab Notebooks/apple_leaf_specialist/data/final/train/rust/129b619d6856dd27c54f4f8b0f09fc703fe4d753eaadaf1a7720e361a34a5781.jpg,rust
/content/drive/My Drive/Colab Notebooks/apple_leaf_specialist/data/final/train/black_rot/27564ba32ef265877a659c6f0ed7190e81cbf5f2e336334cb456ed6139abb651.jpg,black_rot
/content/drive/My Drive/Colab Notebooks/apple_leaf_specialist/data/final/train/healthy/04610e067552d163594b0a836b337a6f22a49a3f3fb197783ab99443b48b7b85.jpg,healthy
/content/drive/My Drive/Colab Notebooks/apple_leaf_specialist/data/final/train/healthy/ef636f50391ed1e6fe99582c0841b36378a3e920de18dad5a5cc895599c44b1c.jpg,healthy
/content/drive/My Drive/Colab Notebooks/apple_leaf_specialist/data/final/train/scab/9c491acb7ea65a22806869924ee59b35663a32420194d2f12d9b1c6ef5661a92.jpg,scab
/content/drive/My Drive/Colab Notebooks/apple_leaf_specialist/data/final/train/black_rot/473cad4e98e2cf4dab0face94a654e7b82536b5a473fc88bdb9a47570dd276fb.jpg,black_rot
/content/drive/My Drive/Colab Notebooks/apple_leaf_specialist/data/final/train/healthy/0fbd5fd32de3b79ebab3dae989dee5d9fa8c957a6ea9d0c65e616ca5d89d6e5e.jpg,healthy
/content/drive/My Drive/Colab Notebooks/apple_leaf_specialist/data/final/train/scab/cc94013bba9050e5707a64d3e6f055e3d5c9c8913d6fcc15b1fe808afb498633.jpg,scab
/content/drive/My Drive/Colab Notebooks/apple_leaf_specialist/data/final/train/healthy/fdfb9390294db0934c3b7f024e0399b36175785af5b88048198f8133b913f9b7.jpg,healthy
/content/drive/My Drive/Colab Notebooks/apple_leaf_specialist/data/final/train/black_rot/1c4b6cfe86675dadb42f76a97c6108d175e6ba688e40ede10ac15c032d66513a.jpg,black_rot
/content/drive/My Drive/Colab Notebooks/apple_leaf_specialist/data/final/train/healthy/553058e83bc0fb69fe547490bc514fcbe2be93fc98f9638896de137c02ee020a.jpg,healthy
/content/drive/My Drive/Colab Notebooks/apple_leaf_specialist/data/final/train/healthy/6b0c128de5d6c8039c6eb4d1492c6e2eaec35c4e04065f1ea41cdcac7b26e889.jpg,healthy
/content/drive/My Drive/Colab Notebooks/apple_leaf_specialist/data/final/train/healthy/dfc68d8a8da18edb202cfdba72836e6be6ab52d21e9ff51ec448cd8c54191893.jpg,healthy
/content/drive/My Drive/Colab Notebooks/apple_leaf_specialist/data/final/train/healthy/c6e9be56960be697cf4913bd2f6c3c04b1c8a3e2eaec8f6c80f416446d31dcd2.jpg,healthy
/content/drive/My Drive/Colab Notebooks/apple_leaf_specialist/data/final/train/healthy/f6e25df2912f9d9cb114633aa30ec53ed1a68e73f55676d6cc11e04d6d5c89bb.jpg,healthy
/content/drive/My Drive/Colab Notebooks/apple_leaf_specialist/data/final/train/scab/29bb4c11aef48c20b017f1c42aa765cf8b0730778585a06879000a7a5510148b.jpg,scab
/content/drive/My Drive/Colab Notebooks/apple_leaf_specialist/data/final/train/scab/a328fdccdd29a54f237fc0e655e6df9b64cf78093f499419ef55027d0a9cad76.jpg,scab
/content/drive/My Drive/Colab Notebooks/apple_leaf_specialist/data/final/train/healthy/160704b595823ebff1745ad1b39f1348681d61dcea921c1bd2889c0b900d513a.jpg,healthy
/content/drive/My Drive/Colab Notebooks/apple_leaf_specialist/data/final/train/scab/a74f237774608ae911026568903853a5ee1a887c4676a8e2442a08eada30c656.jpg,scab
/content/drive/My Drive/Colab Notebooks/apple_leaf_specialist/data/final/train/scab/714d183484ec920349328d73fa5dd73d90164e37c1c955b43cd10c8f42a1234f.jpg,scab
/content/drive/My Drive/Colab Notebooks/apple_leaf_specialist/data/final/train/healthy/d8a73743ce9d5b774f5e2077e89fd5e96b6d839dd82844212d08f2e2617a60b3.jpg,healthy
/content/drive/My Drive/Colab Notebooks/apple_leaf_specialist/data/final/train/healthy/34cb03c6f933a2357ec4aeac28ad7ce021095264db1a8f75096cbd2aba805915.jpg,healthy
/content/drive/My Drive/Colab Notebooks/apple_leaf_specialist/data/final/train/black_rot/2e2e223e7511981f4aad37a30facec249bf0236eec337910d3e749aab1108f81.jpg,black_rot
/content/drive/My Drive/Colab Notebooks/apple_leaf_specialist/data/final/train/scab/be5cdf5423da11a8cd8836cf8708ac66378906804aba7512b9868e17777c8d99.jpg,scab
/content/drive/My Drive/Colab Notebooks/apple_leaf_specialist/data/final/train/black_rot/b33eaef1bdd340ca152b006046520d6d37e673b8137777cb5125e75720cf047a.jpg,black_rot
/content/drive/My Drive/Colab Notebooks/apple_leaf_specialist/data/final/train/rust/3ba543b5a442f50c0516ccb87bf04328ebaa4c9db2d925044e630477542bc6f2.jpg,rust
/content/drive/My Drive/Colab Notebooks/apple_leaf_specialist/data/final/train/healthy/66dbd4198b630b32639c2c673ededb8c68a9db9b2e99dfed3b8eb5a041ddbbaa.jpg,healthy
/content/drive/My Drive/Colab Notebooks/apple_leaf_specialist/data/final/train/healthy/004f999a3f8d52d4a2dba71b1f0ccb2c4915e8f53318a26f50c780fd97d0111b.jpg,healthy
/content/drive/My Drive/Colab Notebooks/apple_leaf_specialist/data/final/train/healthy/7552ea8cfb8ab91a78db8f87200c01207be0a70b6ecb4f73ef7b86fe52df3b22.jpg,healthy
/content/drive/My Drive/Colab Notebooks/apple_leaf_specialist/data/final/train/black_rot/1e39befccfc6a5894884c6e9aac008b0a5ccf36fdf23e7fa276258efe16c3562.jpg,black_rot
/content/drive/My Drive/Colab Notebooks/apple_leaf_specialist/data/final/train/scab/702fa62cabd8e8611269ad4a771ade05cb7d48328316818f130f6fb644326877.jpg,scab
/content/drive/My Drive/Colab Notebooks/apple_leaf_specialist/data/final/train/healthy/fd0a83c2dbeb9b51d8dd80aafb9be23cb1cb8747d58e8a098ec0b87e4d513381.jpg,healthy
/content/drive/My Drive/Colab Notebooks/apple_leaf_specialist/data/final/train/healthy/6c768653ca2ddfe9933f2e85fafe7af43ba00b967f6f751a69ded3e5398c4f6e.jpg,healthy
/content/drive/My Drive/Colab Notebooks/apple_leaf_specialist/data/final/train/black_rot/0509c15ebfd12f8a0fa4fb98a2c499cfb92723a00bb45ef41027212a5e37d804.jpg,black_rot
/content/drive/My Drive/Colab Notebooks/apple_leaf_specialist/data/final/train/healthy/968c795bd9d9c60fbb19beb3dbe3056d95ed896bc5952972503d841ee93bc299.jpg,healthy
/content/drive/My Drive/Colab Notebooks/apple_leaf_specialist/data/final/train/healthy/332a99f153b90bff36642bda1bf9618b68c8696c3f967cb809b7dde2b96377cf.jpg,healthy
/content/drive/My Drive/Colab Notebooks/apple_leaf_specialist/data/final/train/healthy/193fad964536992fe1d0e38696fe9de744e5b1f07d6e06fb4448cbc2b3cc919f.jpg,healthy
/content/drive/My Drive/Colab Notebooks/apple_leaf_specialist/data/final/train/black_rot/babbea58905a1057edae0b1c41b91ad8483be4f2c9f957f07be8f328137ff99d.jpg,black_rot
/content/drive/My Drive/Colab Notebooks/apple_leaf_specialist/data/final/train/healthy/eedee6eb82344c805ec762f6dc691a9f091acb6687ff1e335da8c0f33539caa8.jpg,healthy
/content/drive/My Drive/Colab Notebooks/apple_leaf_specialist/data/final/train/black_rot/f33df304913ebf34ad00730e59e2ec29700b9f32b541dd6cec7a77e1691a033c.jpg,black_rot
/content/drive/My Drive/Colab Notebooks/apple_leaf_specialist/data/final/train/black_rot/f17d2fde45ff410df30319348ea0f560c4583a95a82b4fae01013c0ce3e7ae5d.jpg,black_rot
/content/drive/My Drive/Colab Notebooks/apple_leaf_specialist/data/final/train/healthy/896175438d3091dea3ff0cab75df9ed4f790fac35496ba31823843a7b05998a6.jpg,healthy
/content/drive/My Drive/Colab Notebooks/apple_leaf_specialist/data/final/train/healthy/9d83ed662224628e7b1cc5338f3f9d28fa5546b87c470297c8d0400782c39b8b.jpg,healthy
/content/drive/My Drive/Colab Notebooks/apple_leaf_specialist/data/final/train/healthy/98095c43843c5d8f1cab0417facdc6d07a7d6a0ef8260d352d3c164154917bbe.jpg,healthy
/content/drive/My Drive/Colab Notebooks/apple_leaf_specialist/data/final/train/healthy/e9abd245922f7b02d60c5790a023dc5eaea4066e383a08f4a794dc6e97fe028a.jpg,healthy
/content/drive/My Drive/Colab Notebooks/apple_leaf_specialist/data/final/train/healthy/81180bbaac318c703ebf65387cc4c9aa1b98396b430ed4fee86da70932ee5407.jpg,healthy
/content/drive/My Drive/Colab Notebooks/apple_leaf_specialist/data/final/train/healthy/83c394336177a34d70b6ad1958fae4ab89f0adfeb1762c7f97419c28dae6b376.jpg,healthy
/content/drive/My Drive/Colab Notebooks/apple_leaf_specialist/data/final/train/scab/a8098062325b90b3710ddc5c3be7821c5d8d55b84cc510f7c136346e6663efa5.jpg,scab
/content/drive/My Drive/Colab Notebooks/apple_leaf_specialist/data/final/train/scab/909ffc3f35b6585fdb5f8f3e4dad6a602db660ff4e5f94de464d1867a32ea685.jpg,scab
/content/drive/My Drive/Colab Notebooks/apple_leaf_specialist/data/final/train/healthy/64c5aa722482b5dc1efd4161c59c8b55153eacf382008c7ca4b05fb1951fed62.jpg,healthy
/content/drive/My Drive/Colab Notebooks/apple_leaf_specialist/data/final/train/scab/ce83b79ff1e3b40366eb9dc3627c2f5cee05cb12cedb49894c0609054519aa07.jpg,scab
/content/drive/My Drive/Colab Notebooks/apple_leaf_specialist/data/final/train/healthy/986b025d957aea0478bec03208d8deb482f27b614a61e6a969ec8d24f55d40e7.jpg,healthy
/content/drive/My Drive/Colab Notebooks/apple_leaf_specialist/data/final/train/black_rot/71f591d8f971a301e8398a2ae16ab9be0ce1045fd691fd6a57808b6dc0041257.jpg,black_rot
/content/drive/My Drive/Colab Notebooks/apple_leaf_specialist/data/final/train/scab/40563adbe460b42260a149c6737c3f104d00261e94ee6acea2b019ffe4f94377.jpg,scab
/content/drive/My Drive/Colab Notebooks/apple_leaf_specialist/data/final/train/healthy/d83b08a0c0dbb4f785eef76356168e6981922d8f97cd19e1a6d400442409071c.jpg,healthy
/content/drive/My Drive/Colab Notebooks/apple_leaf_specialist/data/final/train/black_rot/1d60fcf17536e0dde8ba7a6d11b47d58d82135e65527b176e43aac6c27356fce.jpg,black_rot
/content/drive/My Drive/Colab Notebooks/apple_leaf_specialist/data/final/train/black_rot/4057aac00e5b1a584aee55eb9254e16bffe05b492131dd76551d956718b6bf8a.jpg,black_rot
/content/drive/My Drive/Colab Notebooks/apple_leaf_specialist/data/final/train/healthy/8c76d51d36c435bf5dfb0a454e702033c95d9f15fa0decbf13227c27844e5c0e.jpg,healthy
/content/drive/My Drive/Colab Notebooks/apple_leaf_specialist/data/final/train/healthy/e2afd9d8d1253e7d6dac7d230955adec1d1515a330250fdedac2667d463163ad.jpg,healthy
/content/drive/My Drive/Colab Notebooks/apple_leaf_specialist/data/final/train/healthy/f93c72dffbd292ca518a030e9ab28cacb96d634b7795d2718f53d27acea5f106.jpg,healthy
/content/drive/My Drive/Colab Notebooks/apple_leaf_specialist/data/final/train/scab/11f54389fd2d089594702a71f6b2ff080342fe083fa06da3c786a2573d2071a5.jpg,scab
/content/drive/My Drive/Colab Notebooks/apple_leaf_specialist/data/final/train/black_rot/5373524c0029cb11d56ff35859355a89fe5164c6d9d5ee898ff8aca982eaa9cc.jpg,black_rot
/content/drive/My Drive/Colab Notebooks/apple_leaf_specialist/data/final/train/rust/22fe668cc54d35c4aee01d0193805065dafc8cfe902ef4dd08c04e46c8e23699.jpg,rust
/content/drive/My Drive/Colab Notebooks/apple_leaf_specialist/data/final/train/healthy/1ecc83c3e36b56e3861fd10c211eb242245112d3710ef5200f830d6035976329.jpg,healthy
/content/drive/My Drive/Colab Notebooks/apple_leaf_specialist/data/final/train/healthy/d10c41d3f167e5b4a2c1bf32efa4b3622c6218243c4f6202a7a78b6520193012.jpg,healthy
/content/drive/My Drive/Colab Notebooks/apple_leaf_specialist/data/final/train/healthy/5d118c35e5927ac89317202a8908be7f7f4d8f995efe7cc8a313dc987193fac8.jpg,healthy
/content/drive/My Drive/Colab Notebooks/apple_leaf_specialist/data/final/train/healthy/adc63b75c9926e844b08029eae833ef65dfa4368f437f783170c9bc4e5151947.jpg,healthy
/content/drive/My Drive/Colab Notebooks/apple_leaf_specialist/data/final/train/black_rot/d4b01018e43532b848ea33d396429b81c12ad04ee0d060c40c09248d1ad5ce5a.jpg,black_rot
/content/drive/My Drive/Colab Notebooks/apple_leaf_specialist/data/final/train/rust/f73b887734600b8affa3d70f8ef50fe8c6a5308a7a55a4294e82d50f45fe2ab3.jpg,rust
/content/drive/My Drive/Colab Notebooks/apple_leaf_specialist/data/final/train/healthy/b5f6d1599db16284979a0e4b54ae0169ec0e17532630c44b629748c428489425.jpg,healthy
/content/drive/My Drive/Colab Notebooks/apple_leaf_specialist/data/final/train/black_rot/b5601b4060f06c796e9e40fcb27ecbf0b24514e06ea3640a8c38a55e165629f1.jpg,black_rot
/content/drive/My Drive/Colab Notebooks/apple_leaf_specialist/data/final/train/scab/101a4a35be2a12a3d92aea5ba0eda637444554aa87f65d58dec217f9a8da95f2.jpg,scab
/content/drive/My Drive/Colab Notebooks/apple_leaf_specialist/data/final/train/healthy/687733bbce26820545cc059c93c64e4aed1f8472f7c38eb30f09505ae03eac72.jpg,healthy
/content/drive/My Drive/Colab Notebooks/apple_leaf_specialist/data/final/train/healthy/adb5782e1fe084495c0d06b06fd9937fa19631c4de746e5b0469792450233376.jpg,healthy
/content/drive/My Drive/Colab Notebooks/apple_leaf_specialist/data/final/train/healthy/1fbf184f1a32203a384dea185c0e2925d04c0ed436c3f336192c9f2d79b430cd.jpg,healthy
/content/drive/My Drive/Colab Notebooks/apple_leaf_specialist/data/final/train/healthy/14c81d2de0b48d31f8f23e4b8243b805fc3c67d8dcc45d2c0e5b1c0e6a324d81.jpg,healthy
/content/drive/My Drive/Colab Notebooks/apple_leaf_specialist/data/final/train/scab/b63fc69e0b650b735d71118cd5b06f5d5c26547c4dd513f593bb4ccc6aace494.jpg,scab
/content/drive/My Drive/Colab Notebooks/apple_leaf_specialist/data/final/train/rust/adacaf9a1322157b29f418a3e9fa3cb98ac008ec6056cd657896ff7b9f35f718.jpg,rust
/content/drive/My Drive/Colab Notebooks/apple_leaf_specialist/data/final/train/healthy/8224fdf9f25eb6f57e77337a13c532e6373ebdda6d27c3fb33cf28183e565110.jpg,healthy
/content/drive/My Drive/Colab Notebooks/apple_leaf_specialist/data/final/train/rust/253926a178b23ee33508df2b4f39c466969c97bb77ef0da807fe1bca2cbcb1a0.jpg,rust
/content/drive/My Drive/Colab Notebooks/apple_leaf_specialist/data/final/train/healthy/73a99be62565e77d9d33585433e93a7c6ba92ecd8b728e5c6c42d772672af239.jpg,healthy
/content/drive/My Drive/Colab Notebooks/apple_leaf_specialist/data/final/train/healthy/6891c3b25f90612ede072fdbad72d0623b9a48447656543ff2b811618ebf9a5d.jpg,healthy
/content/drive/My Drive/Colab Notebooks/apple_leaf_specialist/data/final/train/healthy/27968b81eafadda0f0cf64be4c93bd1fa7effe32fb85493abf03e952f6369f22.jpg,healthy
/content/drive/My Drive/Colab Notebooks/apple_leaf_specialist/data/final/train/scab/c3155427a7b1cacb7dfd9c29adb3d0006157c437eebcf252ca72bd567e3d24b0.jpg,scab
/content/drive/My Drive/Colab Notebooks/apple_leaf_specialist/data/final/train/healthy/cb36e5451a6242334073a6753ea7051b595d092b2bb6043901e80e02c0bdf385.jpg,healthy
/content/drive/My Drive/Colab Notebooks/apple_leaf_specialist/data/final/train/healthy/65c73588aa50b04950304b73be5859756df573c61bfb9fa6776b2ae750d69b74.jpg,healthy
/content/drive/My Drive/Colab Notebooks/apple_leaf_specialist/data/final/train/healthy/d31bbc7cd130b8aa04e986861a320e86081e7c6d6b81310081a3132903baafda.jpg,healthy
/content/drive/My Drive/Colab Notebooks/apple_leaf_specialist/data/final/train/scab/e77a442c6a5c49927dd6d9abee175222df06cb4e55b6ac56252b0ca0930ffb39.jpg,scab
/content/drive/My Drive/Colab Notebooks/apple_leaf_specialist/data/final/train/healthy/f31f00b6d8aab01818f4029fd1147458612dff8fe08cbe0176ee8bd4fea59a11.jpg,healthy
/content/drive/My Drive/Colab Notebooks/apple_leaf_specialist/data/final/train/healthy/49bc9722f32a49a2872421bfa261d1a48a4b19c361746426256a6b6b795bcecc.jpg,healthy
/content/drive/My Drive/Colab Notebooks/apple_leaf_specialist/data/final/train/healthy/13c7faa8a572c99afa59c9849a1de7aa31f19e8a10e8f62361b709e1d07f6046.jpg,healthy
/content/drive/My Drive/Colab Notebooks/apple_leaf_specialist/data/final/train/healthy/66fb7861c3c710eed479f1d133dddc0549364fa4fd7223c412fc550ce4177f1d.jpg,healthy
/content/drive/My Drive/Colab Notebooks/apple_leaf_specialist/data/final/train/black_rot/7c90584bb374c60afbed2d443331eed79d6e35aecf9a2d42e2bfad168550740d.jpg,black_rot
/content/drive/My Drive/Colab Notebooks/apple_leaf_specialist/data/final/train/healthy/8332c61f8a87bda3ac8eef844bda7b90cd3ec8462f961aa888c4f594b0b51f1d.jpg,healthy
/content/drive/My Drive/Colab Notebooks/apple_leaf_specialist/data/final/train/healthy/9384b48114b3b7c41b211f024d0e4297a76fb2af2b1329af616d4bc600f3af68.jpg,healthy
/content/drive/My Drive/Colab Notebooks/apple_leaf_specialist/data/final/train/healthy/1d55b6b2d7050cce8099231cea867f16508f4e6e20795a1c32ce69df30a06b6a.jpg,healthy
/content/drive/My Drive/Colab Notebooks/apple_leaf_specialist/data/final/train/black_rot/f2b8bd22471257ff526f9adf6b550e6b4d4ae7a12208c95a3b90761fd377097d.jpg,black_rot
/content/drive/My Drive/Colab Notebooks/apple_leaf_specialist/data/final/train/scab/5b2d4e6a19243aec0432e505b7ae6316bf8b5db82976e0ef3d931b4143ee08b0.jpg,scab
/content/drive/My Drive/Colab Notebooks/apple_leaf_specialist/data/final/train/scab/dff9635e6c8699cb11cbb1463c50557d99c4ff9d5ca4cfdc50ab14c12e399431.jpg,scab
/content/drive/My Drive/Colab Notebooks/apple_leaf_specialist/data/final/train/healthy/7882f6b40cdb819fa08d6827f2e26ceef8ff23c55bfc28b709ff5366cd75db34.jpg,healthy
/content/drive/My Drive/Colab Notebooks/apple_leaf_specialist/data/final/train/healthy/ab62adb83f53899b657b78d291d15f28732eecbc146bf6c1d91d25053c8da20d.jpg,healthy
/content/drive/My Drive/Colab Notebooks/apple_leaf_specialist/data/final/train/black_rot/3f580fa18ead5011d3b5061c79b2a6b425764472319c78b83742fbc1a9688961.jpg,black_rot
/content/drive/My Drive/Colab Notebooks/apple_leaf_specialist/data/final/train/black_rot/e2fb1eb0cca47d66b33a749416182a4f374328ea83a7b93badddf7ec50e36d43.jpg,black_rot
/content/drive/My Drive/Colab Notebooks/apple_leaf_specialist/data/final/train/healthy/3d0d8a72afd9fd3ae88cec826eddccf37e9f97e4c81fba360716cd8fd5b7b56e.jpg,healthy
/content/drive/My Drive/Colab Notebooks/apple_leaf_specialist/data/final/train/rust/89075261c78cb7a108bcb061864736ba4a43722930b85845c25c0803f4d84b2e.jpg,rust
/content/drive/My Drive/Colab Notebooks/apple_leaf_specialist/data/final/train/black_rot/225dd0c016432eb0ba40df6a89f84ae41e16f906aa6fd003220133f231dbb26e.jpg,black_rot
/content/drive/My Drive/Colab Notebooks/apple_leaf_specialist/data/final/train/healthy/e30f1622ca10cb232abf91bbebcb7b713eae458e19bca9d846b1ff6a5d29e9e1.jpg,healthy
/content/drive/My Drive/Colab Notebooks/apple_leaf_specialist/data/final/train/healthy/95cad1666e7c30e401a15941a50bd9c8d15631b08c8e33b839ecbdda0ec22433.jpg,healthy
/content/drive/My Drive/Colab Notebooks/apple_leaf_specialist/data/final/train/scab/a6eaf97a5e807e93f01315b84925b72cf2c743d3afe92f7184ad66d8975d273d.jpg,scab
/content/drive/My Drive/Colab Notebooks/apple_leaf_specialist/data/final/train/scab/e73ab3975a07efa3fc3f55dff7b0fe86dea233f17975efe04eea2edacb51f887.jpg,scab
/content/drive/My Drive/Colab Notebooks/apple_leaf_specialist/data/final/train/healthy/6c2466560338d60a09198e95fbbe81b7acd6301513fd53681bbd891cd8da93e2.jpg,healthy
/content/drive/My Drive/Colab Notebooks/apple_leaf_specialist/data/final/train/rust/5f8f7f54af74d0bdbe0c769120af6817dfa29eb1ef875ff2a89a5839439fcd8f.jpg,rust
/content/drive/My Drive/Colab Notebooks/apple_leaf_specialist/data/final/train/scab/1185003df851456b4d58f80e4c55b00531c91427b5064bddeb518d20d4499f87.jpg,scab
/content/drive/My Drive/Colab Notebooks/apple_leaf_specialist/data/final/train/scab/8083d9af94eabf2848a95f882245e3f137ecd1340622e06331565a44d342d718.jpg,scab
/content/drive/My Drive/Colab Notebooks/apple_leaf_specialist/data/final/train/healthy/65dbe8997e1e08395ec317b9c32d22f18b3691928da5e50805551dea4e72a2d3.jpg,healthy
/content/drive/My Drive/Colab Notebooks/apple_leaf_specialist/data/final/train/black_rot/449a2f640a9c8edbd20fa7714f5cea39b48d1392610c750cb2b879c332ec8f1a.jpg,black_rot
/content/drive/My Drive/Colab Notebooks/apple_leaf_specialist/data/final/train/scab/6b65d45fab8255f37339e745b73023edb5ebe327ae4fdefdf9b336c71c052d8a.jpg,scab
/content/drive/My Drive/Colab Notebooks/apple_leaf_specialist/data/final/train/rust/50c059ea3c2da8069bfbdc2bffd4d8ce03f6102326bc35e8c082bcaba7e27f3b.jpg,rust
/content/drive/My Drive/Colab Notebooks/apple_leaf_specialist/data/final/train/healthy/deb47199a1a2277c52d458ba5cbcd9f8814515e929b1ad7525f5b137c23fa7f0.jpg,healthy
/content/drive/My Drive/Colab Notebooks/apple_leaf_specialist/data/final/train/healthy/dcafdbcfe14c94e39d15596817174087c5cbceeb3209f6f1b8ffa35a1a5c5d2f.jpg,healthy
/content/drive/My Drive/Colab Notebooks/apple_leaf_specialist/data/final/train/rust/8493618c2dade9b7c403fbcb0cf636ca10cc4a1e684e0d0144ad7edfc9baff08.jpg,rust
/content/drive/My Drive/Colab Notebooks/apple_leaf_specialist/data/final/train/rust/3c8bfe1fb3f03f2ea444d595d26feace5ae749dcf40b00d9376a15bd8106dfe8.jpg,rust
/content/drive/My Drive/Colab Notebooks/apple_leaf_specialist/data/final/train/healthy/26a1bada56ba7e941222f5ab56068d6fd416efe61fcbc1376cd7fd8aa0649519.jpg,healthy
/content/drive/My Drive/Colab Notebooks/apple_leaf_specialist/data/final/train/healthy/ff210de7ab44d9faeac123787ba91cc5da94342e524867e05c579e8b51da66e9.jpg,healthy
/content/drive/My Drive/Colab Notebooks/apple_leaf_specialist/data/final/train/black_rot/1cf45b5b487738520d245b7a892873bdd6b0e411aab867461652c6c4c3b2819c.jpg,black_rot
/content/drive/My Drive/Colab Notebooks/apple_leaf_specialist/data/final/train/healthy/882a6bd37cf5364ee689abb07fd208aab9c7d868650397b12afb9524d0b03a25.jpg,healthy
/content/drive/My Drive/Colab Notebooks/apple_leaf_specialist/data/final/train/scab/6cd7225be81a26b8e4c4b8c0dd27d593295d11dd971d96c7412bc56b23c58a60.jpg,scab
/content/drive/My Drive/Colab Notebooks/apple_leaf_specialist/data/final/train/scab/ec298a7047a990a1b1fe6da1f2e67d573060ad679b86228ebf947cadb40a0d0c.jpg,scab
/content/drive/My Drive/Colab Notebooks/apple_leaf_specialist/data/final/train/scab/8235d10bb9fe1f96fe10d03392f7ef2f663bc0997daebff3a5daf754d246095d.jpg,scab
/content/drive/My Drive/Colab Notebooks/apple_leaf_specialist/data/final/train/healthy/e32d539a631b04393f176b3c6bb1964c9563b022d5ba5b20ff86109678a35bb4.jpg,healthy
/content/drive/My Drive/Colab Notebooks/apple_leaf_specialist/data/final/train/healthy/af6388bb417effea5fe7f4af9ee03d97edb9b460b5822565408b88dc86aa5536.jpg,healthy
/content/drive/My Drive/Colab Notebooks/apple_leaf_specialist/data/final/train/black_rot/7671e8789da03387494142439bc4558def4afcd455853425f14c8dafe92caeaa.jpg,black_rot
/content/drive/My Drive/Colab Notebooks/apple_leaf_specialist/data/final/train/rust/23312453e2660d89548ca45f43cac6bae73c301d7d67dbdacceb91d9e2c64557.jpg,rust
/content/drive/My Drive/Colab Notebooks/apple_leaf_specialist/data/final/train/scab/ae6745c1880d2eb652f3a0298a5a9bac3a2bc6afeeb0953bd76c14b98d9891a5.jpg,scab
/content/drive/My Drive/Colab Notebooks/apple_leaf_specialist/data/final/train/healthy/b702ab967bb16dcc280d84e26c9b3aebcb58a97f0c8b14ce508c2333dd89ead6.jpg,healthy
/content/drive/My Drive/Colab Notebooks/apple_leaf_specialist/data/final/train/healthy/ebc8716ee27076e3546c08125f0feb8f2053524b43dbb39d4f2e9227dce853cc.jpg,healthy
/content/drive/My Drive/Colab Notebooks/apple_leaf_specialist/data/final/train/black_rot/e017687a4a819cb43e320dc397a0d5ba7311ec3e375a1881f230b36d8fdef1a3.jpg,black_rot
/content/drive/My Drive/Colab Notebooks/apple_leaf_specialist/data/final/train/healthy/fc8bc812153849931a572bd5b3204aecb194c12a3d82d3fa995c89e9ad280c60.jpg,healthy
/content/drive/My Drive/Colab Notebooks/apple_leaf_specialist/data/final/train/black_rot/cbd45e66ef2ee6066bca2fdf7ed89579bad6ed4da8ed0f5fc128fbe56eab3edf.jpg,black_rot
/content/drive/My Drive/Colab Notebooks/apple_leaf_specialist/data/final/train/healthy/c49257d88613e86435c38e67ad0b8435af57cddf92416cbf4983eb3f4e6c9476.jpg,healthy
/content/drive/My Drive/Colab Notebooks/apple_leaf_specialist/data/final/train/black_rot/cfab89fb9b43101223ed855544616bd8556667e31f20afd1c52fd8adc9408612.jpg,black_rot
/content/drive/My Drive/Colab Notebooks/apple_leaf_specialist/data/final/train/healthy/d55ef4643e86f877758ca88b7f32874e272414793cc35f8a6c5a3308c74f52e4.jpg,healthy
/content/drive/My Drive/Colab Notebooks/apple_leaf_specialist/data/final/train/healthy/0e31f406fc1ba8e0b0630753788f3080c6b5c4737f7b0a310e8092bb1dbee056.jpg,healthy
/content/drive/My Drive/Colab Notebooks/apple_leaf_specialist/data/final/train/rust/87b3525264d9ca2955f04f0834303c06ddfaf60eba44cf58cab57c3df54597d5.jpg,rust
/content/drive/My Drive/Colab Notebooks/apple_leaf_specialist/data/final/train/scab/e4d39050f72ed484ab1fc580bed4fe7420d1e70c50a459d50d97751b7730d7c3.jpg,scab
/content/drive/My Drive/Colab Notebooks/apple_leaf_specialist/data/final/train/healthy/cfc5db5f1c7682f16860385ea61e81d88c12d758b2f2f44a064afa8b5da5f31b.jpg,healthy
/content/drive/My Drive/Colab Notebooks/apple_leaf_specialist/data/final/train/scab/ce2270154c0875270300a5d910c29705feba1b786c71d3723c665976b9d8b793.jpg,scab
/content/drive/My Drive/Colab Notebooks/apple_leaf_specialist/data/final/train/scab/51ef578c1480a843dfe338408563832eaa2e31a68b39c79a1788cec31212b8cd.jpg,scab
/content/drive/My Drive/Colab Notebooks/apple_leaf_specialist/data/final/train/rust/78fea776753cd09e6fcd10e76439f47428fa2c407e2034dbd9dd17dfeabe5fc9.jpg,rust
/content/drive/My Drive/Colab Notebooks/apple_leaf_specialist/data/final/train/scab/a1c67bf3042878db35e50559587e7f672669f3993d9d93fafae5e66f303d8ad4.jpg,scab
/content/drive/My Drive/Colab Notebooks/apple_leaf_specialist/data/final/train/rust/adc5ff63caa0a11adce4bc20676d14af1ab3531c58b9e4101c3f3ef72c32c6ca.jpg,rust
/content/drive/My Drive/Colab Notebooks/apple_leaf_specialist/data/final/train/healthy/152f53ac207be70e6b67ab58cebbb4be0f42c7fa6313028b898ff11ba882b988.jpg,healthy
/content/drive/My Drive/Colab Notebooks/apple_leaf_specialist/data/final/train/healthy/bc6579f465d1cc496db405b9cc85237b173c9313eb6941fc1cbe85d2206b3db3.jpg,healthy
/content/drive/My Drive/Colab Notebooks/apple_leaf_specialist/data/final/train/rust/63d6bed2d9bd428a578759698d8dbeafe7c9daf9b0f4c625d1eb7a44e6213aab.jpg,rust
/content/drive/My Drive/Colab Notebooks/apple_leaf_specialist/data/final/train/healthy/82ab74d64a02ee32164c9d7b26903ec30425b200c4a1a46f677a839db4efce8a.jpg,healthy
/content/drive/My Drive/Colab Notebooks/apple_leaf_specialist/data/final/train/scab/639420d117c12f92e029bc3ece0d10a404305566a90d318d66e0faff014b3ea0.jpg,scab
/content/drive/My Drive/Colab Notebooks/apple_leaf_specialist/data/final/train/healthy/5b3d4fca9f9c238730a502d3fdb47512eed89d1617bab06d6dc07bbec48f84af.jpg,healthy
/content/drive/My Drive/Colab Notebooks/apple_leaf_specialist/data/final/train/healthy/91ee469693c0d8c4750c7ea253e812f030a3d90c3fc2acc2873f7ba92cc02021.jpg,healthy
/content/drive/My Drive/Colab Notebooks/apple_leaf_specialist/data/final/train/rust/7db5f026f286783bd37de96f016c42de60efee662afc4a90ebe6509f9c6dba4d.jpg,rust
/content/drive/My Drive/Colab Notebooks/apple_leaf_specialist/data/final/train/healthy/3ab0ac2a60985f5059e363f44730cc731bc48c358a79249696c5330fc70f8729.jpg,healthy
/content/drive/My Drive/Colab Notebooks/apple_leaf_specialist/data/final/train/black_rot/a8d18a8102ac12a582bb8d201a95795edd60807211987fe25714e141082e1ee4.jpg,black_rot
/content/drive/My Drive/Colab Notebooks/apple_leaf_specialist/data/final/train/rust/7410a3cc26ed227ca00177242db698cc889f6c3ea296ffc78e89f11403d6f906.jpg,rust
/content/drive/My Drive/Colab Notebooks/apple_leaf_specialist/data/final/train/scab/b666d08d06e038a301ecefdc39803520577722550ba17fda9279fb0ea13436af.jpg,scab
/content/drive/My Drive/Colab Notebooks/apple_leaf_specialist/data/final/train/healthy/80c979dea0496ab1b90ce85d2425a0c0eb04bc2fc7229508bb018b81548dd308.jpg,healthy
/content/drive/My Drive/Colab Notebooks/apple_leaf_specialist/data/final/train/scab/1a2876ec2598a471f66601df57474574e45009c5f36f7ef4b9e836fe713beed4.jpg,scab
/content/drive/My Drive/Colab Notebooks/apple_leaf_specialist/data/final/train/healthy/c4c8b365508bbfd1ffd899e36d4a0e71067a9074c85bffcd29e5daef422ca7d2.jpg,healthy
/content/drive/My Drive/Colab Notebooks/apple_leaf_specialist/data/final/train/black_rot/98e12b15eb0fab1b0e0e16ed61a9bc0de37b57bfcf8a845176537f4c7f03cc15.jpg,black_rot
/content/drive/My Drive/Colab Notebooks/apple_leaf_specialist/data/final/train/black_rot/6e591d830fc3af83659bf46aed61e66c4a4a6910f7b8e782d9f96131344e1878.jpg,black_rot
/content/drive/My Drive/Colab Notebooks/apple_leaf_specialist/data/final/train/healthy/bf1c8d38aaeccdd11d3c3c8adc663860414cc3a9ff3d6adfc742a13e53c8e835.jpg,healthy
/content/drive/My Drive/Colab Notebooks/apple_leaf_specialist/data/final/train/healthy/8a73e54ea67bc966e99f66513afd81f99686c41b0cfb8244b85046b2c8813617.jpg,healthy
/content/drive/My Drive/Colab Notebooks/apple_leaf_specialist/data/final/train/healthy/da685646ff82311bf0b8703c24e8cd805c253a6f7c0545495faf52102f1aa5e7.jpg,healthy
/content/drive/My Drive/Colab Notebooks/apple_leaf_specialist/data/final/train/scab/cbc127daa4e1f8d30f4a0a399a8a1c004f03522ece7a482b00ca4b5e17cbc438.jpg,scab
/content/drive/My Drive/Colab Notebooks/apple_leaf_specialist/data/final/train/black_rot/ee461707e67382591ba083047bbcf770b042037e8539fcbc433c5e7b68616018.jpg,black_rot
/content/drive/My Drive/Colab Notebooks/apple_leaf_specialist/data/final/train/healthy/c530d06a68a5f61cd313439dc5a806414e0526123affcc2592c8878c79020e74.jpg,healthy
/content/drive/My Drive/Colab Notebooks/apple_leaf_specialist/data/final/train/scab/b4b194cb759800c49356cf105d930ed21788cefeafce0062aa525e6708172883.jpg,scab
/content/drive/My Drive/Colab Notebooks/apple_leaf_specialist/data/final/train/healthy/401a8b541e022e2e339a69d282701a573314048bb46614500cb63008aeb8303a.jpg,healthy
/content/drive/My Drive/Colab Notebooks/apple_leaf_specialist/data/final/train/healthy/2cad870e3ea1da573ab8f2a1f0ae32efd2d1e29561695559bada0ac8a4ba94e5.jpg,healthy
/content/drive/My Drive/Colab Notebooks/apple_leaf_specialist/data/final/train/healthy/c272f90cc2e2e885fe42bd874c841acc44cb12ed18aadd5c98ebc71a87c30e9c.jpg,healthy
/content/drive/My Drive/Colab Notebooks/apple_leaf_specialist/data/final/train/healthy/e0d4b2117549fed9d30c3337d9441f57a1ce7768829a6dd9cdf20cf0f34ff917.jpg,healthy
/content/drive/My Drive/Colab Notebooks/apple_leaf_specialist/data/final/train/rust/87a6cb33532110735d7ba70cda09cbf0f03e0f8faafedc589f43282196de4eec.jpg,rust
/content/drive/My Drive/Colab Notebooks/apple_leaf_specialist/data/final/train/black_rot/073be1d761f0d84a5e44e7d9455a216fe386158c29111c624dbfd28d60bfb9cc.jpg,black_rot
/content/drive/My Drive/Colab Notebooks/apple_leaf_specialist/data/final/train/rust/6dbef41c49c9fcf012e30661bb1857baf31df2cb0fa28192492caf2ca629718c.jpg,rust
/content/drive/My Drive/Colab Notebooks/apple_leaf_specialist/data/final/train/scab/8c57b4d7ddd9077bf37e58bdedb48cf495a0cb5d4d5b6bcce64dee98a814bb45.jpg,scab
/content/drive/My Drive/Colab Notebooks/apple_leaf_specialist/data/final/train/healthy/5e62f6c6a28fd502734cb5c749c0c382acc46eb38da8fcd783846a6e76eae530.jpg,healthy
/content/drive/My Drive/Colab Notebooks/apple_leaf_specialist/data/final/train/healthy/cdf5e190df1307a8b449b806c3956f424710781fde83357511d55f0cd1ad9ac9.jpg,healthy
/content/drive/My Drive/Colab Notebooks/apple_leaf_specialist/data/final/train/scab/a1917c4dec272ea6f6a1c730adba93f1e7b58364cbbac73eb29f84beacfc4aff.jpg,scab
/content/drive/My Drive/Colab Notebooks/apple_leaf_specialist/data/final/train/healthy/24c0ff45635bca817393d5cc0a072bcdcc7a07cde918f52af21a99c1482600ae.jpg,healthy
/content/drive/My Drive/Colab Notebooks/apple_leaf_specialist/data/final/train/scab/2e4414a26265808d0276192a370b5654885ccea121e59ead59385fb0a60b93a9.jpg,scab
/content/drive/My Drive/Colab Notebooks/apple_leaf_specialist/data/final/train/healthy/3edbbad765f52f65d1f1733120b70f2693ecd06ed2ce2ceb12dcb804bf5d47c7.jpg,healthy
/content/drive/My Drive/Colab Notebooks/apple_leaf_specialist/data/final/train/black_rot/c2f4053c3b92717e705a8ecc84419308c244e269d82f78db4e47f440a351ba3b.jpg,black_rot
/content/drive/My Drive/Colab Notebooks/apple_leaf_specialist/data/final/train/scab/8bb8c412416ad253379b8e5c964c3c070543e9c18700b9ad039b73d035fa3f7f.jpg,scab
/content/drive/My Drive/Colab Notebooks/apple_leaf_specialist/data/final/train/scab/8c42a37b4f0ad991ef6424a2daa2494769d63080771fe4ecc66e01b914f8fb23.jpg,scab
/content/drive/My Drive/Colab Notebooks/apple_leaf_specialist/data/final/train/healthy/7731699e98e41e539683d38eb3f22f57a3fedba2ebcfd4de8702ccb341d9d31e.jpg,healthy
/content/drive/My Drive/Colab Notebooks/apple_leaf_specialist/data/final/train/healthy/9d5e7a706b3ca235801d4c5dfcc7f5f818bad509c06dca750a50c21fabfe60d2.jpg,healthy
/content/drive/My Drive/Colab Notebooks/apple_leaf_specialist/data/final/train/healthy/3b4c7c29d6ebe3fcee3e9692bba1bca3bcc07997649a43056c8a42746fbea1b8.jpg,healthy
/content/drive/My Drive/Colab Notebooks/apple_leaf_specialist/data/final/train/healthy/fb27f1e1226199a6d5edae4cb2c468d49132a4a1f8f8123c0ad255d61c306c9f.jpg,healthy
/content/drive/My Drive/Colab Notebooks/apple_leaf_specialist/data/final/train/healthy/160b6305ae84b04e90e40dfaeba9d5761cab1526ee26ab03294f0c31e7531084.jpg,healthy
/content/drive/My Drive/Colab Notebooks/apple_leaf_specialist/data/final/train/black_rot/20cc541fe0723e56aa5644ca78218d2a24d612e77165335bec28d84863ae1a0c.jpg,black_rot
/content/drive/My Drive/Colab Notebooks/apple_leaf_specialist/data/final/train/rust/42d340a94bc829a1da7719501c48b28960b43748563a00f0d4b6d2c4c5cee0eb.jpg,rust
/content/drive/My Drive/Colab Notebooks/apple_leaf_specialist/data/final/train/healthy/3de9e2a26822a5dedfd6f74f92a7daa31800271b03150265909fd0dbbd4c55bf.jpg,healthy
/content/drive/My Drive/Colab Notebooks/apple_leaf_specialist/data/final/train/healthy/63a9348ee5aecb8d2e6958c562be7f673fb37d022ade524f4517c4995ac4a47a.jpg,healthy
/content/drive/My Drive/Colab Notebooks/apple_leaf_specialist/data/final/train/healthy/0d9c19c52e61a2e79c681e71d92f79b84d75a7791be5437a25fcc09761183aa2.jpg,healthy
/content/drive/My Drive/Colab Notebooks/apple_leaf_specialist/data/final/train/healthy/2db7362ef094df4f1ee1a1debdb22ca7b19025f3bf9772967a9f5b6250444189.jpg,healthy
/content/drive/My Drive/Colab Notebooks/apple_leaf_specialist/data/final/train/rust/b7231786fc5b9634eb6c6a5a3e5c5e1c558c934a8756e8a965db3b7ec985f6ca.jpg,rust
/content/drive/My Drive/Colab Notebooks/apple_leaf_specialist/data/final/train/black_rot/d559d6d058e471627e838d2473874235c18701654476d90b19d310f091c414fe.jpg,black_rot
/content/drive/My Drive/Colab Notebooks/apple_leaf_specialist/data/final/train/scab/389341332a025b99782f9803598e1be5ec3a91c4eed5070af59ef17cfa2acc91.jpg,scab
/content/drive/My Drive/Colab Notebooks/apple_leaf_specialist/data/final/train/healthy/3666e3aaa0ff23a948e13671fd368cfeae2f5f3fea9c2f38f9c73d54f01e19dd.jpg,healthy
/content/drive/My Drive/Colab Notebooks/apple_leaf_specialist/data/final/train/black_rot/6306b398f5438678cc77c86514bcb44903c74b20b2c4948d7cb56dbd6cf40e9c.jpg,black_rot
/content/drive/My Drive/Colab Notebooks/apple_leaf_specialist/data/final/train/healthy/2a835f56b99ab9aa1c102ab9f98be52a4195dcb73b60fdef4bf31e501fce69c3.jpg,healthy
/content/drive/My Drive/Colab Notebooks/apple_leaf_specialist/data/final/train/scab/02d7244e98e8ae5f7a02580ac0899722b6c419b5ecf010478e61f703dc1ea6e3.jpg,scab
/content/drive/My Drive/Colab Notebooks/apple_leaf_specialist/data/final/train/rust/61b2eb47d2468982ba8b94eff3a5bcc1fbfe7c761e77d55ba9a6542fe0a3d9f3.jpg,rust
/content/drive/My Drive/Colab Notebooks/apple_leaf_specialist/data/final/train/scab/cb98b4e1815a1c25581ee6d94e399dd87eb28865aed1e9201d9616ca268bf49c.jpg,scab
/content/drive/My Drive/Colab Notebooks/apple_leaf_specialist/data/final/train/scab/068da5e00cc01c9d98e5886f71abfbc98bb65b21f1707d87e5deda4280ceea84.jpg,scab
/content/drive/My Drive/Colab Notebooks/apple_leaf_specialist/data/final/train/healthy/7f33b45834df8831f6d838524aa204cd55e388c3dc4418ca8695d25859524659.jpg,healthy
/content/drive/My Drive/Colab Notebooks/apple_leaf_specialist/data/final/train/black_rot/8b1938c5ce337298c0fe4a7e82311d04f449bdfa863180c3db8cdbe620b22db6.jpg,black_rot
/content/drive/My Drive/Colab Notebooks/apple_leaf_specialist/data/final/train/healthy/d298459fd3e1f64d93a839fdcccc47972a12a106d1d47d6c5cea6a2df3585c7e.jpg,healthy
/content/drive/My Drive/Colab Notebooks/apple_leaf_specialist/data/final/train/black_rot/a700b9d551827c668e4d7bd2b429d132e7c9675e42d73af90aa2188dc9d1f787.jpg,black_rot
/content/drive/My Drive/Colab Notebooks/apple_leaf_specialist/data/final/train/healthy/3af64359aa979b276cbd6f9b3d5a89141ae04b49feebd93745dc9c38252f182f.jpg,healthy
/content/drive/My Drive/Colab Notebooks/apple_leaf_specialist/data/final/train/black_rot/ffe70792b02be365f5923b265d0aea47bf1e6e26b71499672fe83ee3500a03f2.jpg,black_rot
/content/drive/My Drive/Colab Notebooks/apple_leaf_specialist/data/final/train/scab/85b14c87a606dc3716804816ee0784211736a03752c997d674eaf27bc298368e.jpg,scab
/content/drive/My Drive/Colab Notebooks/apple_leaf_specialist/data/final/train/healthy/359f8e5829374f7d0c55c93afd864fd71225aea81b629ce6ef8862a6707b6c74.jpg,healthy
/content/drive/My Drive/Colab Notebooks/apple_leaf_specialist/data/final/train/scab/b421e54c0e367ffa5b513edf3b70b9224cc9253da0b9d727e8879dcee5531025.jpg,scab
/content/drive/My Drive/Colab Notebooks/apple_leaf_specialist/data/final/train/black_rot/fe641f330709521793c9241e55ed14f31f0ca246f6dfbd4c9acdaaeab548bef4.jpg,black_rot
/content/drive/My Drive/Colab Notebooks/apple_leaf_specialist/data/final/train/healthy/a6f4482ad9ddccaab5a5fb04330fc761492922df465a0dd9107aef2624793604.jpg,healthy
/content/drive/My Drive/Colab Notebooks/apple_leaf_specialist/data/final/train/healthy/5cad3d01ba4d774291f28f353ec211db7532cd2a8db85feab6f70b99e9bf7c35.jpg,healthy
/content/drive/My Drive/Colab Notebooks/apple_leaf_specialist/data/final/train/healthy/6423f8ede4cb27a15da61d288414b2fa77860654f00c41272c0324cfa8961f25.jpg,healthy
/content/drive/My Drive/Colab Notebooks/apple_leaf_specialist/data/final/train/scab/4acbaed3823b39d7590665ea63e784a19c842241b0b2be6d38b99568e9a5ced8.jpg,scab
/content/drive/My Drive/Colab Notebooks/apple_leaf_specialist/data/final/train/black_rot/37096d1c62b052ff3c22ca8ebb4acf6fa50ec0270a42195edae91651b91745f7.jpg,black_rot
/content/drive/My Drive/Colab Notebooks/apple_leaf_specialist/data/final/train/healthy/0960e7842a2da64abbd40efa7909b18a8858933df5d7d75e3a8d088efb85cc17.jpg,healthy
/content/drive/My Drive/Colab Notebooks/apple_leaf_specialist/data/final/train/black_rot/b0e4b1a5e8e2825bf8e7e3752f86cceead8bf0b1a2399142ba0440de9ac34cbe.jpg,black_rot
/content/drive/My Drive/Colab Notebooks/apple_leaf_specialist/data/final/train/rust/5e73fa900280b1daf9e8525fe0a0d3aa1aece415b919ca971fcfd7740ec785fa.jpg,rust
/content/drive/My Drive/Colab Notebooks/apple_leaf_specialist/data/final/train/scab/90147ff4e9adc9d4fdb4bd585b08a4b569af1994b717cbde0c4c25473b46d4e8.jpg,scab
/content/drive/My Drive/Colab Notebooks/apple_leaf_specialist/data/final/train/healthy/b143734578b37ef9ec2b49a74e49582b8bd33143ddcdecb7cb5d1a45bcabaeb4.jpg,healthy
/content/drive/My Drive/Colab Notebooks/apple_leaf_specialist/data/final/train/black_rot/90d1abb56ed557b1f7f2209ad3e64c0ad3a24a0d454d5cb1599ccfa6558475b9.jpg,black_rot
/content/drive/My Drive/Colab Notebooks/apple_leaf_specialist/data/final/train/black_rot/1dd411d1092452e29a7b0b5ef6d1987c38adb89c7d75c6db8d72d2dffa67b2e0.jpg,black_rot
/content/drive/My Drive/Colab Notebooks/apple_leaf_specialist/data/final/train/healthy/d04f4fe7351bece3a4a19dfb322e8448c587b84d585c634115ec68f44f20667d.jpg,healthy
/content/drive/My Drive/Colab Notebooks/apple_leaf_specialist/data/final/train/healthy/71fe9d4eb6853ce7e915735cc9fa1926d1ae07480518bb8aac7317911d9dd3df.jpg,healthy
/content/drive/My Drive/Colab Notebooks/apple_leaf_specialist/data/final/train/healthy/0efc6b006974b3516bdcad5028e6d72c214bbe3412d0b278acfa465c3ce6c526.jpg,healthy
/content/drive/My Drive/Colab Notebooks/apple_leaf_specialist/data/final/train/healthy/6c4670a0de950691b98be9d9553400f0b0acc9b0902be084017db735a7a4104a.jpg,healthy
/content/drive/My Drive/Colab Notebooks/apple_leaf_specialist/data/final/train/healthy/c3824deefa4de991952e82651b4b9fdfc52016b777db402c53c300158f3c7d8b.jpg,healthy
/content/drive/My Drive/Colab Notebooks/apple_leaf_specialist/data/final/train/scab/b27778ccfdc23dcfea73f400df70e1f9f98a0c3327a0876381a75d88ad8af3d8.jpg,scab
/content/drive/My Drive/Colab Notebooks/apple_leaf_specialist/data/final/train/healthy/dafa782dee49fb68426952ce41adc4155622d08fee24fca1ea7b602870f001b6.jpg,healthy
/content/drive/My Drive/Colab Notebooks/apple_leaf_specialist/data/final/train/healthy/bfffb7f06918a0a02db7d44937d5b67d220c8310e79b0bbb94fccf14e44c5f44.jpg,healthy
/content/drive/My Drive/Colab Notebooks/apple_leaf_specialist/data/final/train/healthy/7413a3b3515b1013c3fde8c6427a5ba325671ec516190464376f9063c1a5d8de.jpg,healthy
/content/drive/My Drive/Colab Notebooks/apple_leaf_specialist/data/final/train/healthy/f3c0f6818dddb54cf26818727a1a04c59508a920c2b7003a75543af107a936a0.jpg,healthy
/content/drive/My Drive/Colab Notebooks/apple_leaf_specialist/data/final/train/healthy/a68974da542baabca879c5123336da3dcbd41ab902137f4858cbc28f854b8438.jpg,healthy
/content/drive/My Drive/Colab Notebooks/apple_leaf_specialist/data/final/train/black_rot/3e269d2009cb46f16e4097f267628d60cb21c62831dbc6657e31bf0cd3eb96ea.jpg,black_rot
/content/drive/My Drive/Colab Notebooks/apple_leaf_specialist/data/final/train/healthy/47ffa6a44a0daf8d024eded8912e9774026be7e9fe7c060901287f573d2afeb0.jpg,healthy
/content/drive/My Drive/Colab Notebooks/apple_leaf_specialist/data/final/train/healthy/081e2ebb3ce4cc58c851d9f0b188adc494f589a9b61f12804fd1be6ac4524395.jpg,healthy
/content/drive/My Drive/Colab Notebooks/apple_leaf_specialist/data/final/train/black_rot/28e5bd976176943c79a784224ae80149522fa3b783602a4814b9939b473dff08.jpg,black_rot
/content/drive/My Drive/Colab Notebooks/apple_leaf_specialist/data/final/train/black_rot/db30563dc20b5278bed35d514c1fc58698001865118c3841983ec098ccf74695.jpg,black_rot
/content/drive/My Drive/Colab Notebooks/apple_leaf_specialist/data/final/train/black_rot/08223b57d9d9e2a42243571d60009b0f1850444fa9f046d9ac507da60b339a43.jpg,black_rot
/content/drive/My Drive/Colab Notebooks/apple_leaf_specialist/data/final/train/black_rot/da7dfa49c5cf4664ea9654709115d9ff735a03f53575a772ec15c76d4fee414d.jpg,black_rot
/content/drive/My Drive/Colab Notebooks/apple_leaf_specialist/data/final/train/healthy/9ee83883084985f79596f0c793184596f397288b516b8701e90f8b400fe81a8d.jpg,healthy
/content/drive/My Drive/Colab Notebooks/apple_leaf_specialist/data/final/train/black_rot/1ac37eaa6abf6ba2c6876ea1c00fbd3aa173e41fbd6028ca6fef1f5a080c889f.jpg,black_rot
/content/drive/My Drive/Colab Notebooks/apple_leaf_specialist/data/final/train/healthy/9dc7ce9547dadb57ec5ad2ae6810be57974d4592ca4f258e5e40e686edd8554a.jpg,healthy
/content/drive/My Drive/Colab Notebooks/apple_leaf_specialist/data/final/train/black_rot/8c5e41880968209553d76cd9c94b8a624d9b3e71d17cb751103283ce0530af2b.jpg,black_rot
/content/drive/My Drive/Colab Notebooks/apple_leaf_specialist/data/final/train/black_rot/cf7611dac59696f64fa2ff5a7d6e61e18d1e94978bc1d626283e880ecc7b4a9e.jpg,black_rot
/content/drive/My Drive/Colab Notebooks/apple_leaf_specialist/data/final/train/healthy/aff3533abb6609b8dafab99c6527eb08dfa3dddc98ce5567237605f2156ef949.jpg,healthy
/content/drive/My Drive/Colab Notebooks/apple_leaf_specialist/data/final/train/scab/684a049e5958b747353c1efea248c049e542adfba1a0e2c1ae50f3c416e75512.jpg,scab
/content/drive/My Drive/Colab Notebooks/apple_leaf_specialist/data/final/train/healthy/22b14e240c2facf3d0d6631fc534e155216429e891ea9c258a206ee73b3d77e4.jpg,healthy
/content/drive/My Drive/Colab Notebooks/apple_leaf_specialist/data/final/train/rust/0b1fb9630fa3c2ac7ca6ab9f12f8a83f740a05deeead1b1f35937c7ddae11637.jpg,rust
/content/drive/My Drive/Colab Notebooks/apple_leaf_specialist/data/final/train/healthy/ccfe8e01a0dac00c823bcbebf3b3a3107d1bce7fd9b9572089c81af370409166.jpg,healthy
/content/drive/My Drive/Colab Notebooks/apple_leaf_specialist/data/final/train/healthy/12cdd103877be59b74f812f8460de9ec13a103e546d19e7e1e9fe70f7d3093f9.jpg,healthy
/content/drive/My Drive/Colab Notebooks/apple_leaf_specialist/data/final/train/healthy/9e739af287b9db23fca329a4966546d2b2a2deda46b3fa34bb35acd2326d0a7f.jpg,healthy
/content/drive/My Drive/Colab Notebooks/apple_leaf_specialist/data/final/train/black_rot/f47894df45f83d02e5ea792b7c48177c16df5d52fdb5b0f831bcbdf7f382a112.jpg,black_rot
/content/drive/My Drive/Colab Notebooks/apple_leaf_specialist/data/final/train/healthy/cb7d4946f08402267d422f80c51120b6b4d28b5ce126580deaefde89bf8dc370.jpg,healthy
/content/drive/My Drive/Colab Notebooks/apple_leaf_specialist/data/final/train/rust/61288b0cbb4afad76480d6c13f5c27b2f1d97edf936b649a41dd3ead70f68334.jpg,rust
/content/drive/My Drive/Colab Notebooks/apple_leaf_specialist/data/final/train/scab/c4f6ae579e4c63a72110a7b8fe6262c7402580726b3dff770315c33eb4ff5be5.jpg,scab
/content/drive/My Drive/Colab Notebooks/apple_leaf_specialist/data/final/train/healthy/7c99e722c9f00bb7fddc3758d416769ed4da205889cd943890a11f4acb734b11.jpg,healthy
/content/drive/My Drive/Colab Notebooks/apple_leaf_specialist/data/final/train/healthy/bed9e2537812cd9b2fda77782ebb784dd0deb3f4ff582f535eb277999f7e8cb2.jpg,healthy
/content/drive/My Drive/Colab Notebooks/apple_leaf_specialist/data/final/train/healthy/f3c57230b9d6f7c1e8b573ceac31b8a5a33b62355af8b47f1654f149451fa499.jpg,healthy
/content/drive/My Drive/Colab Notebooks/apple_leaf_specialist/data/final/train/healthy/712da602950ebc13b148a8ed03458ad5c5c43cbb5507f8a3a1ced2cd50feae7e.jpg,healthy
/content/drive/My Drive/Colab Notebooks/apple_leaf_specialist/data/final/train/healthy/bb5c5f5263c03c96be270b424b0578acf4a5437ed1d1eafa484d07aa9e4a008c.jpg,healthy
/content/drive/My Drive/Colab Notebooks/apple_leaf_specialist/data/final/train/scab/432daa5fe85025e8963c1fe24f0e0d4fde14637abc7c82121b0bd7d67aa52d62.jpg,scab
/content/drive/My Drive/Colab Notebooks/apple_leaf_specialist/data/final/train/healthy/80e36b91d69d3540c52ff2730d7a4371e536bfe3ada24d0d398ee8c42e28218c.jpg,healthy
/content/drive/My Drive/Colab Notebooks/apple_leaf_specialist/data/final/train/scab/1c959a526660c87de0a638fade05745c9793ff10c109807ba044873d08e55821.jpg,scab
/content/drive/My Drive/Colab Notebooks/apple_leaf_specialist/data/final/train/scab/4fca29f1f8f9990c08ea423e6790d0f6bba103351f11c2ee7083845155762bc7.jpg,scab
/content/drive/My Drive/Colab Notebooks/apple_leaf_specialist/data/final/train/healthy/659946b1ceb8017e07543f836df977c0582d992558bfa9faa9a6d125934814f3.jpg,healthy
/content/drive/My Drive/Colab Notebooks/apple_leaf_specialist/data/final/train/black_rot/7823878ed7b0e8c5b527de9ad5cf9e32d46fa52586d7b70d391e7a47c8a2a419.jpg,black_rot
/content/drive/My Drive/Colab Notebooks/apple_leaf_specialist/data/final/train/healthy/315898653dce93060ec5fce59bcf9c06026891aae4afd9ea821e3b40f18d7a65.jpg,healthy
/content/drive/My Drive/Colab Notebooks/apple_leaf_specialist/data/final/train/healthy/ed63304de4a3497cdfef4bc2168715eac2c25e381c4240002e9b7d5aaeb0e57f.jpg,healthy
/content/drive/My Drive/Colab Notebooks/apple_leaf_specialist/data/final/train/scab/29737dea37e80e0b87107cb154a941fa6a3eb159e24436923b2caf0783a725da.jpg,scab
/content/drive/My Drive/Colab Notebooks/apple_leaf_specialist/data/final/train/healthy/8a4bb35c6084af5a71736338c53447afe454a190763158304983af527ddf01a3.jpg,healthy
/content/drive/My Drive/Colab Notebooks/apple_leaf_specialist/data/final/train/healthy/4d134a4a01a8a8da33f8ae1cdfcf211025ae39974cebc10e2c5e5271a87b5d85.jpg,healthy
/content/drive/My Drive/Colab Notebooks/apple_leaf_specialist/data/final/train/healthy/30bc044d7e266ac3d057016087c801bc1c20f576167124e5af796ecdc680be80.jpg,healthy
/content/drive/My Drive/Colab Notebooks/apple_leaf_specialist/data/final/train/healthy/34308934abf7638a19164806536e2f2bd2e6b7265dfc17acf1d51706bf3e137a.jpg,healthy
/content/drive/My Drive/Colab Notebooks/apple_leaf_specialist/data/final/train/black_rot/1ebc0bfd1f5d85a395aeceb9d44c7e11d868f017d6bdca564782feb0dacc052b.jpg,black_rot
/content/drive/My Drive/Colab Notebooks/apple_leaf_specialist/data/final/train/healthy/b7bb8d33922679208af8ac0170e6cb621ed843a5e47f216be6dd772db05fe967.jpg,healthy
/content/drive/My Drive/Colab Notebooks/apple_leaf_specialist/data/final/train/scab/995f2980d528b349d7e7af6f021f54bd4fb7134ce572db90039cb47d7fb43433.jpg,scab
/content/drive/My Drive/Colab Notebooks/apple_leaf_specialist/data/final/train/healthy/65156e6f41113e49230ae3c3aa01d98bcbf80c6e4c710f632c94927795b13ebd.jpg,healthy
/content/drive/My Drive/Colab Notebooks/apple_leaf_specialist/data/final/train/healthy/6efd2a2ed2d5bc505294a22f9354cd0a95af45156df836f58d18d5acb8b687f0.jpg,healthy
/content/drive/My Drive/Colab Notebooks/apple_leaf_specialist/data/final/train/healthy/3a101120873304864ffc532beba3d316e62a88d3d5fa9c6a19c47693b7149489.jpg,healthy
/content/drive/My Drive/Colab Notebooks/apple_leaf_specialist/data/final/train/healthy/f3183c980329d903e63ae3c1dfba1aa9238310dfbc9cd02a2d9b53e01dc0789d.jpg,healthy
/content/drive/My Drive/Colab Notebooks/apple_leaf_specialist/data/final/train/rust/d16dd28b342bf248e0e32b07b4b9dedcf253040b4a16e4dea58b7e2cd9b6645a.jpg,rust
/content/drive/My Drive/Colab Notebooks/apple_leaf_specialist/data/final/train/healthy/635c56e50817b72c0f7c0520c217d220eea03a9ab55fa21034e6cc1de0b34035.jpg,healthy
/content/drive/My Drive/Colab Notebooks/apple_leaf_specialist/data/final/train/healthy/a37054b3818df714501259257c2c57a9558e10b79e086339dd8f81453bf50827.jpg,healthy
/content/drive/My Drive/Colab Notebooks/apple_leaf_specialist/data/final/train/scab/b96b83158ef53fe43514d61fd79b09b5de317730419b49406ff7da095dc9c4ed.jpg,scab
/content/drive/My Drive/Colab Notebooks/apple_leaf_specialist/data/final/train/scab/2ee5d0bc88a4641e4bbe2e9d27a7233d1649fec32f7dc2ccd8ce7b37800d55bc.jpg,scab
/content/drive/My Drive/Colab Notebooks/apple_leaf_specialist/data/final/train/scab/8d6b4e3d610280eacbf9e171687f618e3df7c5cc9216396a76182ba114b027a2.jpg,scab
/content/drive/My Drive/Colab Notebooks/apple_leaf_specialist/data/final/train/scab/3feadee9159a0b5020366a9122ab6a822b1fcf0ce1d420e84143994841f60edf.jpg,scab
/content/drive/My Drive/Colab Notebooks/apple_leaf_specialist/data/final/train/rust/13f37b5a109069abad99dd82e9323b71e0fda4dd2848a669019a3b41a853c0df.jpg,rust
/content/drive/My Drive/Colab Notebooks/apple_leaf_specialist/data/final/train/healthy/4dfc148c988875c5a3a49b2eed47a98828385f60c409558c7a81268c163fb3dc.jpg,healthy
/content/drive/My Drive/Colab Notebooks/apple_leaf_specialist/data/final/train/black_rot/6c77c9fce710506910c1a2fe52b312a20971efe8ad3b9e7e38234971c7a81f0d.jpg,black_rot
/content/drive/My Drive/Colab Notebooks/apple_leaf_specialist/data/final/train/black_rot/e2958d27959c06e44b1f10be5ad0e77d7be55ae4b47e5afdda51f2fd814d5223.jpg,black_rot
/content/drive/My Drive/Colab Notebooks/apple_leaf_specialist/data/final/train/healthy/189b3f8919a50e64d7c3ce23a6616a1cd4e2a9f3c3ea5eeae7fe39aa3cee3a23.jpg,healthy
/content/drive/My Drive/Colab Notebooks/apple_leaf_specialist/data/final/train/black_rot/a76a784c205d2299361a5797c95738d8615e78d342c22e88aba6ccf24adb5380.jpg,black_rot
/content/drive/My Drive/Colab Notebooks/apple_leaf_specialist/data/final/train/healthy/0dbe9203cfffd0f23c874da7d19471aa9a6fe98960e0387f9f60d115e46147d5.jpg,healthy
/content/drive/My Drive/Colab Notebooks/apple_leaf_specialist/data/final/train/healthy/5cd06da439620bbba5365eaa29b42a6941eb7d8b791888f96c1dcfd1a1ca8119.jpg,healthy
/content/drive/My Drive/Colab Notebooks/apple_leaf_specialist/data/final/train/black_rot/6dbdcb82e7898b1111ab7874a14ed34601c5d63d9cfcd3598804df12667a3112.jpg,black_rot
/content/drive/My Drive/Colab Notebooks/apple_leaf_specialist/data/final/train/healthy/34f9d80116a95b9ef058598fc470743a5fea18485c0b49dafcbb5cfc2325f381.jpg,healthy
/content/drive/My Drive/Colab Notebooks/apple_leaf_specialist/data/final/train/rust/c57b4c5426ff51308aac42b055dd35d2249bd6352f2031e22a00c4d857172569.jpg,rust
/content/drive/My Drive/Colab Notebooks/apple_leaf_specialist/data/final/train/healthy/282a7339041ef022703794879bf886ccafe7bd4459f83c8a2f75d52e93af874e.jpg,healthy
/content/drive/My Drive/Colab Notebooks/apple_leaf_specialist/data/final/train/healthy/90d02e161a6d3d1104dfdbc10d6048c5b2f6064d35651b93a1de8cfc48b4ca07.jpg,healthy
/content/drive/My Drive/Colab Notebooks/apple_leaf_specialist/data/final/train/healthy/f5d328e6f82957126308f8621068aab26cf5b9d0443b704c4edf12e5389aaead.jpg,healthy
/content/drive/My Drive/Colab Notebooks/apple_leaf_specialist/data/final/train/healthy/53c915ba8547258431161bc79b6c733080bf2272561cde73dcf8b4c594df0d38.jpg,healthy
/content/drive/My Drive/Colab Notebooks/apple_leaf_specialist/data/final/train/healthy/51f088c9336d5d4e1e7e623a956c44cce64bf848094665cf74c44f754f026974.jpg,healthy
/content/drive/My Drive/Colab Notebooks/apple_leaf_specialist/data/final/train/black_rot/5863ad17d93f0713dd88d526de716009e6696f30219260944177b30cb5a127a1.jpg,black_rot
/content/drive/My Drive/Colab Notebooks/apple_leaf_specialist/data/final/train/healthy/b8d0535f020caf0820026a55de5fdec7a760b5ac259bdce69bf4092f2b38ec1b.jpg,healthy
/content/drive/My Drive/Colab Notebooks/apple_leaf_specialist/data/final/train/healthy/18733669dd4925bf97ce8dc5f1f0b545739c7d945b35c6d3885be584d999af81.jpg,healthy
/content/drive/My Drive/Colab Notebooks/apple_leaf_specialist/data/final/train/scab/d3b5c8dedbf93fa63f9bb8cacbcc5b756a37b68d8b88268d1aa6017c018ee542.jpg,scab
/content/drive/My Drive/Colab Notebooks/apple_leaf_specialist/data/final/train/rust/cf6736bd22f9ef9511dfb909e64aa20ef2e10d653295791ff2875e11f0a5679a.jpg,rust
/content/drive/My Drive/Colab Notebooks/apple_leaf_specialist/data/final/train/healthy/e0949ce7492fa005277bcc3a2c213988ccae17dd42956cee3d1b465f388c269c.jpg,healthy
/content/drive/My Drive/Colab Notebooks/apple_leaf_specialist/data/final/train/healthy/c411664a3ef9396300c2defcc46251d43833a812348e64177d80061923bb86b5.jpg,healthy
/content/drive/My Drive/Colab Notebooks/apple_leaf_specialist/data/final/train/healthy/5f98a79fd78113312293bccdc4b81a424664031f4b5a8193faad587920f43c17.jpg,healthy
/content/drive/My Drive/Colab Notebooks/apple_leaf_specialist/data/final/train/rust/40e69ed2908894daeb5a7a97e750d073c23bdd6c05ca1a85550e86b27532db19.jpg,rust
/content/drive/My Drive/Colab Notebooks/apple_leaf_specialist/data/final/train/scab/ce56cd9d2c157b7f0ab18fd9cf5b3a0539e4e69106bd3a554a4999a2ebfbc729.jpg,scab
/content/drive/My Drive/Colab Notebooks/apple_leaf_specialist/data/final/train/healthy/2e2d556d6b1f986fa4dbd95df193769d2b7c773142ebdea9db8ffac24a9234ab.jpg,healthy
/content/drive/My Drive/Colab Notebooks/apple_leaf_specialist/data/final/train/healthy/5863194f02d4c4e2da3e6fedcb26e79d1d8141bd27e3dda21c55a31786c08b1c.jpg,healthy
/content/drive/My Drive/Colab Notebooks/apple_leaf_specialist/data/final/train/healthy/40ab893032a5d2b98d1eabfe163c68071c2fc4631e0ac3984f7dd00885ce8a8f.jpg,healthy
/content/drive/My Drive/Colab Notebooks/apple_leaf_specialist/data/final/train/scab/5cfc0251a659b14254497bb60f5f8f2bf972de15d6344bcaf5bb79f0d43e2aa4.jpg,scab
/content/drive/My Drive/Colab Notebooks/apple_leaf_specialist/data/final/train/healthy/b349d110eca7c21963271bec8951f846f2bea6efac9feeb44a9645da3a29993d.jpg,healthy
/content/drive/My Drive/Colab Notebooks/apple_leaf_specialist/data/final/train/black_rot/5ca7e4a3e0aad9435018294d690f20708b6c8206d07f3cb7712daa0bcd13e700.jpg,black_rot
/content/drive/My Drive/Colab Notebooks/apple_leaf_specialist/data/final/train/scab/cfc82b82b786dfff31a59e7b6ad554cbda7d556a2219dfeec52a3d74343a792a.jpg,scab
/content/drive/My Drive/Colab Notebooks/apple_leaf_specialist/data/final/train/black_rot/1bafae86da97d6ad5acd8f8adeec98289a699d5bdfeabdf2b965ba8426060c1d.jpg,black_rot
/content/drive/My Drive/Colab Notebooks/apple_leaf_specialist/data/final/train/scab/83612deb2d9bf43fb746bc0ff69881ea7b3f0c4a30b8f06107fbbded5bb7b015.jpg,scab
/content/drive/My Drive/Colab Notebooks/apple_leaf_specialist/data/final/train/rust/ecdb626d98ce2141d5bc64579d65742e01ea4fe493fb49f35b7f44dbe9529720.jpg,rust
/content/drive/My Drive/Colab Notebooks/apple_leaf_specialist/data/final/train/healthy/64eddef6a4765c8b27cbc015a9a0959bb8f887620b1c8815c41952d4bdf1e6b4.jpg,healthy
/content/drive/My Drive/Colab Notebooks/apple_leaf_specialist/data/final/train/healthy/57408e9e4eb065436a106a15bd915267bb2e112e4f4f6abc5db30b9be60c28ec.jpg,healthy
/content/drive/My Drive/Colab Notebooks/apple_leaf_specialist/data/final/train/scab/8deb71f0f27b98246110e1fc019f4ba26c8bd53d4045a11a6bb39d4fde0d7ead.jpg,scab
/content/drive/My Drive/Colab Notebooks/apple_leaf_specialist/data/final/train/healthy/eeba41dac6df95047f51c8dae0e69aaccca2759d72669ee677647ad2a66b4a6f.jpg,healthy
/content/drive/My Drive/Colab Notebooks/apple_leaf_specialist/data/final/train/healthy/6764687a0625010db80d3cd674a364c6b9f33e57ce04f71bd507dbcbb79d12d8.jpg,healthy
/content/drive/My Drive/Colab Notebooks/apple_leaf_specialist/data/final/train/black_rot/88cf3711cebcaa51507e6d4fffff39a7c45ca7833b80299d2edc696686b828cc.jpg,black_rot
/content/drive/My Drive/Colab Notebooks/apple_leaf_specialist/data/final/train/healthy/eed6fae3bfa48ee90b06b96f6396ac2ad4a5c021e2d1c40ce6f942b2b9f3994b.jpg,healthy
/content/drive/My Drive/Colab Notebooks/apple_leaf_specialist/data/final/train/black_rot/b1247dd6f410d5611b4f31ae2131bec7f57a6c436820eb1ac0f53fa7f533bdc8.jpg,black_rot
/content/drive/My Drive/Colab Notebooks/apple_leaf_specialist/data/final/train/scab/54a93c0b7030ce4884a38ee7328dec45ba5bffb624a2691b12b90b107dfcd8f5.jpg,scab
/content/drive/My Drive/Colab Notebooks/apple_leaf_specialist/data/final/train/black_rot/08659892b260585cd46cda7b2dd7710f67a897c3b3ac0ddb6aea35336dc13786.jpg,black_rot
/content/drive/My Drive/Colab Notebooks/apple_leaf_specialist/data/final/train/healthy/6154d58c146d872e5053400d7e2fbcaf73451b5870672f1e3d9c6c2a85db6a15.jpg,healthy
/content/drive/My Drive/Colab Notebooks/apple_leaf_specialist/data/final/train/black_rot/4662794c4790c71f9b93076b19306bcbece8bae7235d254047b62bebcd67b561.jpg,black_rot
/content/drive/My Drive/Colab Notebooks/apple_leaf_specialist/data/final/train/scab/f2da328c94eb7de1252e9378ecee9a2b19365d4a6835e77c66d72c4b2e498943.jpg,scab
/content/drive/My Drive/Colab Notebooks/apple_leaf_specialist/data/final/train/healthy/988852c49b010feb878a688d405c71425f77156d2be844ec0a176342815a58b5.jpg,healthy
/content/drive/My Drive/Colab Notebooks/apple_leaf_specialist/data/final/train/scab/f0f5836b101afc4e335b5d3be449dd5430b72084e4fa03d02e82bf1807289ed8.jpg,scab
/content/drive/My Drive/Colab Notebooks/apple_leaf_specialist/data/final/train/scab/1c9eafd75b6392cb409dcd060954564aba76948c9abf4af506a5de6d4ee73f57.jpg,scab
/content/drive/My Drive/Colab Notebooks/apple_leaf_specialist/data/final/train/scab/495e871cd23c270863e751b3246f5f3039ec87a8917df13b9d8eed176694b0a8.jpg,scab
/content/drive/My Drive/Colab Notebooks/apple_leaf_specialist/data/final/train/healthy/0139fb4685f0fa95bcd529b54d3ebafd1e6ff5ef957da10bd7bd6b63a975e255.jpg,healthy
/content/drive/My Drive/Colab Notebooks/apple_leaf_specialist/data/final/train/healthy/4613e9545c710a922224de274c7c37611ad6743aef05ed5ae8a375388cf8a8a9.jpg,healthy
/content/drive/My Drive/Colab Notebooks/apple_leaf_specialist/data/final/train/healthy/4043dee44e1bc449b3fd76526598cb65d6eaeb71585fbf6a3136d69c338f50ad.jpg,healthy
/content/drive/My Drive/Colab Notebooks/apple_leaf_specialist/data/final/train/scab/8b7e712bafced4d46526620eba75aab33d965a9a90a6e3d595de1b9e4547f66f.jpg,scab
/content/drive/My Drive/Colab Notebooks/apple_leaf_specialist/data/final/train/healthy/9ed0b8f0d2edccf82c3f19fbc56a9423624030e2231da34c8e6562ae9099cd37.jpg,healthy
/content/drive/My Drive/Colab Notebooks/apple_leaf_specialist/data/final/train/healthy/fcbb338ad7efdc129bc78eddff6b7aeda186aae2529554ba0eba00a7b78698d6.jpg,healthy
/content/drive/My Drive/Colab Notebooks/apple_leaf_specialist/data/final/train/healthy/baeba048ff0a4ecb401ae4519817a0f73fb1ad12876a8bddf3db430b1ec51f96.jpg,healthy
/content/drive/My Drive/Colab Notebooks/apple_leaf_specialist/data/final/train/scab/6bf92f913be48a791995d846488568ea6456f3fc27642ca169c3f2ba0748160b.jpg,scab
/content/drive/My Drive/Colab Notebooks/apple_leaf_specialist/data/final/train/healthy/e1c8fff2db2cc0011faee13b8882b881505080410992ca1903990357f7ae0776.jpg,healthy
/content/drive/My Drive/Colab Notebooks/apple_leaf_specialist/data/final/train/scab/8a174d34846ef895a04509a9942776825e5ff65df6c73bbb86660fb21ac3ba4e.jpg,scab
/content/drive/My Drive/Colab Notebooks/apple_leaf_specialist/data/final/train/healthy/d1df3a0ed6cd46940278266a7e65b29e54a7bf526d6e148f0dfda6c4bddd32fd.jpg,healthy
/content/drive/My Drive/Colab Notebooks/apple_leaf_specialist/data/final/train/rust/aa63fc632b8ba154f62f90705d94ca405ca69aea9980949932a6741a2d6d87f3.jpg,rust
/content/drive/My Drive/Colab Notebooks/apple_leaf_specialist/data/final/train/healthy/29714c3822435f55d73ece4c0093c05159e3764416d84889a9173d753b5c4c5f.jpg,healthy
/content/drive/My Drive/Colab Notebooks/apple_leaf_specialist/data/final/train/healthy/8a168b15ce5bb14fc73eceb26be8ec8bede020469d7ad65337f47ea7b27c8b0b.jpg,healthy
/content/drive/My Drive/Colab Notebooks/apple_leaf_specialist/data/final/train/healthy/f50c0c5caf91e7fdcad74cd9e4772045676443953848dc452e194af0518936ca.jpg,healthy
/content/drive/My Drive/Colab Notebooks/apple_leaf_specialist/data/final/train/healthy/2a3ff45e65df35ad2503124be1836a245ee64351a9bd682ffeab217189967216.jpg,healthy
/content/drive/My Drive/Colab Notebooks/apple_leaf_specialist/data/final/train/black_rot/266bb0aa4703cccc19c4d517ab5604e13fb49992d05e1ee072411a97d2c1c869.jpg,black_rot
/content/drive/My Drive/Colab Notebooks/apple_leaf_specialist/data/final/train/healthy/79a4d9f5154aab6895ce9e62b982ce4a3c2342a4ea9d2658df14c378725fe792.jpg,healthy
/content/drive/My Drive/Colab Notebooks/apple_leaf_specialist/data/final/train/healthy/6a1dccb28f9f532cdfb01a7503a8e115658ed8e49e128dcf93f3983399004fe7.jpg,healthy
/content/drive/My Drive/Colab Notebooks/apple_leaf_specialist/data/final/train/healthy/5ae45e7dca1261c90fc0f56a211bf2bec82833353cbc42266112627e0274854d.jpg,healthy
/content/drive/My Drive/Colab Notebooks/apple_leaf_specialist/data/final/train/healthy/419fa9ed8fed69d1c8b15a8a2a19bc0332b1613e43db677fb6ed9cda0c7b01d7.jpg,healthy
/content/drive/My Drive/Colab Notebooks/apple_leaf_specialist/data/final/train/healthy/9db234ae1eba9109eb20c420e0401e882291d40bd47fa69701a311ec1bf79349.jpg,healthy
/content/drive/My Drive/Colab Notebooks/apple_leaf_specialist/data/final/train/healthy/916c006daf2085f30562bf175263d0babe447163479f4bf3b18f73abb23c18e8.jpg,healthy
/content/drive/My Drive/Colab Notebooks/apple_leaf_specialist/data/final/train/healthy/defbde052a6622efe85651e6f55df619bb9851483ed226a07b70c763bd3fc44d.jpg,healthy
/content/drive/My Drive/Colab Notebooks/apple_leaf_specialist/data/final/train/healthy/314a3bf0233e7aa5e5a1fe656e61019350ce03a0f0313281d3b7d68506d22db4.jpg,healthy
/content/drive/My Drive/Colab Notebooks/apple_leaf_specialist/data/final/train/scab/6a666b3b71a5dcdacdbfcd01920f96003794e41764cc2a017e59de7f60cfab53.jpg,scab
/content/drive/My Drive/Colab Notebooks/apple_leaf_specialist/data/final/train/scab/f1f6fd40586afde6a233ff9b6da6e2fc1860509932e7661cd9bdb604b4436c10.jpg,scab
/content/drive/My Drive/Colab Notebooks/apple_leaf_specialist/data/final/train/healthy/0d04750c1ec12a107e825a0e5f32a1b158c13c20cd232e99184e8ca18dd004a3.jpg,healthy
/content/drive/My Drive/Colab Notebooks/apple_leaf_specialist/data/final/train/scab/4af6f0c53cc4b83be2592187a1fa6afdbeab9377c5e667d232b77fc6153e083d.jpg,scab
/content/drive/My Drive/Colab Notebooks/apple_leaf_specialist/data/final/train/healthy/5357a2bc4cd0fb318046a2c37e39847a50291b4ca67bb4d0725e389ca986b07e.jpg,healthy
/content/drive/My Drive/Colab Notebooks/apple_leaf_specialist/data/final/train/healthy/84465dc0f5623f708571e69e585e9f04a533f9bc221ea14de81704f82afcc536.jpg,healthy
/content/drive/My Drive/Colab Notebooks/apple_leaf_specialist/data/final/train/healthy/bc01979807b43a48eaf14d1a5fba487f205b208d8e0095ed2f64fd7457a4c54e.jpg,healthy
/content/drive/My Drive/Colab Notebooks/apple_leaf_specialist/data/final/train/healthy/2c58e6677ed3412ae8d6aee3d457c1dbed5d9a33829ea7cbd275f39bc9461bb6.jpg,healthy
/content/drive/My Drive/Colab Notebooks/apple_leaf_specialist/data/final/train/black_rot/be572c6bae751b37d88d6d6a58fee5c65b4dfd224e99a7fc5d5bd852abe23be0.jpg,black_rot
/content/drive/My Drive/Colab Notebooks/apple_leaf_specialist/data/final/train/healthy/7552642c2ac43165f8af93df9d4317d50f3522bdaf8a0f57942b0f54de796874.jpg,healthy
/content/drive/My Drive/Colab Notebooks/apple_leaf_specialist/data/final/train/black_rot/363a52096350d83b133e59ce3682b489a2f06a7a484d9ad4f35998fbb75af53a.jpg,black_rot
/content/drive/My Drive/Colab Notebooks/apple_leaf_specialist/data/final/train/healthy/0dff1118b18bbf9270b472e3760b82c665bb4d8de5376df7922f6621b0139a85.jpg,healthy
/content/drive/My Drive/Colab Notebooks/apple_leaf_specialist/data/final/train/healthy/864ba28532b1f6431500e3fcca1eace30a0d8240b87aa65e9fc48e99e7bea2ba.jpg,healthy
/content/drive/My Drive/Colab Notebooks/apple_leaf_specialist/data/final/train/healthy/49517a71527ea63f59c5a444b92ae89d3ff0d1fb297a4eabd45f29236d689b19.jpg,healthy
/content/drive/My Drive/Colab Notebooks/apple_leaf_specialist/data/final/train/scab/31dd48e83d8060a03ae21f9631dd36518f6860441017ebddbe8ac353833a1e93.jpg,scab
/content/drive/My Drive/Colab Notebooks/apple_leaf_specialist/data/final/train/healthy/b560da921650fcf5d50b08501a3bd669c69f7474274cfc5cbb806450846cf343.jpg,healthy
/content/drive/My Drive/Colab Notebooks/apple_leaf_specialist/data/final/train/scab/9912762585a8175522f3238eff83285c8f53656664431ae2dfae942b6f322d18.jpg,scab
/content/drive/My Drive/Colab Notebooks/apple_leaf_specialist/data/final/train/black_rot/ee84ec6de49fe670c2530f710677cf166e8b858e494c39b3fa45b120167daa55.jpg,black_rot
/content/drive/My Drive/Colab Notebooks/apple_leaf_specialist/data/final/train/healthy/77387be4c4cb10711520b2691bdf666205332a7174ee340d6768b0db737e1b5d.jpg,healthy
/content/drive/My Drive/Colab Notebooks/apple_leaf_specialist/data/final/train/rust/78527fda97aa52a22f140734600f3e160e5cea97279b9106452db2bc0359639f.jpg,rust
/content/drive/My Drive/Colab Notebooks/apple_leaf_specialist/data/final/train/black_rot/31b15fad9ce0cde669e04176001f5d95f8214398455b955b40448ef2d5168549.jpg,black_rot
/content/drive/My Drive/Colab Notebooks/apple_leaf_specialist/data/final/train/black_rot/e712f1f3b90c5ce02989c0bc4a54843e3aec2dbd3d4a0b35cb1f46b4919cf35f.jpg,black_rot
/content/drive/My Drive/Colab Notebooks/apple_leaf_specialist/data/final/train/healthy/e48ff3d7bb04ddf0b7a15fec74c8cff985dc190a4e0c458993c02f17812be77d.jpg,healthy
/content/drive/My Drive/Colab Notebooks/apple_leaf_specialist/data/final/train/healthy/b1d64235cbda8c5cc839fa44facff44221b6346a9978a7ab4d7fc298e0e7c930.jpg,healthy
/content/drive/My Drive/Colab Notebooks/apple_leaf_specialist/data/final/train/rust/da6168caa196e536fcb8319e88020bc95f23d3980703231b23017dfaceed51ba.jpg,rust
/content/drive/My Drive/Colab Notebooks/apple_leaf_specialist/data/final/train/healthy/5a12b7620543eff575b33c189062a8f28de9a7fb95a321a904c32a679385d073.jpg,healthy
/content/drive/My Drive/Colab Notebooks/apple_leaf_specialist/data/final/train/scab/32af3fd42567578c73749b40b73b1b3c2a279ce088cc75dd6f77c965fc968411.jpg,scab
/content/drive/My Drive/Colab Notebooks/apple_leaf_specialist/data/final/train/healthy/4a5d14f13371ec0c2f455986e679b90c820e85a3be34204f8d55595efa72f9a1.jpg,healthy
/content/drive/My Drive/Colab Notebooks/apple_leaf_specialist/data/final/train/healthy/c27695c736310549237d19ea96b9145599146905fef9f0f26e83ff3b11df1f72.jpg,healthy
/content/drive/My Drive/Colab Notebooks/apple_leaf_specialist/data/final/train/black_rot/3aec2f7f7b8219fc4122368dc3c4e6c7fb2a02e529d0ca417893f5223a371f20.jpg,black_rot
/content/drive/My Drive/Colab Notebooks/apple_leaf_specialist/data/final/train/scab/f076ea899d723ac341a18f03b0f4ddb52998d571cb6b567510283bcf4e07ff5a.jpg,scab
/content/drive/My Drive/Colab Notebooks/apple_leaf_specialist/data/final/train/scab/bba4b2e7d8aa1d599e79220b355b971f42c2eaf3fbaf04ee23165f116143861b.jpg,scab
/content/drive/My Drive/Colab Notebooks/apple_leaf_specialist/data/final/train/black_rot/4f38b98254c39839c691a28fbd9deadc22df65c4b3428704a3efb0bb4c7da333.jpg,black_rot
/content/drive/My Drive/Colab Notebooks/apple_leaf_specialist/data/final/train/rust/3b8702ad708a45009dfa4bf815bbee55afbe3679689ee950c054f0fbf7a83757.jpg,rust
/content/drive/My Drive/Colab Notebooks/apple_leaf_specialist/data/final/train/rust/81aa9fe2bd350c4c5554a79f753c62aa142ae39e2574a053bc46f5babcd5278a.jpg,rust
/content/drive/My Drive/Colab Notebooks/apple_leaf_specialist/data/final/train/healthy/fc0a5b8267972d0402bd3728df0de5bb4a4379dfab7825c518aa124b636b9f90.jpg,healthy
/content/drive/My Drive/Colab Notebooks/apple_leaf_specialist/data/final/train/rust/3b64e7bdd0b35a9a788abbc6dbe1fa9a2a080b91f8405f43ff60d768f88d8abb.jpg,rust
/content/drive/My Drive/Colab Notebooks/apple_leaf_specialist/data/final/train/rust/065b29a966f6067f96091f14bbb976a5bc650840903773690b7f9c2f99445bc4.jpg,rust
/content/drive/My Drive/Colab Notebooks/apple_leaf_specialist/data/final/train/black_rot/96e91e535e463133a0127dc6eb61c8488231e273f16c2930b0972977264b3468.jpg,black_rot
/content/drive/My Drive/Colab Notebooks/apple_leaf_specialist/data/final/train/healthy/8473ff8f6a0d4ea1287030f7998d8173c39ea1d12194048ea37a0c92fde7d11f.jpg,healthy
/content/drive/My Drive/Colab Notebooks/apple_leaf_specialist/data/final/train/healthy/61a23b6b255f898fd9dc2d77f160046884d8d25e7adfba5f822ca919cd648555.jpg,healthy
/content/drive/My Drive/Colab Notebooks/apple_leaf_specialist/data/final/train/healthy/a350aa4a37aeaa7cb1e6a260f14b2fe862b79d92b37d44ef66d8a3ef78259f7c.jpg,healthy
/content/drive/My Drive/Colab Notebooks/apple_leaf_specialist/data/final/train/healthy/af76742be4715c4bb4d2f870d80562dccc0ece3017cf6a3f9cf46e7bc4b76a2a.jpg,healthy
/content/drive/My Drive/Colab Notebooks/apple_leaf_specialist/data/final/train/healthy/35ebfd0115f287dc930ae3d411bdb8c98111318143638bf86308d8e02ed6e91e.jpg,healthy
/content/drive/My Drive/Colab Notebooks/apple_leaf_specialist/data/final/train/scab/db14f8ce268c5cb33e971c2ace461fba8bc9f6e8b4eaf57b73da58c67f106b52.jpg,scab
/content/drive/My Drive/Colab Notebooks/apple_leaf_specialist/data/final/train/healthy/3a03375581e3e3907e9a8c3d486121251097f424cc5c44b5f7e4b3001701b017.jpg,healthy
/content/drive/My Drive/Colab Notebooks/apple_leaf_specialist/data/final/train/rust/a9126403995fd7616edf84e4ceccf638e129495fe2f1842afe198e9c6fe090b5.jpg,rust
/content/drive/My Drive/Colab Notebooks/apple_leaf_specialist/data/final/train/healthy/2a826f53343373e68f1ce306f4da93ec113e4156d13210da6c93849276f32b9a.jpg,healthy
/content/drive/My Drive/Colab Notebooks/apple_leaf_specialist/data/final/train/black_rot/3d44dd2fead9281f29838586cfffdc968ca07e5433c42d2598193883c04ff6c4.jpg,black_rot
/content/drive/My Drive/Colab Notebooks/apple_leaf_specialist/data/final/train/scab/7fce8c7cb7762661a4671d2358e1521414bdae7b2a1db8bcf51e3d4dfc71b1c8.jpg,scab
/content/drive/My Drive/Colab Notebooks/apple_leaf_specialist/data/final/train/healthy/2f52b5b1e3e520635e67a77859440569816d20d4b86f15c21c9c3a01f1a32008.jpg,healthy
/content/drive/My Drive/Colab Notebooks/apple_leaf_specialist/data/final/train/healthy/766d61c88f70eb37bf090574ef3dd5fc4a6f49d38a803bc063ef4eddbf53c6c2.jpg,healthy
/content/drive/My Drive/Colab Notebooks/apple_leaf_specialist/data/final/train/healthy/57f11f5c0e9c3265597f44ccdfbf0cccf1ccfddfbd8dbeb7ec0a6a70cb460c82.jpg,healthy
/content/drive/My Drive/Colab Notebooks/apple_leaf_specialist/data/final/train/healthy/e807c7645a97ef33dfbca8de54f36fb6b9a70bd09c84489c72ca880e2e934a46.jpg,healthy
/content/drive/My Drive/Colab Notebooks/apple_leaf_specialist/data/final/train/black_rot/081affb869518eaecf4060ec9457f05b7d99e6bbb6856382d731e5e9979d399d.jpg,black_rot
/content/drive/My Drive/Colab Notebooks/apple_leaf_specialist/data/final/train/black_rot/73aeb2e3f79c2506096368d138b62c2d91edc78c9fbdd9b65ef3f1386fc44014.jpg,black_rot
/content/drive/My Drive/Colab Notebooks/apple_leaf_specialist/data/final/train/black_rot/ae27ef1e0e965efae79893a67f9814d2b8fceb3f76a307e822cc2b32386bafdd.jpg,black_rot
/content/drive/My Drive/Colab Notebooks/apple_leaf_specialist/data/final/train/healthy/3f61ae1f94601435f32ca679006e9edff79d625a6b076bc196fc01c5c6795a39.jpg,healthy
/content/drive/My Drive/Colab Notebooks/apple_leaf_specialist/data/final/train/rust/8a1b84730ab0b04d386e09ffc618bb8d3f13dfaeabef130e1b1e18600ac43d97.jpg,rust
/content/drive/My Drive/Colab Notebooks/apple_leaf_specialist/data/final/train/scab/7d94570f2faaf1ca4ae1ff6d315e0b7a85775db68e95a1f6027ea039eae6ef0e.jpg,scab
/content/drive/My Drive/Colab Notebooks/apple_leaf_specialist/data/final/train/healthy/bcbc4102f2fb49297d41c213b7c6837df3009d3a7d1cd61759ec1a5d1fed30de.jpg,healthy
/content/drive/My Drive/Colab Notebooks/apple_leaf_specialist/data/final/train/scab/bc82441be1bb4cdc7a6dc2f5b1644844548ee5e3e102ce551c3453906d70db05.jpg,scab
/content/drive/My Drive/Colab Notebooks/apple_leaf_specialist/data/final/train/healthy/847733dd05a42bffa4b93afc5e034569cf3b92b02f0765f42159ed1a93eedeb9.jpg,healthy
/content/drive/My Drive/Colab Notebooks/apple_leaf_specialist/data/final/train/rust/3e977224aa17efeefc0547c528e709e9247817089dcd1d0e48a6f226534e7860.jpg,rust
/content/drive/My Drive/Colab Notebooks/apple_leaf_specialist/data/final/train/healthy/c4f8855c1babe0c010abe165fd95a40ff4fab6f126c2d1d6dd8d9b1a20b13d32.jpg,healthy
/content/drive/My Drive/Colab Notebooks/apple_leaf_specialist/data/final/train/healthy/6a22e10919cc255d6e513df7c7d61fae37760f799e6221b7102074500cffeff3.jpg,healthy
/content/drive/My Drive/Colab Notebooks/apple_leaf_specialist/data/final/train/healthy/05d43262237c22300e33d407bf791aae855f67de65b71a7f16e63fed2977b431.jpg,healthy
/content/drive/My Drive/Colab Notebooks/apple_leaf_specialist/data/final/train/scab/fb5bc877d6edb8d29b3f422157ad13691c0053aa375bfb41986ba98a38919e01.jpg,scab
/content/drive/My Drive/Colab Notebooks/apple_leaf_specialist/data/final/train/black_rot/c7767e02289600baf265f44a70f107c5420d09213dc05649d63d0b59bbd95742.jpg,black_rot
/content/drive/My Drive/Colab Notebooks/apple_leaf_specialist/data/final/train/healthy/ebc45f845dd985b70df49f5d7225686a914fb2521c5fcc3b5773fea9176e99e7.jpg,healthy
/content/drive/My Drive/Colab Notebooks/apple_leaf_specialist/data/final/train/rust/77e3dafbc8d7e98deb29a8ba079a1298b428a6c2fe7e177934b67282187e6fa4.jpg,rust
/content/drive/My Drive/Colab Notebooks/apple_leaf_specialist/data/final/train/scab/7f01e7b3929945a017d35f4bb1d48ec92d23b534b878b291f4ee544e89033249.jpg,scab
/content/drive/My Drive/Colab Notebooks/apple_leaf_specialist/data/final/train/healthy/5541a764f7a61eb001dc3e920a9967998c6dc01501e0fe97360b58eedacaabdb.jpg,healthy
/content/drive/My Drive/Colab Notebooks/apple_leaf_specialist/data/final/train/healthy/8af05908d679f86e5cfeaade033a5717130a591f02754b2fd350282d6ad61ec9.jpg,healthy
/content/drive/My Drive/Colab Notebooks/apple_leaf_specialist/data/final/train/healthy/a89a381120eb673b3da21b23c98fb9c67e293fc248886961b401c5bf63fbc17b.jpg,healthy
/content/drive/My Drive/Colab Notebooks/apple_leaf_specialist/data/final/train/healthy/0d9523c4889581dff820658f767ae4aad177868853e7070cdc23e37b5764fad2.jpg,healthy
/content/drive/My Drive/Colab Notebooks/apple_leaf_specialist/data/final/train/scab/81424ca55b96235f54c24e0637cfe44cd72291c8dcd7e06609b1b88fb4e9f689.jpg,scab
/content/drive/My Drive/Colab Notebooks/apple_leaf_specialist/data/final/train/black_rot/ce4e3c5c3c9e108f53a6d496a281197629a105fd4f4ad3069b6b7ac78600cea3.jpg,black_rot
/content/drive/My Drive/Colab Notebooks/apple_leaf_specialist/data/final/train/black_rot/a322878fdf5eccae7fb9c2269c184e06a524c2df6ff675a182bd7e432b0e6d36.jpg,black_rot
/content/drive/My Drive/Colab Notebooks/apple_leaf_specialist/data/final/train/black_rot/ef329edc955070f79e5b62851a02834e283b0d7c1519a6abd761ff90f0b3ccc4.jpg,black_rot
/content/drive/My Drive/Colab Notebooks/apple_leaf_specialist/data/final/train/scab/549f8d3ac880d607e834529829af33431db26a517568c520d51017ad6934b103.jpg,scab
/content/drive/My Drive/Colab Notebooks/apple_leaf_specialist/data/final/train/healthy/ad6ba3825d9cf25c8e5820cc50644953243a7f34e37c455691b2ba09fad09499.jpg,healthy
/content/drive/My Drive/Colab Notebooks/apple_leaf_specialist/data/final/train/healthy/a16e3e97b6d488ae32c543c419922d1365646e61556dbe56fc8d81eb5efdc81a.jpg,healthy
/content/drive/My Drive/Colab Notebooks/apple_leaf_specialist/data/final/train/healthy/b7bc5cd38c8232422f78e2af66e9c1b2c727781df64accc0fa2d04e926b7717e.jpg,healthy
/content/drive/My Drive/Colab Notebooks/apple_leaf_specialist/data/final/train/healthy/51fe5cd91d4e3497d77346cfa5815a7dcd00e945544ec6824f2aa416bcf755de.jpg,healthy
/content/drive/My Drive/Colab Notebooks/apple_leaf_specialist/data/final/train/scab/b4d3e597241229d8300e07383a837216c68b52f184c7e24075eb17bd1d7cd07c.jpg,scab
/content/drive/My Drive/Colab Notebooks/apple_leaf_specialist/data/final/train/healthy/d183001b17ddd318857fe72c4f0dfe25b2fbae3c560fc3d0e5d95ff067cfc9b3.jpg,healthy
/content/drive/My Drive/Colab Notebooks/apple_leaf_specialist/data/final/train/black_rot/98904127f3192b374385e6848976a218a72702d8a78d32653f76a30f916739c5.jpg,black_rot
/content/drive/My Drive/Colab Notebooks/apple_leaf_specialist/data/final/train/black_rot/b58a6ef26fdea4bde2919cedd895a5d359d3ca19c6e28682bc9a117a360f10d6.jpg,black_rot
/content/drive/My Drive/Colab Notebooks/apple_leaf_specialist/data/final/train/scab/ebb941181c38b744715dfe4a121dc9102fb9235f2bb382735ece7908cbf42300.jpg,scab
/content/drive/My Drive/Colab Notebooks/apple_leaf_specialist/data/final/train/healthy/1d278e867c43dd745a88ca06a3890edfbff6cc551523f027be22e81a09c63e8c.jpg,healthy
/content/drive/My Drive/Colab Notebooks/apple_leaf_specialist/data/final/train/scab/a05d0b939e459f8bffb0ba7eeeec5008cc946210074a51c262dee4fc76fd9fd2.jpg,scab
/content/drive/My Drive/Colab Notebooks/apple_leaf_specialist/data/final/train/rust/ac83f94acdf306f10797ad53ee68131fc745a0146a5ec131322dddc67b02e564.jpg,rust
/content/drive/My Drive/Colab Notebooks/apple_leaf_specialist/data/final/train/healthy/186a2f4cfcdb65627f7a1bf501de7da05e2b97bff839d84ea71464d10fe006d2.jpg,healthy
/content/drive/My Drive/Colab Notebooks/apple_leaf_specialist/data/final/train/healthy/2abd94539ceec7c7af17f4bd935cb9bf45489648e0fcd6c078b568679a6a7304.jpg,healthy
/content/drive/My Drive/Colab Notebooks/apple_leaf_specialist/data/final/train/healthy/fa681e0552f56b7239cd8979c021187ed4119262976a5536ca19a99f905fd02a.jpg,healthy
/content/drive/My Drive/Colab Notebooks/apple_leaf_specialist/data/final/train/healthy/a68d5c50c1870be6675e819d2def844c756ed8b5fca70be5def422ec8774d02e.jpg,healthy
/content/drive/My Drive/Colab Notebooks/apple_leaf_specialist/data/final/train/healthy/ec2ac41dca4b90fb5b7b879899210b7c60a87879678b468c6b450dcd624c31ae.jpg,healthy
/content/drive/My Drive/Colab Notebooks/apple_leaf_specialist/data/final/train/black_rot/589bccbc89fe4bb1c481968eb986df33d3d31f7a48b7a0df447bd7a3fc3ba786.jpg,black_rot
/content/drive/My Drive/Colab Notebooks/apple_leaf_specialist/data/final/train/black_rot/20ac0f4292d104610d235169f306935837f578a5623e4a09c29cced680efe442.jpg,black_rot
/content/drive/My Drive/Colab Notebooks/apple_leaf_specialist/data/final/train/scab/c5e02e1e396d8a5959ae774ea3719cbff63e3c5f3f4e44df82630076cab3341f.jpg,scab
/content/drive/My Drive/Colab Notebooks/apple_leaf_specialist/data/final/train/scab/e08be7edf0bc23bea2e07001b33ac38ec094ca54afddf4ef17e67543b4a3d677.jpg,scab
/content/drive/My Drive/Colab Notebooks/apple_leaf_specialist/data/final/train/scab/88493bb9509bf63d2bd04c0b24335216d913f76de5834e96cad1d4d5bcac2c46.jpg,scab
/content/drive/My Drive/Colab Notebooks/apple_leaf_specialist/data/final/train/healthy/5166604920f6bb887bd35b18645ea6c4333f667b4d70ff800a22942de7c44889.jpg,healthy
/content/drive/My Drive/Colab Notebooks/apple_leaf_specialist/data/final/train/healthy/2253fe7b41e5934a733be0e102512c106d981ac06bb5d0f4ad3e388543649389.jpg,healthy
/content/drive/My Drive/Colab Notebooks/apple_leaf_specialist/data/final/train/healthy/91886b0539905e3081f7f70f83e50b6c4dfdb9861120d02e3b91c7573b8891f1.jpg,healthy
/content/drive/My Drive/Colab Notebooks/apple_leaf_specialist/data/final/train/scab/8d7471e92914409f35b6e800ac3997104665c3222e7ace08d56e1ce35947b6ba.jpg,scab
/content/drive/My Drive/Colab Notebooks/apple_leaf_specialist/data/final/train/healthy/e6a030e0a711795977bd76f99b16d27e9afdd93c296cf63553d02b0d5cec8218.jpg,healthy
/content/drive/My Drive/Colab Notebooks/apple_leaf_specialist/data/final/train/scab/644caf7d2884a2777ffbaca01094756e5d90b5b839d4a8d2e27f61d298372f03.jpg,scab
/content/drive/My Drive/Colab Notebooks/apple_leaf_specialist/data/final/train/black_rot/d29ea0e720a1adb1e4bfde1086f256facce1759e5ef3aebcf55b8616c6f7d7fa.jpg,black_rot
/content/drive/My Drive/Colab Notebooks/apple_leaf_specialist/data/final/train/healthy/47d0dde58ae06432d39c7a75de6730d1c8808930e5dcb1436acf415bddf03131.jpg,healthy
/content/drive/My Drive/Colab Notebooks/apple_leaf_specialist/data/final/train/healthy/0a3b2a5ce88764f0a5d6999e68515be6539cfc840c5b3b7bdc9cf17a181d4920.jpg,healthy
/content/drive/My Drive/Colab Notebooks/apple_leaf_specialist/data/final/train/black_rot/4860b73bf63280d37344cc042ba2e823265aa15f100cde23d2e851e9155750e6.jpg,black_rot
/content/drive/My Drive/Colab Notebooks/apple_leaf_specialist/data/final/train/black_rot/3f7c578ebe609824ca6bd0cd57a6bc684ef3653c2de95e2c9de6cfad3aa7bb79.jpg,black_rot
/content/drive/My Drive/Colab Notebooks/apple_leaf_specialist/data/final/train/healthy/b4299f5d4eb8fadf72fbf7c9c2dd9fd560db048ad4a65d0df02aa6cd18558dee.jpg,healthy
/content/drive/My Drive/Colab Notebooks/apple_leaf_specialist/data/final/train/scab/d0dcc8cb06e6a996e034ff7823620ba0ee2e6eba9ee9a1a540a6904eb4d8f996.jpg,scab
/content/drive/My Drive/Colab Notebooks/apple_leaf_specialist/data/final/train/healthy/44b25b765d2d9a229a80c60df9bcffccf00f0696152ddca33c5024c35be32bc0.jpg,healthy
/content/drive/My Drive/Colab Notebooks/apple_leaf_specialist/data/final/train/healthy/86d70593c6cf74862bd2c9cdd6db3f58bd5e2b0e7b73f672bf3b3e946eb845ef.jpg,healthy
/content/drive/My Drive/Colab Notebooks/apple_leaf_specialist/data/final/train/healthy/8673d9dafa2d4c174c40fc3021c4bf8c8809bd102ff326cf8ba5ecb1804407ff.jpg,healthy
/content/drive/My Drive/Colab Notebooks/apple_leaf_specialist/data/final/train/healthy/9e53c611c6ec5e09e374d187c8aef6f4084194edbd5a71fb553d191dab377995.jpg,healthy
/content/drive/My Drive/Colab Notebooks/apple_leaf_specialist/data/final/train/black_rot/336355abd3baa766b3749fad13ea4919ca9c47fcafda8c7406a5858a9353b295.jpg,black_rot
/content/drive/My Drive/Colab Notebooks/apple_leaf_specialist/data/final/train/healthy/07e7fb17f61165ba1654f22d8771d658d35ff97e8be386802b773c1f73838e2d.jpg,healthy
/content/drive/My Drive/Colab Notebooks/apple_leaf_specialist/data/final/train/healthy/676b5de642d2f5921bc81f5463fde516cfc4143bb993ceac62b28ca31f10b5e3.jpg,healthy
/content/drive/My Drive/Colab Notebooks/apple_leaf_specialist/data/final/train/healthy/43ba744a8d51e9f4bd89e26b67e8b087996aa315fefd8d5c44c4202315d2fac2.jpg,healthy
/content/drive/My Drive/Colab Notebooks/apple_leaf_specialist/data/final/train/scab/6cbf6aa95c952925e94846e58546e0d19491d12fa1b0c14ce3d4e9d9d04fc2ea.jpg,scab
/content/drive/My Drive/Colab Notebooks/apple_leaf_specialist/data/final/train/healthy/5d049ff38a645cc45c3c7ec04afe9662e752a4c6f3ef34d898bf2c820c0465dc.jpg,healthy
/content/drive/My Drive/Colab Notebooks/apple_leaf_specialist/data/final/train/healthy/d84aa627e82539ab40db592009eede5e5cb9b46de4050b38f50713d008a5e3f5.jpg,healthy
/content/drive/My Drive/Colab Notebooks/apple_leaf_specialist/data/final/train/scab/08576b4514f3db027c58c5f75572b92416d31641ac45b862d78c5edeeff28a98.jpg,scab
/content/drive/My Drive/Colab Notebooks/apple_leaf_specialist/data/final/train/healthy/91b8005a037ad952b3c1e9603c6f5bf00fea1d955477c9eab64f06e9977c01fa.jpg,healthy
/content/drive/My Drive/Colab Notebooks/apple_leaf_specialist/data/final/train/healthy/40b4b09bab48c4b1675ae4dcde71e5d795940ba27fddbc1356583b01626e9866.jpg,healthy
/content/drive/My Drive/Colab Notebooks/apple_leaf_specialist/data/final/train/rust/5b18ae2ab10a470706212aa0f6b9a0094624d3f3dda22bf651c912193155e05b.jpg,rust
/content/drive/My Drive/Colab Notebooks/apple_leaf_specialist/data/final/train/healthy/8c72085c272d8bbb5c1f1224e63e3d0fcb92026c4e52da4f246ef63c9c3ca610.jpg,healthy
/content/drive/My Drive/Colab Notebooks/apple_leaf_specialist/data/final/train/black_rot/74d36ed43bf39094dd990e656f523fbbde1f2eb99b2a4d32ffa5a1adf7350586.jpg,black_rot
/content/drive/My Drive/Colab Notebooks/apple_leaf_specialist/data/final/train/healthy/aef43d62537da536edf60bf71d504f2c5f9d7dca854220ea3fd9712caa8a3626.jpg,healthy
/content/drive/My Drive/Colab Notebooks/apple_leaf_specialist/data/final/train/healthy/0e747d58d104e7b9ce6ed86e94c5eda5eefd8243f42e7c2b0958776106febfb1.jpg,healthy
/content/drive/My Drive/Colab Notebooks/apple_leaf_specialist/data/final/train/healthy/61838c090d9b3981ec00d91bdbbbe8d1d562bf1759f8b5070e8e638e44accf9b.jpg,healthy
/content/drive/My Drive/Colab Notebooks/apple_leaf_specialist/data/final/train/black_rot/f02b08c6682e09bbacbe00b8f4448188a2884a31d4c0136e65d9f237d6cedb37.jpg,black_rot
/content/drive/My Drive/Colab Notebooks/apple_leaf_specialist/data/final/train/black_rot/8c59e5a02c15ea1d8b9c867f6711b45795eb2590c329affd468bae79c2d0de3b.jpg,black_rot
/content/drive/My Drive/Colab Notebooks/apple_leaf_specialist/data/final/train/scab/b1d63703467559b0b1d48ca22b2945f7f264315d1e1f2cecb34bde70af38b44b.jpg,scab
/content/drive/My Drive/Colab Notebooks/apple_leaf_specialist/data/final/train/healthy/644d0b6a286930eea9195a8bc609a8b6ee8f2ff8ba91cd22963eea101b641029.jpg,healthy
/content/drive/My Drive/Colab Notebooks/apple_leaf_specialist/data/final/train/black_rot/f98cc40d1766266c92c6bf777197385ca9e77b11f63b85453e1ffd899c0324bc.jpg,black_rot
/content/drive/My Drive/Colab Notebooks/apple_leaf_specialist/data/final/train/black_rot/afabb98999e83c6ae42f384c2f68a2bb8701022f8fbc06628f6fce44a791a216.jpg,black_rot
/content/drive/My Drive/Colab Notebooks/apple_leaf_specialist/data/final/train/healthy/04692b0b4e5001b0cacd7520b6441f1436e384241a0dc5322a281254bcd8dd78.jpg,healthy
/content/drive/My Drive/Colab Notebooks/apple_leaf_specialist/data/final/train/black_rot/abb8783bf576fe5dde2f541659db7b52f451d38fc0132b9b56c81edd08d53a3f.jpg,black_rot
/content/drive/My Drive/Colab Notebooks/apple_leaf_specialist/data/final/train/rust/d96293a35d8ece21799e4e359c1fc304475280324208f4c631fd60b4455fd007.jpg,rust
/content/drive/My Drive/Colab Notebooks/apple_leaf_specialist/data/final/train/healthy/6f6d8d43063d249371e0f67ad07cb1fb8021dc8226d65cabc0055b06ed943629.jpg,healthy
/content/drive/My Drive/Colab Notebooks/apple_leaf_specialist/data/final/train/healthy/acbfae82f07ea7027a56e2fb03685fea05845fb51eba3ffc2d4f09213f0f8010.jpg,healthy
/content/drive/My Drive/Colab Notebooks/apple_leaf_specialist/data/final/train/healthy/2bd6978dd35eff35ca3c05cd0b7e6dc135c181d14810b88a277634981d52e487.jpg,healthy
/content/drive/My Drive/Colab Notebooks/apple_leaf_specialist/data/final/train/healthy/f70c7a07c218bd9ef51ce30aaf03b1b1eb3e4c171066905b71fef9248d1a7a59.jpg,healthy
/content/drive/My Drive/Colab Notebooks/apple_leaf_specialist/data/final/train/healthy/baef3bc783c6ab12c0ddacfb371042de6e7db8f6424c5aadc71f4a850b071cc2.jpg,healthy
/content/drive/My Drive/Colab Notebooks/apple_leaf_specialist/data/final/train/healthy/9f47c368ffbd27a51d08fd1943c50e894f138c1271802e0428f81c57e8347ee2.jpg,healthy
/content/drive/My Drive/Colab Notebooks/apple_leaf_specialist/data/final/train/healthy/288b2054eeb62a7c3306cf1722689ec450de72f0294f767fd1daa82b1f094876.jpg,healthy
/content/drive/My Drive/Colab Notebooks/apple_leaf_specialist/data/final/train/black_rot/ecbc0dd1313d05d3520840125a920b4c64e1369b534dcde76bb3140e7a15fa3e.jpg,black_rot
/content/drive/My Drive/Colab Notebooks/apple_leaf_specialist/data/final/train/healthy/ae757aeec24c970b78f542b06f85af0f325b81de8807dd127ab5c760547c1083.jpg,healthy
/content/drive/My Drive/Colab Notebooks/apple_leaf_specialist/data/final/train/healthy/5f9909f58a3a16a9b79c816288980700560a1eeaefbbb18ccf240ec2e9bf592c.jpg,healthy
/content/drive/My Drive/Colab Notebooks/apple_leaf_specialist/data/final/train/healthy/c852513d7d1349b4cb2b0a0b01f691e9dcd6f8f689c59c0099f51d309476fe00.jpg,healthy
/content/drive/My Drive/Colab Notebooks/apple_leaf_specialist/data/final/train/black_rot/cdfd3318cebbbee3f34f5a732ee7c3580d1b0cde26339f533c7618fcbbf1766d.jpg,black_rot
/content/drive/My Drive/Colab Notebooks/apple_leaf_specialist/data/final/train/black_rot/b5a6432fcbef2568326e99c112bc3f06b8a6ff9bfe1a96a0c993c6a71048f12a.jpg,black_rot
/content/drive/My Drive/Colab Notebooks/apple_leaf_specialist/data/final/train/healthy/7a05ad31c908272832791c20afe0761a1b4be71a40d8b1b704744178e2488581.jpg,healthy
/content/drive/My Drive/Colab Notebooks/apple_leaf_specialist/data/final/train/scab/a35fd363702dfaea37bb7d251ada09fe16609aa937c838d1dbbb60a2c46041f7.jpg,scab
/content/drive/My Drive/Colab Notebooks/apple_leaf_specialist/data/final/train/black_rot/c85d29fae5f86fc0fca0cb96577cfec70b9a6fb7e0df31bed02361696fe12f4d.jpg,black_rot
/content/drive/My Drive/Colab Notebooks/apple_leaf_specialist/data/final/train/scab/d5c85e34c58cb88c780017cdbb6108b625d5e60c9b006e48e89e9d47caea353d.jpg,scab
/content/drive/My Drive/Colab Notebooks/apple_leaf_specialist/data/final/train/black_rot/0fe726dc74de3c11c92e96f8fae37724346eb05d30a8adac99d52fcfb543789d.jpg,black_rot
/content/drive/My Drive/Colab Notebooks/apple_leaf_specialist/data/final/train/scab/08e94db231da1f7752dc0f30039a4b8b193396568518e5278ae9b55857e2e4a9.jpg,scab
/content/drive/My Drive/Colab Notebooks/apple_leaf_specialist/data/final/train/scab/1edda639e72012008ac19fd51a4bbad7498e163bde4e4f1a3132cb6534e48c12.jpg,scab
/content/drive/My Drive/Colab Notebooks/apple_leaf_specialist/data/final/train/scab/1b2664d2d771849abb71c3483e3d269bc4022d19f575b151a8121d2430d2ed16.jpg,scab
/content/drive/My Drive/Colab Notebooks/apple_leaf_specialist/data/final/train/healthy/2069fea33c43fb8e2c6ebe5eab31dffe22fa22a3f8efa690f61f294e3dc2cf8c.jpg,healthy
/content/drive/My Drive/Colab Notebooks/apple_leaf_specialist/data/final/train/black_rot/aca81e8b3e68ecf2478c702f175a97284da664deb4f083b659bacbc6550a0ee9.jpg,black_rot
/content/drive/My Drive/Colab Notebooks/apple_leaf_specialist/data/final/train/healthy/18ab3d3402288d089e4606601b1f2c8c726dbd37dba9dceccc397bd9e639c9a6.jpg,healthy
/content/drive/My Drive/Colab Notebooks/apple_leaf_specialist/data/final/train/healthy/9290492f40822f9898d4ddde235dbb5d2f3f5cd55c3f8de6ddcff307a267c5d8.jpg,healthy
/content/drive/My Drive/Colab Notebooks/apple_leaf_specialist/data/final/train/black_rot/55f5bab17610f56eab259d5d13d295e98bc88a1fbe108e30c4122f7eb79d8b65.jpg,black_rot
/content/drive/My Drive/Colab Notebooks/apple_leaf_specialist/data/final/train/rust/92499d62346bf8e14f6d65346f02540d1e38cd405fa6bea5df4f9aab0affe604.jpg,rust
/content/drive/My Drive/Colab Notebooks/apple_leaf_specialist/data/final/train/healthy/8fdaf26b92390f8419a7e1a2e51b8465b1bf4168973b1b2fab7c7a7df1a308fb.jpg,healthy
/content/drive/My Drive/Colab Notebooks/apple_leaf_specialist/data/final/train/rust/d4c0bfe269e28e6101129cb5b1edb37371899dc3eb66b92dd670a7684fc45cd8.jpg,rust
/content/drive/My Drive/Colab Notebooks/apple_leaf_specialist/data/final/train/scab/34dfae5fd2d11a1a05acdcd351abc116321740eab2c8fed0b81949d27733e8c6.jpg,scab
/content/drive/My Drive/Colab Notebooks/apple_leaf_specialist/data/final/train/healthy/d0a9630394ed1adbf39bb1fc89eb9cf7323e748ce82f39b1ad8fd89abbf1cf2b.jpg,healthy
/content/drive/My Drive/Colab Notebooks/apple_leaf_specialist/data/final/train/scab/83725725bde61c235dc6bef8058f81fa3068af5ade96e34d41c0cf62d8cd109a.jpg,scab
/content/drive/My Drive/Colab Notebooks/apple_leaf_specialist/data/final/train/black_rot/09de92548221f1c121f56c296ab6e3b56fead0550c08800bdfb951c873f9569d.jpg,black_rot
/content/drive/My Drive/Colab Notebooks/apple_leaf_specialist/data/final/train/healthy/bb6f5c59fab1b18281066dddc56c5ed49dc30621a4207d72bb293262aec9de50.jpg,healthy
/content/drive/My Drive/Colab Notebooks/apple_leaf_specialist/data/final/train/rust/47044e7a4a2955644a3cd94277425a3d54bfa1df62b91dc9ea1f5c85dc901680.jpg,rust
/content/drive/My Drive/Colab Notebooks/apple_leaf_specialist/data/final/train/healthy/d150f64831c0149dd3a55146d7c4af1c6107cbbf8b68dbe9ec34f2421c3ba6ce.jpg,healthy
/content/drive/My Drive/Colab Notebooks/apple_leaf_specialist/data/final/train/healthy/1b9d934af59873ff01ef86f5da80d3133a4931e3b5dec3b03f5e961795e7df40.jpg,healthy
/content/drive/My Drive/Colab Notebooks/apple_leaf_specialist/data/final/train/healthy/c67dbb7eef6a179b4d44bcfa8dd89ee575d295d25e99731f5cfe133fe0cec969.jpg,healthy
/content/drive/My Drive/Colab Notebooks/apple_leaf_specialist/data/final/train/black_rot/29c79bb53bb66104ae3bcf99cfbab0e2d088b03a3f83fc77840a279561defc54.jpg,black_rot
/content/drive/My Drive/Colab Notebooks/apple_leaf_specialist/data/final/train/healthy/bfc6ba724b8f8956042223ff33ac645f7df3b564c48e6d3a58bda9fe919e6b43.jpg,healthy
/content/drive/My Drive/Colab Notebooks/apple_leaf_specialist/data/final/train/scab/e62e471e5f57a6fa276d53f0d01e39a59d28d8b96182239a14202941152eec5e.jpg,scab
/content/drive/My Drive/Colab Notebooks/apple_leaf_specialist/data/final/train/healthy/a35274998fe1a320da4797c0305c84e84f84c072924c069aa7f0b69f4e2d1b5e.jpg,healthy
/content/drive/My Drive/Colab Notebooks/apple_leaf_specialist/data/final/train/healthy/e2e3d222b51fab1147e201b365685c719465d2fa690c777a42b81dc2fefce5bf.jpg,healthy
/content/drive/My Drive/Colab Notebooks/apple_leaf_specialist/data/final/train/healthy/f530d1aaff188d4a0961a2c32354328b90ca8df0d6cbe35937d153da3a74e2cb.jpg,healthy
/content/drive/My Drive/Colab Notebooks/apple_leaf_specialist/data/final/train/scab/f1dedaf82d4dbc05597dacac02a53616f67f04b110f586aa9fb60034c6e82208.jpg,scab
/content/drive/My Drive/Colab Notebooks/apple_leaf_specialist/data/final/train/scab/b14b66e6370109fc392194e2af174540892e5094da2e2c986ddf0acb2642f9fd.jpg,scab
/content/drive/My Drive/Colab Notebooks/apple_leaf_specialist/data/final/train/healthy/044da20b9315edad1bdf73b03f4d6d2dbd97657e1508b6a234f761607981f2f3.jpg,healthy
/content/drive/My Drive/Colab Notebooks/apple_leaf_specialist/data/final/train/black_rot/1c765b733a86e95991047408ee84cb2a43724913a144d7ab6dbac582d02a02df.jpg,black_rot
/content/drive/My Drive/Colab Notebooks/apple_leaf_specialist/data/final/train/scab/34af740512078a44a8b742077fec6e73207914e161926a950f155e398ac52692.jpg,scab
/content/drive/My Drive/Colab Notebooks/apple_leaf_specialist/data/final/train/healthy/b6e5136173766148c2778c3088751e245c5075cb9159666453f348f365f70c1c.jpg,healthy
/content/drive/My Drive/Colab Notebooks/apple_leaf_specialist/data/final/train/black_rot/ba9809131e7fbfbb836cd57654cbf0db72c44d9c9376d85fb3591c4b4bf22323.jpg,black_rot
/content/drive/My Drive/Colab Notebooks/apple_leaf_specialist/data/final/train/healthy/3332cb4d401a902e998164b9d867941f32f14496c205ae252ea2c23d1043127a.jpg,healthy
/content/drive/My Drive/Colab Notebooks/apple_leaf_specialist/data/final/train/healthy/58eedb3b926172410d94262bbabfe434adbf3c2ec0be599472d971cf092a707f.jpg,healthy
/content/drive/My Drive/Colab Notebooks/apple_leaf_specialist/data/final/train/scab/303f8eb2f3d2cbe1bf0baca9394b84023591838f4b288973fd1592eb247ce3d3.jpg,scab
/content/drive/My Drive/Colab Notebooks/apple_leaf_specialist/data/final/train/healthy/82783047bea91e95d1200be70186d1b557b6402ac05690310b5a45366635788e.jpg,healthy
/content/drive/My Drive/Colab Notebooks/apple_leaf_specialist/data/final/train/rust/e4c1cb5e062f1bddd96be19376e250791f2eac5757f891aa81b8ae1954fcd165.jpg,rust
/content/drive/My Drive/Colab Notebooks/apple_leaf_specialist/data/final/train/rust/1847bd92cde39dc0774c10b8a5d49a0ba55381794f1027ffe50d7fc3a453eea7.jpg,rust
/content/drive/My Drive/Colab Notebooks/apple_leaf_specialist/data/final/train/healthy/ba0c8ca708141edcf89024f8762a96969c080fbae6319583e19809b47b7de46c.jpg,healthy
/content/drive/My Drive/Colab Notebooks/apple_leaf_specialist/data/final/train/healthy/f8c5ad230e38ffb256eb3c30322f12c1c9a7a2be2f9410b7cc582ec170ed79bb.jpg,healthy
/content/drive/My Drive/Colab Notebooks/apple_leaf_specialist/data/final/train/scab/62914e9be75130e73171cf338d7ef134191484abd5d0655ebe1ff48d2ed80bf5.jpg,scab
/content/drive/My Drive/Colab Notebooks/apple_leaf_specialist/data/final/train/scab/2681669127b92bda6b538f79da0924f66a523b8e6046375c34ec85fa4781174a.jpg,scab
/content/drive/My Drive/Colab Notebooks/apple_leaf_specialist/data/final/train/healthy/03bfa748a59319e7cc5059096fe2a8c4a84b5d02988d29ebbb089684f0cdac31.jpg,healthy
/content/drive/My Drive/Colab Notebooks/apple_leaf_specialist/data/final/train/healthy/80b1a4011a461e1b855a41df26a5ce2df7e8e2f0863150b57bd695fc3e9ac339.jpg,healthy
/content/drive/My Drive/Colab Notebooks/apple_leaf_specialist/data/final/train/healthy/d3c72ebd0bee94e2a3d0af418131a0e1b646a52813b902255293d02ca81bd3cf.jpg,healthy
/content/drive/My Drive/Colab Notebooks/apple_leaf_specialist/data/final/train/healthy/d7e7834abcefd9345da259a8713e014b07180cb613cefdb60cf8f7e093ba1cd4.jpg,healthy
/content/drive/My Drive/Colab Notebooks/apple_leaf_specialist/data/final/train/black_rot/8d1c90b195cbe5302b20bbd2545a38402a0cdd486b66435f1bf041ef37bd1e7a.jpg,black_rot
/content/drive/My Drive/Colab Notebooks/apple_leaf_specialist/data/final/train/black_rot/b3ee369bc217a46bb61104f0f27b87866589ebc8ce1075278ac278a7adbe8a38.jpg,black_rot
/content/drive/My Drive/Colab Notebooks/apple_leaf_specialist/data/final/train/rust/9fd8be10054caf8697417588dcbcea920a54ae1b3fb48275eba02bec3765dbcc.jpg,rust
/content/drive/My Drive/Colab Notebooks/apple_leaf_specialist/data/final/train/healthy/78aeaca5516384bc8314c21cda1ad02ec233d032a4badfbd7a1f3ac7d23afc7c.jpg,healthy
/content/drive/My Drive/Colab Notebooks/apple_leaf_specialist/data/final/train/rust/20926b92824c0f42fc2df4346b5d0d3715b21a28635b378a52a7e74f1cd7f38e.jpg,rust
/content/drive/My Drive/Colab Notebooks/apple_leaf_specialist/data/final/train/healthy/f2dc2c8ec4164c4bf2d20ec43e4d15f95e3ebd06807796f57b3852b19ab08354.jpg,healthy
/content/drive/My Drive/Colab Notebooks/apple_leaf_specialist/data/final/train/healthy/f9ce9456bb42af70eba460b8e301e5e39563e30f058763c23a36b5206daffc53.jpg,healthy
/content/drive/My Drive/Colab Notebooks/apple_leaf_specialist/data/final/train/scab/b2def65b3f30bd2b45194735fb6599a8f969347c913ae45a3c83e3c3d6817cdd.jpg,scab
/content/drive/My Drive/Colab Notebooks/apple_leaf_specialist/data/final/train/black_rot/f8e342a51162ff2b155b5b6e817baf3ddf7adc5284f9b06332a556712ac4de48.jpg,black_rot
/content/drive/My Drive/Colab Notebooks/apple_leaf_specialist/data/final/train/scab/b4f90f365512a53a6810a4330883697487d2d8cd100fe353d7a4e80e058e0912.jpg,scab
/content/drive/My Drive/Colab Notebooks/apple_leaf_specialist/data/final/train/scab/fc93f3b091f35a25ab1b573e3a6d0aa45500a9426612c5ba983319af21facf68.jpg,scab
/content/drive/My Drive/Colab Notebooks/apple_leaf_specialist/data/final/train/scab/d05ce95d6a641a7191b4838ea842439feca86390bb6708e6d6db77a244d6fbfe.jpg,scab
/content/drive/My Drive/Colab Notebooks/apple_leaf_specialist/data/final/train/rust/c88689cb56c8cf3711e91b8e6517e89e11f72dec0f9058986e9eb0e64dcf37aa.jpg,rust
/content/drive/My Drive/Colab Notebooks/apple_leaf_specialist/data/final/train/healthy/aa12c9e5f7b69109d7cea830bc6a29c3caa8044887c084a1a2f96f5f2f1c928f.jpg,healthy
/content/drive/My Drive/Colab Notebooks/apple_leaf_specialist/data/final/train/healthy/420e97beee45687065bc447cf4040d2516d358e3f01cdede933495931b3fb475.jpg,healthy
/content/drive/My Drive/Colab Notebooks/apple_leaf_specialist/data/final/train/scab/b507e9115cd94c80a488b6cd6051481d994d1cb4480b66eff27009f8b4697436.jpg,scab
/content/drive/My Drive/Colab Notebooks/apple_leaf_specialist/data/final/train/rust/1315da4c54aa5bf83549f2449fddc7b8dd904889ace491b0378a47455ac8f29b.jpg,rust
/content/drive/My Drive/Colab Notebooks/apple_leaf_specialist/data/final/train/healthy/2f8e464d7abd128e4baffcfa29d0298d219e59593f07e1cca5e93233d0189a74.jpg,healthy
/content/drive/My Drive/Colab Notebooks/apple_leaf_specialist/data/final/train/healthy/fb0d01360ee8b4599678e56418a33dbedcdfaf4737159e7a8af52671c033ffd0.jpg,healthy
/content/drive/My Drive/Colab Notebooks/apple_leaf_specialist/data/final/train/healthy/96a23fd4f02b7b69e3265ac737f1a61ede93961a95cc65e01eb83fbf8bdda5d0.jpg,healthy
/content/drive/My Drive/Colab Notebooks/apple_leaf_specialist/data/final/train/black_rot/0f593ba759dd9fc6e72f3eb8c090775ea36ead61d6cf120589b0b286e8d1bc17.jpg,black_rot
/content/drive/My Drive/Colab Notebooks/apple_leaf_specialist/data/final/train/scab/3cede19626c11d0855aaa21b8e7d847d95d30d468d178f002ff96a1b65e47f37.jpg,scab
/content/drive/My Drive/Colab Notebooks/apple_leaf_specialist/data/final/train/healthy/f90524f2cd0d093c9961d9df9c8b348f169b964820b3af689b0024836057de86.jpg,healthy
/content/drive/My Drive/Colab Notebooks/apple_leaf_specialist/data/final/train/rust/83b93fb73ebc7a1b72c1cd2839725edf2a144fa65a472a7f4f446069f75705fb.jpg,rust
/content/drive/My Drive/Colab Notebooks/apple_leaf_specialist/data/final/train/healthy/9be1cf47b064cf109a949138662204f418212ce74ad0ad5f9e07d9bab9b48581.jpg,healthy
/content/drive/My Drive/Colab Notebooks/apple_leaf_specialist/data/final/train/healthy/89dbe6cf3ad4dccc0720918d1ed0f19c8d1b03ed4aaf4c7d207f77a71aaafedc.jpg,healthy
/content/drive/My Drive/Colab Notebooks/apple_leaf_specialist/data/final/train/scab/640c154f349056c26db8f0293162e63e099d53c87b4a5a41097d73fed77b709e.jpg,scab
/content/drive/My Drive/Colab Notebooks/apple_leaf_specialist/data/final/train/scab/d3aa40f0acc361ded4cdd28885645da8c8a5ab9bf8f572179044bd692704519b.jpg,scab
/content/drive/My Drive/Colab Notebooks/apple_leaf_specialist/data/final/train/healthy/cd752d02af62853e972ad1f3501e76d9a497f394aacaa296f063e5a102026f6c.jpg,healthy
/content/drive/My Drive/Colab Notebooks/apple_leaf_specialist/data/final/train/healthy/62bba5909242f74ed9aff34b98acccb73a136404235c0500e88efbe741b411a6.jpg,healthy
/content/drive/My Drive/Colab Notebooks/apple_leaf_specialist/data/final/train/black_rot/59458fbff7031e09fd975903915e5c91a0e429586575151f1482bbf8488e6a93.jpg,black_rot
/content/drive/My Drive/Colab Notebooks/apple_leaf_specialist/data/final/train/black_rot/2b3c4706b66e222c82438e9c9b19c357b653fee9cbbfb4c9c309d9d4e7763e4e.jpg,black_rot
/content/drive/My Drive/Colab Notebooks/apple_leaf_specialist/data/final/train/healthy/4510b85ac4b7912f751a921050fad3e78a42eb125e12c942389ea2accc5cad88.jpg,healthy
/content/drive/My Drive/Colab Notebooks/apple_leaf_specialist/data/final/train/healthy/b8cde8fb60aeac9f0c2a063c62e143a41d6d467b67f778c8c9d5d69522c59649.jpg,healthy
/content/drive/My Drive/Colab Notebooks/apple_leaf_specialist/data/final/train/black_rot/1a54426099278bcf56e561a594d76d55181c6133981169c491592894c9647030.jpg,black_rot
/content/drive/My Drive/Colab Notebooks/apple_leaf_specialist/data/final/train/rust/dd459b1e4e3d5a804c239797cb276081883071cb5abfccd92a53715fb24da50e.jpg,rust
/content/drive/My Drive/Colab Notebooks/apple_leaf_specialist/data/final/train/healthy/e46a7546363757ca4a289c6f845ec22931d44fd3fdfbeea9c00cff98cc877a8e.jpg,healthy
/content/drive/My Drive/Colab Notebooks/apple_leaf_specialist/data/final/train/black_rot/287db1e35fad654e60432bd9ccc1bb46b2fb9ae743f1be0fd0dda024c933a084.jpg,black_rot
/content/drive/My Drive/Colab Notebooks/apple_leaf_specialist/data/final/train/scab/db6df2550d353d24d8a209eea3bb7d436df928cd1718eb1df964b442ee8cbd38.jpg,scab
/content/drive/My Drive/Colab Notebooks/apple_leaf_specialist/data/final/train/scab/0543a026a8f1f5313a1a59fca450760abb9d3e6cc2c9ce81a3b23e695e071d8e.jpg,scab
/content/drive/My Drive/Colab Notebooks/apple_leaf_specialist/data/final/train/healthy/4ae442e8973ae52d82829b5c4023eafddd996033e7115d92c15c66562eea3ac7.jpg,healthy
/content/drive/My Drive/Colab Notebooks/apple_leaf_specialist/data/final/train/healthy/7a79ca50512eeef621704cca20f5821902cee2ed96be1aef48ecc4a8f0e4d5ec.jpg,healthy
/content/drive/My Drive/Colab Notebooks/apple_leaf_specialist/data/final/train/healthy/18ca4f418e95fc191d944d58b91f7ac7b41ec10fce14cb954468cbbf6843126f.jpg,healthy
/content/drive/My Drive/Colab Notebooks/apple_leaf_specialist/data/final/train/healthy/1ed146f44ac1034a06a33244352b74e9554800971bfefe5512c706d7bff8ea4e.jpg,healthy
/content/drive/My Drive/Colab Notebooks/apple_leaf_specialist/data/final/train/scab/dde5b1132a15b6af470db4769ce75f440e1852936b7ba9b55aaf5b46715583f8.jpg,scab
/content/drive/My Drive/Colab Notebooks/apple_leaf_specialist/data/final/train/scab/10ed8837c3f56745fd0cd04bdcde092d1774d645987ec3e9254ec3e4de3f2dcf.jpg,scab
/content/drive/My Drive/Colab Notebooks/apple_leaf_specialist/data/final/train/healthy/99ea4d93814a7d358ef3e6c594db5da2f29be7bf36276a787985937d513fc38a.jpg,healthy
/content/drive/My Drive/Colab Notebooks/apple_leaf_specialist/data/final/train/healthy/f8ed552c9117051453ff16a3333b2108127842d55179796b93ebd73efcef89d1.jpg,healthy
/content/drive/My Drive/Colab Notebooks/apple_leaf_specialist/data/final/train/healthy/6875bab8ec4c5d8063ba568500a412cf049b75533c2f988a96af8953c42961b7.jpg,healthy
/content/drive/My Drive/Colab Notebooks/apple_leaf_specialist/data/final/train/healthy/831e85f1cbaac14c92055d751e416159c4dd81acc4fa600cbafb59ac909ebf7e.jpg,healthy
/content/drive/My Drive/Colab Notebooks/apple_leaf_specialist/data/final/train/healthy/d1c4a5c5cc0c89a756f73c6b109346035891b8579b2adc6fb006defbcb8c3527.jpg,healthy
/content/drive/My Drive/Colab Notebooks/apple_leaf_specialist/data/final/train/black_rot/f8720efca64455173dfc4f95443c72ebcc0558136e1e6c230533d827ef140ce6.jpg,black_rot
/content/drive/My Drive/Colab Notebooks/apple_leaf_specialist/data/final/train/scab/f7bca5e5d98763da10e3b8e41166ca8510b7fa04a6f7c36cd78c505717846590.jpg,scab
/content/drive/My Drive/Colab Notebooks/apple_leaf_specialist/data/final/train/healthy/6ddefe36bcf21423fe279db53610f061506fb6451467350d5055e445606fc110.jpg,healthy
/content/drive/My Drive/Colab Notebooks/apple_leaf_specialist/data/final/train/healthy/2f960e0a7933bdd67e63c332a4936515c443b563ab8fdf086ab4e627961d82bd.jpg,healthy
/content/drive/My Drive/Colab Notebooks/apple_leaf_specialist/data/final/train/black_rot/27ab8650db6348a32056cc3358246fd2065d6908bb15d98dee42111ad76654ff.jpg,black_rot
/content/drive/My Drive/Colab Notebooks/apple_leaf_specialist/data/final/train/healthy/cc679301d74e30af5deec58a39abd7df733a697137d851d2979e268dde265973.jpg,healthy
/content/drive/My Drive/Colab Notebooks/apple_leaf_specialist/data/final/train/scab/315c105c3490f503de587dad4a2202f74a430148414398acc330377685df2f1a.jpg,scab
/content/drive/My Drive/Colab Notebooks/apple_leaf_specialist/data/final/train/healthy/b29757394a6c0080bf1692fb2d9c8361211445794eef46cca4723b821f8a22f4.jpg,healthy
/content/drive/My Drive/Colab Notebooks/apple_leaf_specialist/data/final/train/healthy/e4bc0f7d68ed70ca13489764707cc6bdbb447024aba58dcc8b4a884636ccc64c.jpg,healthy
/content/drive/My Drive/Colab Notebooks/apple_leaf_specialist/data/final/train/healthy/fcc35288c64fd8b95533564262271a52bfcc5bfc135fbb5abf17ae4db9853942.jpg,healthy
/content/drive/My Drive/Colab Notebooks/apple_leaf_specialist/data/final/train/healthy/86afc49d91bbdb3f6d8e291505ae086460eb29f376f97c553e1cfc48fcc15d25.jpg,healthy
/content/drive/My Drive/Colab Notebooks/apple_leaf_specialist/data/final/train/healthy/87845c60ac5e2067acb51086bcfc2a104046e1b75dc429ff8341786bff64a3be.jpg,healthy
/content/drive/My Drive/Colab Notebooks/apple_leaf_specialist/data/final/train/scab/8cd8899fe151ca7c55aa12f4ed5c55423e2ac1d565a89c36e100b92ef7b495de.jpg,scab
/content/drive/My Drive/Colab Notebooks/apple_leaf_specialist/data/final/train/healthy/1e26e2245e94fb91b4591db39fe4bcf44972779b161e988676eaa671982ae0a1.jpg,healthy
/content/drive/My Drive/Colab Notebooks/apple_leaf_specialist/data/final/train/black_rot/099badffdc171f375fe0923d0bbbcf770d16d91df1490faecee8b21f49587bc2.jpg,black_rot
/content/drive/My Drive/Colab Notebooks/apple_leaf_specialist/data/final/train/black_rot/7454563f079df1d1a44a4e311ee69af0d67698cbd00e69d8e248b33cbbcb4930.jpg,black_rot
/content/drive/My Drive/Colab Notebooks/apple_leaf_specialist/data/final/train/scab/d6a321860d146662d3894b3950bd7b4e1cc471a2eead02b66c141a0fcb143d38.jpg,scab
/content/drive/My Drive/Colab Notebooks/apple_leaf_specialist/data/final/train/black_rot/85512825845eaeded78a28727f182ecd1136d3f79e6c7312fa7079cac2b01c21.jpg,black_rot
/content/drive/My Drive/Colab Notebooks/apple_leaf_specialist/data/final/train/scab/272d891d68cfd746c75ade8313602f0602ac7a4c7dcf9aa71d63768da2614452.jpg,scab
/content/drive/My Drive/Colab Notebooks/apple_leaf_specialist/data/final/train/scab/cf11bb90fa2416f298e245e3ad657973251710bf95877b0b9794692adf194b50.jpg,scab
/content/drive/My Drive/Colab Notebooks/apple_leaf_specialist/data/final/train/black_rot/f64b5df01ddcc94433fcaf0f80e2a2a4177d1d83d72b95998c6ba9bc3e88f99a.jpg,black_rot
/content/drive/My Drive/Colab Notebooks/apple_leaf_specialist/data/final/train/black_rot/4dafa6899020f04dcd0f87b257a0281961d1d899848cb2bfefe85b711a083cc7.jpg,black_rot
/content/drive/My Drive/Colab Notebooks/apple_leaf_specialist/data/final/train/black_rot/d977183e653a0d335c3a0204b4130d274fb40aa941a4b6e790a937252f3aa791.jpg,black_rot
/content/drive/My Drive/Colab Notebooks/apple_leaf_specialist/data/final/train/healthy/af00807905a235bbe3489f19fe6c9d5beb9baf55ac76d3d93abe93fca71ae517.jpg,healthy
/content/drive/My Drive/Colab Notebooks/apple_leaf_specialist/data/final/train/healthy/534ecaa15b5e9f753506a6c807abc8bbc56a2c1aab9eb4d7fafa92904f723231.jpg,healthy
/content/drive/My Drive/Colab Notebooks/apple_leaf_specialist/data/final/train/healthy/423e85186d988fcf17ff82948226a848e5c7bc993f12be5684a2650f9a86db06.jpg,healthy
/content/drive/My Drive/Colab Notebooks/apple_leaf_specialist/data/final/train/black_rot/d411df59c39fba4cd196d02bf315abbdf56a0f38060309b9cb5b27e417af3a57.jpg,black_rot
/content/drive/My Drive/Colab Notebooks/apple_leaf_specialist/data/final/train/scab/8b345dcd1a31a0343a45af6bb37bfe5c1b86164dcb527ddeb9c90f4b76101306.jpg,scab
/content/drive/My Drive/Colab Notebooks/apple_leaf_specialist/data/final/train/black_rot/ae0cd487227d455fc60cd93fbf74d35f8eb8ba5762916fa4a688b9a783243f09.jpg,black_rot
/content/drive/My Drive/Colab Notebooks/apple_leaf_specialist/data/final/train/rust/c8f7c7fc510f1df86e06e8eb0af082f0b14a61a8292b6d34efa8e38fb0f54386.jpg,rust
/content/drive/My Drive/Colab Notebooks/apple_leaf_specialist/data/final/train/rust/1379997916b829023bdc15a93709803cfb7d7566b7b5950c4cb339ee6d79bea7.jpg,rust
/content/drive/My Drive/Colab Notebooks/apple_leaf_specialist/data/final/train/black_rot/7a12d2f93a58707eceb72a4731c1730182a2ac69e45b2f0b5a345623319774c1.jpg,black_rot
/content/drive/My Drive/Colab Notebooks/apple_leaf_specialist/data/final/train/scab/6997578489ee8f08715a0d99195d67e754da0ce4e86add7f108998a9cf01a451.jpg,scab
/content/drive/My Drive/Colab Notebooks/apple_leaf_specialist/data/final/train/healthy/e096fbdc571843d646e6fb9755608ef4a0e10305b2233bb94d6e5d8d8f178771.jpg,healthy
/content/drive/My Drive/Colab Notebooks/apple_leaf_specialist/data/final/train/black_rot/b21933015bb53ddcda120fbe0160154d674c0f31576d20e0f710b69f5b79fe24.jpg,black_rot
/content/drive/My Drive/Colab Notebooks/apple_leaf_specialist/data/final/train/scab/30e768459d0db57bc1b63a38e2c6c460d614f16ab19e05e6bc8af9d057bfd9bf.jpg,scab
/content/drive/My Drive/Colab Notebooks/apple_leaf_specialist/data/final/train/scab/268219e60dcc613c8d4afdbdbf129585fdadbc53a48949fffd127ca5ea0970ae.jpg,scab
/content/drive/My Drive/Colab Notebooks/apple_leaf_specialist/data/final/train/black_rot/3ed571924fc70d0e463113703b00968a178d3eb693f1a7c74eabc242eeac709e.jpg,black_rot
/content/drive/My Drive/Colab Notebooks/apple_leaf_specialist/data/final/train/black_rot/e97ea52bb6ffc025c21849c957f7467eabe6e1315d32ce7f60422d1244a2801a.jpg,black_rot
/content/drive/My Drive/Colab Notebooks/apple_leaf_specialist/data/final/train/healthy/b18c1c96d6be81b54f3f4f42fae9c394a22ccde62283134546b13c903c5c2e40.jpg,healthy
/content/drive/My Drive/Colab Notebooks/apple_leaf_specialist/data/final/train/rust/6afa4ada66b8b59adad6721dd2d9dd6c0874bbfa66e1b7abecb08e2c3a7dadf9.jpg,rust
/content/drive/My Drive/Colab Notebooks/apple_leaf_specialist/data/final/train/rust/9cd2387b9ad056d1dcf38366690f5e088de6e654cdcde2abb6ad791f5d9e27e8.jpg,rust
/content/drive/My Drive/Colab Notebooks/apple_leaf_specialist/data/final/train/scab/0d799887c203237daf018a9d057fe8e7708ed142a5f5889f1db08f8d21a369dc.jpg,scab
/content/drive/My Drive/Colab Notebooks/apple_leaf_specialist/data/final/train/healthy/68b7abbd91bd73344d6ce14347eae98bc88d3797c844082ddb5ba7acd7e95123.jpg,healthy
/content/drive/My Drive/Colab Notebooks/apple_leaf_specialist/data/final/train/rust/7ee65c48018ebe11c9769c75faeb906a4c9cf3059f7ef92a724c4437e6e0e512.jpg,rust
/content/drive/My Drive/Colab Notebooks/apple_leaf_specialist/data/final/train/healthy/4acb2363877160c15d0b6d68cdcc4adcfbba0a9100109cea83cefbc287770c5d.jpg,healthy
/content/drive/My Drive/Colab Notebooks/apple_leaf_specialist/data/final/train/black_rot/8d5744821f6ec2afa8112cdf37ba798155d1f2c864dbddfa2a255df98be0aa2f.jpg,black_rot
/content/drive/My Drive/Colab Notebooks/apple_leaf_specialist/data/final/train/rust/ac98fa92440c6b0d6333bd193512fa083a5231a6c2089ee3033669e1e4a05c97.jpg,rust
/content/drive/My Drive/Colab Notebooks/apple_leaf_specialist/data/final/train/black_rot/675f13f85758c56409dbba36b1050a74a9446c06bf57cd3144b5bbecc510f8aa.jpg,black_rot
/content/drive/My Drive/Colab Notebooks/apple_leaf_specialist/data/final/train/black_rot/af0847e5d749d5b2a2938de599a45f223af7c57ecf335609f255f3af1e622957.jpg,black_rot
/content/drive/My Drive/Colab Notebooks/apple_leaf_specialist/data/final/train/black_rot/720d4f345633f20612cb5c33f827d92fa93c3bda17130cb520fae74c63ea4f36.jpg,black_rot
/content/drive/My Drive/Colab Notebooks/apple_leaf_specialist/data/final/train/scab/1ecd257b809d930230fc31c3efd3a3c7353de351002810dab47dcf7310f9f3c7.jpg,scab
/content/drive/My Drive/Colab Notebooks/apple_leaf_specialist/data/final/train/healthy/5be181611cc7c9facfd9b357cf60f81e6cbca0ad0f52c85f264bae8efbd8cfc0.jpg,healthy
/content/drive/My Drive/Colab Notebooks/apple_leaf_specialist/data/final/train/scab/376f80bb186e98dbf2d90d43a71fa1fa764a4357e6716d6e34288765bc4b4150.jpg,scab
/content/drive/My Drive/Colab Notebooks/apple_leaf_specialist/data/final/train/rust/0a917e28cbb611fa9f7709fac472b322e43c8e7c76a5be4896a8a12193014268.jpg,rust
/content/drive/My Drive/Colab Notebooks/apple_leaf_specialist/data/final/train/black_rot/f80155e6e37f50d4167d26f67b8e12b662f179193e372c14d75c04b1773785eb.jpg,black_rot
/content/drive/My Drive/Colab Notebooks/apple_leaf_specialist/data/final/train/healthy/fe7891cd648abe9a8150a0624db2881e98e1b2ff1d0e60ed55205b29d573d614.jpg,healthy
/content/drive/My Drive/Colab Notebooks/apple_leaf_specialist/data/final/train/scab/ad7eb3323b9cba07a0931296a157ced75b4698fc1afad344c59a5373f559bbcb.jpg,scab
/content/drive/My Drive/Colab Notebooks/apple_leaf_specialist/data/final/train/black_rot/a658d18de4da413a37abd2c16da5b0971b28366eb9e56330659f90acbab6e66e.jpg,black_rot
/content/drive/My Drive/Colab Notebooks/apple_leaf_specialist/data/final/train/healthy/2e3e4b1b345644fe7b2a9d1b0f494e657509588258ca6ab3d0d6eafff2e26bb5.jpg,healthy
/content/drive/My Drive/Colab Notebooks/apple_leaf_specialist/data/final/train/healthy/d0de2a7f2680b4a00b454dbd6403fd6245b35185861b66ab653cdb86ccd99249.jpg,healthy
/content/drive/My Drive/Colab Notebooks/apple_leaf_specialist/data/final/train/healthy/fe241b55523bd252c2be062329a21517902f7f8ce5a4f8e91a6d3a60af067e41.jpg,healthy
/content/drive/My Drive/Colab Notebooks/apple_leaf_specialist/data/final/train/healthy/db1d31b80daf22b4eed604149fe46c0d3c2b222f4340e3a40cf7c19efd4727ca.jpg,healthy
/content/drive/My Drive/Colab Notebooks/apple_leaf_specialist/data/final/train/healthy/cde5836543bddd03c0ddf76d1e7efbf0618526fa017eb3745bc09394c63af580.jpg,healthy
/content/drive/My Drive/Colab Notebooks/apple_leaf_specialist/data/final/train/black_rot/4d14bc2f4830eab4dafd80880a18800af2395ee61bc3ac920afdfa657e5c9bc6.jpg,black_rot
/content/drive/My Drive/Colab Notebooks/apple_leaf_specialist/data/final/train/healthy/1b4d3a340ec467cc0c9444f04b9edcc8d27dd9c5c96cf9ab302dffac8f0971da.jpg,healthy
/content/drive/My Drive/Colab Notebooks/apple_leaf_specialist/data/final/train/healthy/2439d71ef577088b97de5aace2d1eb85a2e4d1a59f6f4b8bbab4de07cfb33aa0.jpg,healthy
/content/drive/My Drive/Colab Notebooks/apple_leaf_specialist/data/final/train/scab/5dcde334d0d5f042f12916b99f076099b0859a7b3efbd4d6c54c1622ec9653da.jpg,scab
/content/drive/My Drive/Colab Notebooks/apple_leaf_specialist/data/final/train/scab/3392b772a4a275fe1fd52d32fe8190c3d556b6992270fe7a1ebe6021f082dd88.jpg,scab
/content/drive/My Drive/Colab Notebooks/apple_leaf_specialist/data/final/train/healthy/273b26e503e3e6820553a31da167fff13f4b1b1e7664f4039a83f557b3a6d0ab.jpg,healthy
/content/drive/My Drive/Colab Notebooks/apple_leaf_specialist/data/final/train/healthy/070acac5faed760858f0a3e5b42d5b69bf0fd406bd975c90cac1497138117460.jpg,healthy
/content/drive/My Drive/Colab Notebooks/apple_leaf_specialist/data/final/train/healthy/b1590cea5cd45cefb39ad584a6d90cd9225511f2c18415c3e96feb10f6c7832b.jpg,healthy
/content/drive/My Drive/Colab Notebooks/apple_leaf_specialist/data/final/train/healthy/1c42d4d0f786a5e0fc519255f0911ff0896903e665f8f8c8b25e0c7b64eae2c8.jpg,healthy
/content/drive/My Drive/Colab Notebooks/apple_leaf_specialist/data/final/train/healthy/5375d598551055fa3853b59f94add2d88489ca3ed8257a792fc52133504d2c7e.jpg,healthy
/content/drive/My Drive/Colab Notebooks/apple_leaf_specialist/data/final/train/black_rot/f70286fd59578629c7b69153edb26a4dd58f7965b82b8e6fa4f3b5719e25fbe8.jpg,black_rot
/content/drive/My Drive/Colab Notebooks/apple_leaf_specialist/data/final/train/healthy/2f3025fcf2c7b6bb9d258edd2b70211a4310fc14f907bc52d074848dc60b83b1.jpg,healthy
/content/drive/My Drive/Colab Notebooks/apple_leaf_specialist/data/final/train/black_rot/79a5f20b0a75bf53b25d42b0b69c5248408f0149afddb3d885e79f040a9d4a75.jpg,black_rot
/content/drive/My Drive/Colab Notebooks/apple_leaf_specialist/data/final/train/scab/d6dc444df2fd19aee83f9b570c08078739a468e19cac66e568c280404b4b7c8d.jpg,scab
/content/drive/My Drive/Colab Notebooks/apple_leaf_specialist/data/final/train/healthy/13dc1c9d06726297f3f40e6f0f2c9ca71d92c9c7be0340eb5849a6901c998256.jpg,healthy
/content/drive/My Drive/Colab Notebooks/apple_leaf_specialist/data/final/train/healthy/ae6c41c11dd39556a89fd1e874beff2c7d20753c853346a004884dfd12135f50.jpg,healthy
/content/drive/My Drive/Colab Notebooks/apple_leaf_specialist/data/final/train/healthy/f1ea56eea5d20d2e00193c5b78ea13f253263f3ddaf7eebdd8656667de801912.jpg,healthy
/content/drive/My Drive/Colab Notebooks/apple_leaf_specialist/data/final/train/black_rot/d0c9e09b7dc939a038c9f440e1b08a6bc70fd29061a47cdc7904e1cc7a5d8f59.jpg,black_rot
/content/drive/My Drive/Colab Notebooks/apple_leaf_specialist/data/final/train/black_rot/94f255fefa054e08f4e3a3c88c58142353a7686fa4fde4fc27a0a9b198b25763.jpg,black_rot
/content/drive/My Drive/Colab Notebooks/apple_leaf_specialist/data/final/train/healthy/30a712feb9c09098c986aee2e94cb3c29a6f555be969b2601dd5e73506964b97.jpg,healthy
/content/drive/My Drive/Colab Notebooks/apple_leaf_specialist/data/final/train/healthy/e48977e2b319c6e82dfee8587339498dcc0d54598e838e0834ce3272c55d4fb4.jpg,healthy
/content/drive/My Drive/Colab Notebooks/apple_leaf_specialist/data/final/train/black_rot/b1595137c5e262aa855318890005959ff686e13eb4e8d375eedb744ed1bb56b5.jpg,black_rot
/content/drive/My Drive/Colab Notebooks/apple_leaf_specialist/data/final/train/black_rot/02ffb953d09911cdf0e429ff5c0b02847d58ac108b4b8513947f5cbdbbd5a3ff.jpg,black_rot
/content/drive/My Drive/Colab Notebooks/apple_leaf_specialist/data/final/train/healthy/46809ecd4ffc4106f65a10350668b473b23554d653de0b4fce045d3f36be77b5.jpg,healthy
/content/drive/My Drive/Colab Notebooks/apple_leaf_specialist/data/final/train/healthy/03323293e1556c1b25d4978ecdb7463baa446f71edf7583ea8e2e3ae32ad336e.jpg,healthy
/content/drive/My Drive/Colab Notebooks/apple_leaf_specialist/data/final/train/healthy/4f2a9f68e1c675ea8b4c302a6ea79a25d431b9ec273f7c73327272417cb100da.jpg,healthy
/content/drive/My Drive/Colab Notebooks/apple_leaf_specialist/data/final/train/healthy/864799549c4b5d313beacfbbe15232d30e77199b1ccdbfa5f39b62f1910353f8.jpg,healthy
/content/drive/My Drive/Colab Notebooks/apple_leaf_specialist/data/final/train/healthy/9d64d1d737de0cfd1dc9fb5ecdb0d8dd2f48962a603f2cdc3176c615b4fd05a4.jpg,healthy
/content/drive/My Drive/Colab Notebooks/apple_leaf_specialist/data/final/train/healthy/1ea149c7e9c76d3c15d44b1a405003b671d70a5c491b02456dc84e9e88daa96c.jpg,healthy
/content/drive/My Drive/Colab Notebooks/apple_leaf_specialist/data/final/train/healthy/7977518337dd94090c8933686b3dc88b9af33e5f7adab7119339bbd65e58f262.jpg,healthy
/content/drive/My Drive/Colab Notebooks/apple_leaf_specialist/data/final/train/healthy/edb40383fab883c3ee4ac64414124bd847b1bb2aadf0ec63c3e700f5c6f6a791.jpg,healthy
/content/drive/My Drive/Colab Notebooks/apple_leaf_specialist/data/final/train/rust/dd65c7939a5f664b98e884be5056c127f78b4e03c058adb57df7cbe3a4c1b5bf.jpg,rust
/content/drive/My Drive/Colab Notebooks/apple_leaf_specialist/data/final/train/healthy/7fd0d6158c0a907596f7c24b4f8f63cc2da05efaa53c9bf4fa491755cd63429f.jpg,healthy
/content/drive/My Drive/Colab Notebooks/apple_leaf_specialist/data/final/train/healthy/2f2b9122f10e507ecb4d32ec05033fdd70c3e286390b9c5856c01e75a3e84f93.jpg,healthy
/content/drive/My Drive/Colab Notebooks/apple_leaf_specialist/data/final/train/healthy/8df4cb828358af938dfd9fb47ddfbd26814aaa32a111bec65ff058aac7761ebe.jpg,healthy
/content/drive/My Drive/Colab Notebooks/apple_leaf_specialist/data/final/train/scab/20b0649451b58fee9d0ac52004a863924f5a2971e3f5879cfbb7a8190c4df131.jpg,scab
/content/drive/My Drive/Colab Notebooks/apple_leaf_specialist/data/final/train/healthy/75b1e77fddf6b6ebf0be9c9c1aa73f06726168f5ae3ddb5d625633379c3b0c41.jpg,healthy
/content/drive/My Drive/Colab Notebooks/apple_leaf_specialist/data/final/train/healthy/38b8ca7a0d634539d8b5650491867247c1f58d0d8e1bd3105b9da1aac8105984.jpg,healthy
/content/drive/My Drive/Colab Notebooks/apple_leaf_specialist/data/final/train/healthy/2580fe9c98f432cbfe89ff8cdbf654afd83712bfe8d3a24f7fe32e223535d1a6.jpg,healthy
/content/drive/My Drive/Colab Notebooks/apple_leaf_specialist/data/final/train/black_rot/9f28af71e9c0a225be63459a406824218696a60b39c4a507de4356ee6c3e70e1.jpg,black_rot
/content/drive/My Drive/Colab Notebooks/apple_leaf_specialist/data/final/train/black_rot/6d62c196d75a24d9600fcef87601e0153e9ce30f3a2969a4d13e0fc528c3feb5.jpg,black_rot
/content/drive/My Drive/Colab Notebooks/apple_leaf_specialist/data/final/train/healthy/555a14fe44860487050fae6c5ccf4b4e67c884d4dc647f5213e68c2bbd03f593.jpg,healthy
/content/drive/My Drive/Colab Notebooks/apple_leaf_specialist/data/final/train/healthy/04fddc52ed1af998a0d25e03b5fb7e969288d240bee932342e631de0ec4e03e2.jpg,healthy
/content/drive/My Drive/Colab Notebooks/apple_leaf_specialist/data/final/train/rust/07f1cde82146db076058fe7f963f2904b72382ef27086ba85157de6bc66f33cb.jpg,rust
/content/drive/My Drive/Colab Notebooks/apple_leaf_specialist/data/final/train/black_rot/69f9b7a2143d7b4923e1322b8e8131fe2e8596f153ad47f2622602e32e10f576.jpg,black_rot
/content/drive/My Drive/Colab Notebooks/apple_leaf_specialist/data/final/train/black_rot/98d01d0657d068dc56950cf2a1aa93c84296e608669e31d92843e887a7a9ca32.jpg,black_rot
/content/drive/My Drive/Colab Notebooks/apple_leaf_specialist/data/final/train/healthy/5138b10ab09bae615e2f40f9996fd5dad4f430ccbf6413c26dc471be289d2957.jpg,healthy
/content/drive/My Drive/Colab Notebooks/apple_leaf_specialist/data/final/train/healthy/2e6cf7325e90d82cc69ca19158f11ce7a2a41d053b46f7c9e252cca472f0c4e2.jpg,healthy
/content/drive/My Drive/Colab Notebooks/apple_leaf_specialist/data/final/train/rust/f0fd6b314b081dfec2672f0f3c6d8e451e58a016e5cbd3dff0a9f63979ecea56.jpg,rust
/content/drive/My Drive/Colab Notebooks/apple_leaf_specialist/data/final/train/rust/bb0d3d0d5f6cbb2f42f7aae473a7e2edf2700ea93495724bc22743d972da5c93.jpg,rust
/content/drive/My Drive/Colab Notebooks/apple_leaf_specialist/data/final/train/scab/623a7640ee54f7257a8325cd06e74f837a0e970f6948a3678fd4666f41c58bf7.jpg,scab
/content/drive/My Drive/Colab Notebooks/apple_leaf_specialist/data/final/train/black_rot/6e44825cc143933cfce9a662b462b89e308af98eb833dd812f5ab35ed77cc437.jpg,black_rot
/content/drive/My Drive/Colab Notebooks/apple_leaf_specialist/data/final/train/healthy/8fa789c349798cb248e46c5c1b64c6eea81ac49b719bfaf36bfe017b9e6ede54.jpg,healthy
/content/drive/My Drive/Colab Notebooks/apple_leaf_specialist/data/final/train/healthy/b656f276daf8ef5ff2dbbf99c9f2df142e0e94dbd019313cdb4fcdddeb682c0e.jpg,healthy
/content/drive/My Drive/Colab Notebooks/apple_leaf_specialist/data/final/train/rust/e4055dcb01873f7daa9ecf5c97cafa8abc0f06907759bbc6d02fc14b7e253761.jpg,rust
/content/drive/My Drive/Colab Notebooks/apple_leaf_specialist/data/final/train/black_rot/212c84318ffe9a9039607dc80bd302982f0cdbd3d7bb8fdbdcd4db8a57ebefc4.jpg,black_rot
/content/drive/My Drive/Colab Notebooks/apple_leaf_specialist/data/final/train/healthy/6030d2dfd69deb6eb010fc697a9958ca214a66cebbacb0d72cf77664cc1fdb4b.jpg,healthy
/content/drive/My Drive/Colab Notebooks/apple_leaf_specialist/data/final/train/healthy/db642a325759bf8a0ab791cba87fe21c62e08712d3fa7c98e92cae34fff2cbf5.jpg,healthy
/content/drive/My Drive/Colab Notebooks/apple_leaf_specialist/data/final/train/healthy/5831bf32c75e141196a9f7f9f555f13d75ce9caf25c8d1c94275d101809e1fa6.jpg,healthy
/content/drive/My Drive/Colab Notebooks/apple_leaf_specialist/data/final/train/scab/03cd1182437784b975912cece9e6081509362c165ac540d96db20c49e0a2d4d1.jpg,scab
/content/drive/My Drive/Colab Notebooks/apple_leaf_specialist/data/final/train/rust/29e778e7617cfbae182979b6d5f5b9e6807225922be06dea25b7f4ac5083fb11.jpg,rust
/content/drive/My Drive/Colab Notebooks/apple_leaf_specialist/data/final/train/rust/13a3c6a35e063af569e5c773000e8aa7ae4fab32e7ee0b9ecdaa3c6db4e0ca47.jpg,rust
/content/drive/My Drive/Colab Notebooks/apple_leaf_specialist/data/final/train/healthy/c9cf05e8f0624e95e12634cb554ba54c63015add7355ab02eab2ae058422ffca.jpg,healthy
/content/drive/My Drive/Colab Notebooks/apple_leaf_specialist/data/final/train/healthy/ded271851689d334042a370ef96570f63f037f52ee5ddad56ea6a034dd56d566.jpg,healthy
/content/drive/My Drive/Colab Notebooks/apple_leaf_specialist/data/final/train/scab/8a4643fc1136dd875a4dc230dd1a1f55d93d61061c51364c91701dd23ed45dcc.jpg,scab
/content/drive/My Drive/Colab Notebooks/apple_leaf_specialist/data/final/train/black_rot/67f411021d85e3610769db43c30ce885c40ddf0fecfc6743af3c51b4f2466fa2.jpg,black_rot
/content/drive/My Drive/Colab Notebooks/apple_leaf_specialist/data/final/train/healthy/fb83dfb8330ce72d23bbed95dd622881d8ae447d643db4175fd589e80b707d3e.jpg,healthy
/content/drive/My Drive/Colab Notebooks/apple_leaf_specialist/data/final/train/black_rot/0c332ce34616eacd03bcaaf4b6054bc1877c22a12a930f6c02423fd2fca5ca54.jpg,black_rot
/content/drive/My Drive/Colab Notebooks/apple_leaf_specialist/data/final/train/healthy/92e2abe10e2fa065c751fae9581f22cc46f7eeca60d3022cc077d3c94db32b15.jpg,healthy
/content/drive/My Drive/Colab Notebooks/apple_leaf_specialist/data/final/train/healthy/7cef725842e02bbe32b624e058c57d83ea6bbc97620ba0f38e3e3eac6167de99.jpg,healthy
/content/drive/My Drive/Colab Notebooks/apple_leaf_specialist/data/final/train/rust/42a9ad27b4171796d85124f6c39cbc377fb783906d8b7a82b0a54b1787e8b1fc.jpg,rust
/content/drive/My Drive/Colab Notebooks/apple_leaf_specialist/data/final/train/healthy/4a9631bcd3aadb38677ec8605cf0786234e19668aaeb89d8b57fe0c02f909ab8.jpg,healthy
/content/drive/My Drive/Colab Notebooks/apple_leaf_specialist/data/final/train/black_rot/becdda18157207eb6805c9a9d24070353ecb53356b99670695e1c033899f24d0.jpg,black_rot
/content/drive/My Drive/Colab Notebooks/apple_leaf_specialist/data/final/train/black_rot/12af951de44e19277e0ad7b40324affa7ef026abd46ff91e3f6564b76713c6f6.jpg,black_rot
/content/drive/My Drive/Colab Notebooks/apple_leaf_specialist/data/final/train/scab/5c4df1aa2975e99f912ce49df27a297a9a6ec9e9c17bbef70521de5e9a95af4e.jpg,scab
/content/drive/My Drive/Colab Notebooks/apple_leaf_specialist/data/final/train/healthy/9478afdcca5d33f70ac3d1d3c542ca6d6edbb7c466d10ed808c588631c2ab3fc.jpg,healthy
/content/drive/My Drive/Colab Notebooks/apple_leaf_specialist/data/final/train/healthy/369516e33a9133f101ca5947dd28a5ff08093426a5c11d67ec172b15740e07d2.jpg,healthy
/content/drive/My Drive/Colab Notebooks/apple_leaf_specialist/data/final/train/healthy/d55cabd147f2db3c72a3591c096148a8d5af6edd73c73d8d2f9dede2db419eda.jpg,healthy
/content/drive/My Drive/Colab Notebooks/apple_leaf_specialist/data/final/train/healthy/0776052d343261531a0fb7bd2cfaa254df1638c22573e587651b2ff453ddbd26.jpg,healthy
/content/drive/My Drive/Colab Notebooks/apple_leaf_specialist/data/final/train/healthy/a0adf9b2467453dfa36476dad807d0e00b61551244e99bcabb36f8a29fb2169c.jpg,healthy
/content/drive/My Drive/Colab Notebooks/apple_leaf_specialist/data/final/train/scab/a3d411ba523bc156d64e361118a0a7e2c5cc00f177cb95bf385c1a59d5133521.jpg,scab
/content/drive/My Drive/Colab Notebooks/apple_leaf_specialist/data/final/train/scab/0a4a5f9590d47853fec1eb0de4a4b4927d97ff187f54ad25dd36c74753117be7.jpg,scab
/content/drive/My Drive/Colab Notebooks/apple_leaf_specialist/data/final/train/rust/ea60bd1a4e34a054c724dc1db58ee43128843aa398dba5478b51fcc31640453a.jpg,rust
/content/drive/My Drive/Colab Notebooks/apple_leaf_specialist/data/final/train/black_rot/d550dea1eb986ef66dd565e0505522276025e88332525fd79ce832dc4d1258b1.jpg,black_rot
/content/drive/My Drive/Colab Notebooks/apple_leaf_specialist/data/final/train/black_rot/d1a2919d0c9a2f09d4f239b510a059e39ddbeb511883aa0905315218cba2e864.jpg,black_rot
/content/drive/My Drive/Colab Notebooks/apple_leaf_specialist/data/final/train/healthy/ce2dce79b7f74103aa3d17751186ae55d9968fd1dec50c04c48037b1321338e1.jpg,healthy
/content/drive/My Drive/Colab Notebooks/apple_leaf_specialist/data/final/train/scab/72937663b01c89d2d1d7607f39c730345d1ba40007bad0ca974ee78cec75878f.jpg,scab
/content/drive/My Drive/Colab Notebooks/apple_leaf_specialist/data/final/train/rust/399dc48277ecaad732c7b81b43e4cb6605f1d5c61c5c098e4fa05aac2c24a626.jpg,rust
/content/drive/My Drive/Colab Notebooks/apple_leaf_specialist/data/final/train/healthy/30e8ced3dd2b89f36670ecf2c8452fe7aa08bb728379ff7346f8406485f48641.jpg,healthy
/content/drive/My Drive/Colab Notebooks/apple_leaf_specialist/data/final/train/black_rot/b3a243368686416671376efe0bb485d0fcf86a7c4cfe4956c0af94ee58658736.jpg,black_rot
/content/drive/My Drive/Colab Notebooks/apple_leaf_specialist/data/final/train/healthy/e190b5298469e653b02085ad063a4013afb5787ede51449d046eaaa11cddc1f5.jpg,healthy
/content/drive/My Drive/Colab Notebooks/apple_leaf_specialist/data/final/train/black_rot/2845574cd64fea4e907d7dd95e19b363f58947e5bde3c15b357ae3b0db4b4613.jpg,black_rot
/content/drive/My Drive/Colab Notebooks/apple_leaf_specialist/data/final/train/scab/1f4471643909a7d26ac2a6c61eb8b74a2c21b075c55a060da505d58e73d1cd65.jpg,scab
/content/drive/My Drive/Colab Notebooks/apple_leaf_specialist/data/final/train/black_rot/ee87d01011bb6d43d406ea4a773e557528cbbd97674f96e12c28fd1d40c94af1.jpg,black_rot
/content/drive/My Drive/Colab Notebooks/apple_leaf_specialist/data/final/train/rust/cde934f812b5048bbead8930939af2a341f83c403e2f12a793bff71315e891f3.jpg,rust
/content/drive/My Drive/Colab Notebooks/apple_leaf_specialist/data/final/train/healthy/4e221a5088d4e0d374429dc7f35a8701129a49933e67d59d0ddfd2ccc1732f00.jpg,healthy
/content/drive/My Drive/Colab Notebooks/apple_leaf_specialist/data/final/train/healthy/8a109308aa943cb6d74303e8e586a8dba396ae554d022b6320bcbc3fe444d179.jpg,healthy
/content/drive/My Drive/Colab Notebooks/apple_leaf_specialist/data/final/train/black_rot/c7dd8180bb805023077e8522bde4fc86b759b190d37328c2463e12f8516b467f.jpg,black_rot
/content/drive/My Drive/Colab Notebooks/apple_leaf_specialist/data/final/train/healthy/3bfd66d41b73e21d109e3a3e27c57090112b06ef67bcf51c3b276da991a05a29.jpg,healthy
/content/drive/My Drive/Colab Notebooks/apple_leaf_specialist/data/final/train/healthy/ce474c0ba5e2158adf99dd27164600b9d3211a4fdda3d8b8142874a9039cf9c8.jpg,healthy
/content/drive/My Drive/Colab Notebooks/apple_leaf_specialist/data/final/train/black_rot/4b0d63fc18ec4418b02b0592c2f9a4bc41f5e33c0907d6cf7e3f3c12b08fbde9.jpg,black_rot
/content/drive/My Drive/Colab Notebooks/apple_leaf_specialist/data/final/train/healthy/456d95d3e9ce10a3a16ded981de4531adb022288b0ae563ecfbcd5edd7c60546.jpg,healthy
/content/drive/My Drive/Colab Notebooks/apple_leaf_specialist/data/final/train/rust/a2bf1cc30d639bc23a81a346b8b3792a16a2e4dcd90d8b2aa7a8bc42d7113450.jpg,rust
/content/drive/My Drive/Colab Notebooks/apple_leaf_specialist/data/final/train/healthy/e68e8548a0c4f133253e192f0d24596073c8557fc381158cb3489fe26d8eaa67.jpg,healthy
/content/drive/My Drive/Colab Notebooks/apple_leaf_specialist/data/final/train/black_rot/f54375e48d9c699c583071a11c07e76b0614f58bd48c49414b9f0139a2e4753c.jpg,black_rot
/content/drive/My Drive/Colab Notebooks/apple_leaf_specialist/data/final/train/healthy/8a79f6e1954ec5192bb61d224a0c6ca728a9409740e0ae4c7b13c1ced3cd9706.jpg,healthy
/content/drive/My Drive/Colab Notebooks/apple_leaf_specialist/data/final/train/healthy/040d258aa9f27a89730aeb32547f8914ea7d7bebfec7be48d3065abd2c5e1fae.jpg,healthy
/content/drive/My Drive/Colab Notebooks/apple_leaf_specialist/data/final/train/black_rot/ea1f21174906f1211eea1fdcf49470d0aaa02a212ff3128a1947e9c7a06f85d6.jpg,black_rot
/content/drive/My Drive/Colab Notebooks/apple_leaf_specialist/data/final/train/rust/ec9c8061b9e29e255607f99ffa7c63541047f70db82681e3411674b2c6f22ee1.jpg,rust
/content/drive/My Drive/Colab Notebooks/apple_leaf_specialist/data/final/train/black_rot/0258fd22a9a9e5845e21d795e5ab1fad443fd8e714f5f0d380c4e86d63029891.jpg,black_rot
/content/drive/My Drive/Colab Notebooks/apple_leaf_specialist/data/final/train/scab/daa61373200a1c1f4be9c1cad932f813f0dd6db2659a95f81a30eeb8768480d0.jpg,scab
/content/drive/My Drive/Colab Notebooks/apple_leaf_specialist/data/final/train/rust/a6802bb193a99ec01a97e81b765643446bba8dfbc62863676d589a9e3061e001.jpg,rust
/content/drive/My Drive/Colab Notebooks/apple_leaf_specialist/data/final/train/scab/4c6f3ed858dbd33d8950f302cf4dabdc133f20df2b26ece4f4511287d0ec0cad.jpg,scab
/content/drive/My Drive/Colab Notebooks/apple_leaf_specialist/data/final/train/healthy/49ea01b88987f7745935ab80e4841853651196bf5266781004519143723e358e.jpg,healthy
/content/drive/My Drive/Colab Notebooks/apple_leaf_specialist/data/final/train/healthy/e118ca489c2d245a022f89cf8ad7580d99aedb3fd8f29188ba71cae9b28efdb8.jpg,healthy
/content/drive/My Drive/Colab Notebooks/apple_leaf_specialist/data/final/train/healthy/0e4dd343ec9cad7420efbbd5e56965ca52dde353f3419469715c0e5c3e793158.jpg,healthy
/content/drive/My Drive/Colab Notebooks/apple_leaf_specialist/data/final/train/black_rot/e261636d54c4b561a6959f6276e3496444b145215e07d69634e5de4f2dd3606c.jpg,black_rot
/content/drive/My Drive/Colab Notebooks/apple_leaf_specialist/data/final/train/healthy/e5f8a32fff4c641ee754b4671292bc08b98be3c373926c51f0f9dd7e15306aa1.jpg,healthy
/content/drive/My Drive/Colab Notebooks/apple_leaf_specialist/data/final/train/healthy/6cb823e19353391c1568b390dcd28286928b364095b1e7acadc005ebf7b4ea7c.jpg,healthy
/content/drive/My Drive/Colab Notebooks/apple_leaf_specialist/data/final/train/healthy/94acc880f970fe87986c4d77f806c937a8430e15d961c02ce6bdfbcc9e428174.jpg,healthy
/content/drive/My Drive/Colab Notebooks/apple_leaf_specialist/data/final/train/healthy/8901ac263e92052ca0f11a9bf5f293b37d33aac3123a4de382aa072969132485.jpg,healthy
/content/drive/My Drive/Colab Notebooks/apple_leaf_specialist/data/final/train/healthy/7bca82ab4a143bee5f3cdaa92bb09ca6349b5ef4a94cf4daec15cc9464cf6088.jpg,healthy
/content/drive/My Drive/Colab Notebooks/apple_leaf_specialist/data/final/train/healthy/a0544a1403d9aa6157ed3cf603af6f2c8df3d86a48252e7ad96278f25ba75d10.jpg,healthy
/content/drive/My Drive/Colab Notebooks/apple_leaf_specialist/data/final/train/healthy/cd2bce4e0e99316b35adc999039f30d2ee3690da9376b1e5ce4c6910a050d80f.jpg,healthy
/content/drive/My Drive/Colab Notebooks/apple_leaf_specialist/data/final/train/healthy/cb13d922763d8e706b17588eddc028624bec87b9c2e8c472bfa432f8a63d5eb1.jpg,healthy
/content/drive/My Drive/Colab Notebooks/apple_leaf_specialist/data/final/train/scab/8cde88ad24fa9e4dd0d0aa2ecd8ecfc41d01bf36597eb001aa327391b20cb583.jpg,scab
/content/drive/My Drive/Colab Notebooks/apple_leaf_specialist/data/final/train/black_rot/4cd3eba94a51ef46d04ec3416d6f3b0c9f9673b79ad74ac95163b6c485df0678.jpg,black_rot
/content/drive/My Drive/Colab Notebooks/apple_leaf_specialist/data/final/train/scab/74130a81a8f2b921ee8c077e8507cbeb6a7b3023c12910a645e08ce673d63e8d.jpg,scab
/content/drive/My Drive/Colab Notebooks/apple_leaf_specialist/data/final/train/black_rot/0c226e006f1b7f37acb54eadfe2188be31e777035f031720aee6334655484079.jpg,black_rot
/content/drive/My Drive/Colab Notebooks/apple_leaf_specialist/data/final/train/scab/fa0bc7d1c10dd97cfc07dc3779817bc65a9a88bcf5a6af42bfa97ff20734d2cc.jpg,scab
/content/drive/My Drive/Colab Notebooks/apple_leaf_specialist/data/final/train/black_rot/213f6a70361ff956a579b63e36eb8611d3a43d2c1521b8157ed1a500005225d4.jpg,black_rot
/content/drive/My Drive/Colab Notebooks/apple_leaf_specialist/data/final/train/healthy/3501418cd22e37341681dc30cec3e0a491ece92fc9dba3b497d9193a056298a2.jpg,healthy
/content/drive/My Drive/Colab Notebooks/apple_leaf_specialist/data/final/train/scab/8e2f36895723be172eee29be0bbda2cb4242d03680b281c7e96818bc4ad924b4.jpg,scab
/content/drive/My Drive/Colab Notebooks/apple_leaf_specialist/data/final/train/black_rot/e05f9a519723cb5e7f2d95946f7a6ca821dd56e7a7c990f1da49c5d3d50784be.jpg,black_rot
/content/drive/My Drive/Colab Notebooks/apple_leaf_specialist/data/final/train/healthy/cc83e9f80348dbb1d4c6d54e518a9dccc21a7fc2e61ceb99fd2bc87c12694abc.jpg,healthy
/content/drive/My Drive/Colab Notebooks/apple_leaf_specialist/data/final/train/black_rot/77e91707d82e2bab47d211b88a8589ffdbaba1e4510e88e90f590cc862ca7e16.jpg,black_rot
/content/drive/My Drive/Colab Notebooks/apple_leaf_specialist/data/final/train/healthy/346ef0a93287aae5772d67f0f50e209b774ef7b2b7cb37073ed50038cd6b698b.jpg,healthy
/content/drive/My Drive/Colab Notebooks/apple_leaf_specialist/data/final/train/healthy/8888dd6fe8503125364bf47506084162ca3b9c55132323edf1bb61f7040b3c92.jpg,healthy
/content/drive/My Drive/Colab Notebooks/apple_leaf_specialist/data/final/train/scab/07058b09ed37e2312c73e1a1376d33f31906c26f941578167f9480cebad12f9c.jpg,scab
/content/drive/My Drive/Colab Notebooks/apple_leaf_specialist/data/final/train/scab/07c0c9a7585289c0d86db40899cc908b470fbacd3224a181115fdefe1f43d1c9.jpg,scab
/content/drive/My Drive/Colab Notebooks/apple_leaf_specialist/data/final/train/healthy/89b7142c03da474ac3f410e45b8fab67c94345580788b4d7c5fa990963d3dd42.jpg,healthy
/content/drive/My Drive/Colab Notebooks/apple_leaf_specialist/data/final/train/black_rot/ae483f044e0c0a3b9e7b0ad0dca25308674bee85b5707b3800e4f3edaa53afa7.jpg,black_rot
/content/drive/My Drive/Colab Notebooks/apple_leaf_specialist/data/final/train/healthy/a72fbc3bc3f4b694ea2f1e041c131d50a4292da9370ce6eaeb1eb6220d293a05.jpg,healthy
/content/drive/My Drive/Colab Notebooks/apple_leaf_specialist/data/final/train/black_rot/bb8b8a1331dd4ae22128d83eb882631d02b9dba3b6b0e5e325e5d1db8b9123b3.jpg,black_rot
/content/drive/My Drive/Colab Notebooks/apple_leaf_specialist/data/final/train/black_rot/b1ee26bf8b077a3f3dccfac419cc0aec44a8f7bcba3a3277b975142d6606ed67.jpg,black_rot
/content/drive/My Drive/Colab Notebooks/apple_leaf_specialist/data/final/train/scab/0086dc58e26e5aada6cf9086e7860534855143f5e1a8098236ad9802366a3f75.jpg,scab
/content/drive/My Drive/Colab Notebooks/apple_leaf_specialist/data/final/train/healthy/8f7eb7e6c912c4e68a3463fc7bce0b19b3ef0f8c747f73e7a5fbbdef157760d7.jpg,healthy
/content/drive/My Drive/Colab Notebooks/apple_leaf_specialist/data/final/train/healthy/9cab826daeb86ff663086c44ce60dc90f4db422ca47154d1cc459fa3a1f80261.jpg,healthy
/content/drive/My Drive/Colab Notebooks/apple_leaf_specialist/data/final/train/scab/c1c5ace32c718bbd37be446ed61d451c7717957d56e37d6b3630f3a4d15ad3b5.jpg,scab
/content/drive/My Drive/Colab Notebooks/apple_leaf_specialist/data/final/train/black_rot/87e5fb9a1743dcce3403fe95610d21d8c5ad8e706ef2f7b2247ebbc819c38c8d.jpg,black_rot
/content/drive/My Drive/Colab Notebooks/apple_leaf_specialist/data/final/train/scab/f71a5f76376ad74833e62ca788de582645b90d3744e2ee16208d921ed0c04788.jpg,scab
/content/drive/My Drive/Colab Notebooks/apple_leaf_specialist/data/final/train/rust/fbe8a5f943263050699d31bfb851cecab6b6ff9f4c0d363c63b2913185e6f1e3.jpg,rust
/content/drive/My Drive/Colab Notebooks/apple_leaf_specialist/data/final/train/healthy/99b77dbbcf768dfc75adb68cf89ec7555f99b6e85006d5beedac5b5b748c8bee.jpg,healthy
/content/drive/My Drive/Colab Notebooks/apple_leaf_specialist/data/final/train/healthy/db326e5cf07156c963b1af556bf056d5c2599fedbceac7baa5709753c8dcd46d.jpg,healthy
/content/drive/My Drive/Colab Notebooks/apple_leaf_specialist/data/final/train/black_rot/009398065c88cc065ed21ac285d6821fe27d0698a95e7d91f2e411aab939fa64.jpg,black_rot
/content/drive/My Drive/Colab Notebooks/apple_leaf_specialist/data/final/train/scab/6720e9bbd0370862da0f443d94a81cb4f610054776cd0cd8d50a40e19d5331bf.jpg,scab
/content/drive/My Drive/Colab Notebooks/apple_leaf_specialist/data/final/train/scab/9ab4e5511db41842a7cc80ef83b305d5d6b049b2d161ae78ee71c71a96864be7.jpg,scab
/content/drive/My Drive/Colab Notebooks/apple_leaf_specialist/data/final/train/healthy/8e67566951a286167e50f60bd04b995d2649ac7cb300df22867dae24fe059e80.jpg,healthy
/content/drive/My Drive/Colab Notebooks/apple_leaf_specialist/data/final/train/healthy/092ca2697ff77abdf3789e963a2a083dbd33cc1ee69761ba508248a3b7c3e8ca.jpg,healthy
/content/drive/My Drive/Colab Notebooks/apple_leaf_specialist/data/final/train/black_rot/bb4cef54272f70e87d3138a1e37790129689462773f603476e33c96a382c6c53.jpg,black_rot
/content/drive/My Drive/Colab Notebooks/apple_leaf_specialist/data/final/train/healthy/85ec090e02d9c4d3638e1dd9fe90104e1691b1438315add2500f0f37c4aaea3e.jpg,healthy
/content/drive/My Drive/Colab Notebooks/apple_leaf_specialist/data/final/train/healthy/484044150daf89ac55b22f095639e8dca4c6a41f37613fead2f82aa5cab24a33.jpg,healthy
/content/drive/My Drive/Colab Notebooks/apple_leaf_specialist/data/final/train/black_rot/a2632928e89cd2f356de6d84f591a4d8ace0ef3e42e6e6e00f6ea1578df941cd.jpg,black_rot
/content/drive/My Drive/Colab Notebooks/apple_leaf_specialist/data/final/train/black_rot/ecd8372b2001595927296b2c4aa1e04bc3c4325d0648771f44a281643dd2069b.jpg,black_rot
/content/drive/My Drive/Colab Notebooks/apple_leaf_specialist/data/final/train/healthy/9c1feb8173f73f173372c7d157b9f8a48171dc536424e75fff7480a09f083103.jpg,healthy
/content/drive/My Drive/Colab Notebooks/apple_leaf_specialist/data/final/train/healthy/f857bd00ddf2c1211652cc2daefd5270ae1008806cd29741e70e2eb228b2a4a7.jpg,healthy
/content/drive/My Drive/Colab Notebooks/apple_leaf_specialist/data/final/train/rust/2ff3f44e2f88800272d5fd777ebb67ea4acb32a5793bb022bb119c3a0f4ea028.jpg,rust
/content/drive/My Drive/Colab Notebooks/apple_leaf_specialist/data/final/train/healthy/29bf51cf475478ea81efc2266f3fa9911520f5afb64e000f316b5f468279c142.jpg,healthy
/content/drive/My Drive/Colab Notebooks/apple_leaf_specialist/data/final/train/healthy/c7ea8cbe171da3a4ae8fdd0e4421fd81967b691cacf0f25410a255625df96a0e.jpg,healthy
/content/drive/My Drive/Colab Notebooks/apple_leaf_specialist/data/final/train/scab/2ed29706df3ced08e492a1446605c33c4cbbedb51663bd96aa003970ccd6b7dd.jpg,scab
/content/drive/My Drive/Colab Notebooks/apple_leaf_specialist/data/final/train/healthy/957ae62e9a1dfc5367da3c1d027ca0ad51a8cca58f7664bb8715e925fdec21b8.jpg,healthy
/content/drive/My Drive/Colab Notebooks/apple_leaf_specialist/data/final/train/healthy/e5bcf57e63adc0e4d60a78799e7c84bebd0314299de4fa30beb8af1bba5c257c.jpg,healthy
/content/drive/My Drive/Colab Notebooks/apple_leaf_specialist/data/final/train/healthy/2aabdfdd805410213e5996dbe9022ec253e6955d9200e1783183545e380bf682.jpg,healthy
/content/drive/My Drive/Colab Notebooks/apple_leaf_specialist/data/final/train/healthy/c3534403c2f35b798e6c9f7cf0e72dd72f0e3f8c7a22d7a8421704b69c65c108.jpg,healthy
/content/drive/My Drive/Colab Notebooks/apple_leaf_specialist/data/final/train/healthy/71cd5ce450dbf51f3ac3d1414f097f7853b51e5f363a6c5c1153d650a11652a7.jpg,healthy
/content/drive/My Drive/Colab Notebooks/apple_leaf_specialist/data/final/train/healthy/3f3042da46b0965302ebac40a392c123882f5c5b59d2530a6eed7ad6dfa19c55.jpg,healthy
/content/drive/My Drive/Colab Notebooks/apple_leaf_specialist/data/final/train/healthy/ac81cf4ce498f36d16326c49a64700666e95ee1423af926a0c5034c47d6618eb.jpg,healthy
/content/drive/My Drive/Colab Notebooks/apple_leaf_specialist/data/final/train/black_rot/eca273b59f640af61bac609db297747df751dc9a2d238330e7d950816a643bad.jpg,black_rot
/content/drive/My Drive/Colab Notebooks/apple_leaf_specialist/data/final/train/black_rot/494aaea4f106ba751abe003a93c3e64b7096c47f341dff68f1a793d4c1d65060.jpg,black_rot
/content/drive/My Drive/Colab Notebooks/apple_leaf_specialist/data/final/train/healthy/6415fe7ee16ec6195aba936fe1a365417c6556d29080fc5ef17e08c05f9a3e25.jpg,healthy
/content/drive/My Drive/Colab Notebooks/apple_leaf_specialist/data/final/train/healthy/3271bca98157edda514cb2f95a8c34f325e926c70e6aae301f9e45c15d9d9531.jpg,healthy
/content/drive/My Drive/Colab Notebooks/apple_leaf_specialist/data/final/train/healthy/8ea92a63748a565acd0c748ab4ba137c10f1e41147eb246922f8aea3dad6076e.jpg,healthy
/content/drive/My Drive/Colab Notebooks/apple_leaf_specialist/data/final/train/black_rot/b66e633615ff7b42d2806a7b0d0254f9f782f4b8fc118eb9b4b173a41c54caaa.jpg,black_rot
/content/drive/My Drive/Colab Notebooks/apple_leaf_specialist/data/final/train/healthy/dda4c85ec506408adda0ab74472c0a8e26ee49b25bf15b0690d93261c9475e02.jpg,healthy
/content/drive/My Drive/Colab Notebooks/apple_leaf_specialist/data/final/train/scab/76c1cc311b38a7d242bcc7771c110020facdfcca31b106021e01137e9352432f.jpg,scab
/content/drive/My Drive/Colab Notebooks/apple_leaf_specialist/data/final/train/healthy/be16d48e2511596ae1625e398257f4ca888b577fe3a0338cbf5bcb479a12a80b.jpg,healthy
/content/drive/My Drive/Colab Notebooks/apple_leaf_specialist/data/final/train/scab/affaaa5a42a489335bb8d1cbb8b256bd693eba558b1f9ad29c5970b11207ef40.jpg,scab
/content/drive/My Drive/Colab Notebooks/apple_leaf_specialist/data/final/train/healthy/81c009d5a58adf687fa2905dd155eabfb71b5380013beae450785fdb9d2a121e.jpg,healthy
/content/drive/My Drive/Colab Notebooks/apple_leaf_specialist/data/final/train/healthy/c8995fb59c6450fd442039a92e9f94d6dab6cb64e90fbc3ec39fa6d33ddd8ac8.jpg,healthy
/content/drive/My Drive/Colab Notebooks/apple_leaf_specialist/data/final/train/black_rot/07aca7186540dfcd19d7957697e127966cd3c62c96a55576735a748aa7507361.jpg,black_rot
/content/drive/My Drive/Colab Notebooks/apple_leaf_specialist/data/final/train/healthy/8dff89c32f82d291dc01e5bbdf5794d326b86eaf7b9f9e3b7a8ca36a05878bd8.jpg,healthy
/content/drive/My Drive/Colab Notebooks/apple_leaf_specialist/data/final/train/black_rot/cd3e6b19d2d5f872c3b526424770d6ca7d6062b3e329b20d08cc35251d931a25.jpg,black_rot
/content/drive/My Drive/Colab Notebooks/apple_leaf_specialist/data/final/train/healthy/952cac5bd1faa68f4ae2e67672ddea331e0af2642ffac31fbb4378744ad46adc.jpg,healthy
/content/drive/My Drive/Colab Notebooks/apple_leaf_specialist/data/final/train/healthy/68526e786c9cef5db393a51499dfe188eb25d6660b161514a6789ae5e64881a4.jpg,healthy
/content/drive/My Drive/Colab Notebooks/apple_leaf_specialist/data/final/train/healthy/7940e56989ad9ab3dddea866a4ecb8665d38f431526e468ba66a571412c9007e.jpg,healthy
/content/drive/My Drive/Colab Notebooks/apple_leaf_specialist/data/final/train/healthy/35d8baaee4140543d99a5d64ea64601b051ae36f1aea923e6f546db73d9dc3bb.jpg,healthy
/content/drive/My Drive/Colab Notebooks/apple_leaf_specialist/data/final/train/healthy/ca726fc021bd8a857aaff16670ef494f472d948c0aedfec88c9083133f388656.jpg,healthy
/content/drive/My Drive/Colab Notebooks/apple_leaf_specialist/data/final/train/scab/f7a88f79fbb0ef3628f5c414faf9c222551c1d67c04b78c278f238edc87a79c7.jpg,scab
/content/drive/My Drive/Colab Notebooks/apple_leaf_specialist/data/final/train/healthy/fbfa6958976426f45d6fcfdef3072846d42e54eddc9114a308482a4f1331e569.jpg,healthy
/content/drive/My Drive/Colab Notebooks/apple_leaf_specialist/data/final/train/healthy/e5372d52dd47a91a52d62a40c81fcae02622a754cdbe6a93c3afe8294ffec46c.jpg,healthy
/content/drive/My Drive/Colab Notebooks/apple_leaf_specialist/data/final/train/black_rot/1eb32a4792c3a113902abc861eb48d181c317042202dadcbb7c0717343d79fff.jpg,black_rot
/content/drive/My Drive/Colab Notebooks/apple_leaf_specialist/data/final/train/healthy/343485cf72b916c645d2c53f6ce1f5c6eb3c9e5eaf7a6b37e59050f643b3fa3b.jpg,healthy
/content/drive/My Drive/Colab Notebooks/apple_leaf_specialist/data/final/train/black_rot/915b2a6d7853e6ec4af2d4c77d0b21dd0311d0a0fd1653ddd4527b6adfddea07.jpg,black_rot
/content/drive/My Drive/Colab Notebooks/apple_leaf_specialist/data/final/train/healthy/f79a024ec78f74c7f1502f9e48c42d47ed2eb6719ea7cae3a360dce3497de38e.jpg,healthy
/content/drive/My Drive/Colab Notebooks/apple_leaf_specialist/data/final/train/scab/ca8c5f81d263fc11abb1a160274b04225193aae3e36055ae4f60076db8b9b387.jpg,scab
/content/drive/My Drive/Colab Notebooks/apple_leaf_specialist/data/final/train/black_rot/93ab092e23a741009dbebf47e74b356d12f09be96fa4fd7a2a4c0ec453f5cd96__aug_20251014043101_0.jpg,black_rot
/content/drive/My Drive/Colab Notebooks/apple_leaf_specialist/data/final/train/black_rot/2caa9e521b41ef6dd26a453b56ac9c69a79ba66ae65b807e6d56b60befaeeec1__aug_20251014043101_1.jpg,black_rot
/content/drive/My Drive/Colab Notebooks/apple_leaf_specialist/data/final/train/black_rot/6e591d830fc3af83659bf46aed61e66c4a4a6910f7b8e782d9f96131344e1878__aug_20251014043101_2.jpg,black_rot
/content/drive/My Drive/Colab Notebooks/apple_leaf_specialist/data/final/train/black_rot/cdfd3318cebbbee3f34f5a732ee7c3580d1b0cde26339f533c7618fcbbf1766d__aug_20251014043101_3.jpg,black_rot
/content/drive/My Drive/Colab Notebooks/apple_leaf_specialist/data/final/train/black_rot/02ffb953d09911cdf0e429ff5c0b02847d58ac108b4b8513947f5cbdbbd5a3ff__aug_20251014043101_4.jpg,black_rot
/content/drive/My Drive/Colab Notebooks/apple_leaf_specialist/data/final/train/black_rot/18aa6dbc439b0d74f3ff75589ade6c070775f9702f72cd7f7253b56ea96289be__aug_20251014043101_5.jpg,black_rot
/content/drive/My Drive/Colab Notebooks/apple_leaf_specialist/data/final/train/black_rot/52804e1c269f0480082b888ed0c757f435f1d9a94f74e5fba86f3b69604d21af__aug_20251014043101_6.jpg,black_rot
/content/drive/My Drive/Colab Notebooks/apple_leaf_specialist/data/final/train/black_rot/1bed0e392ce6887d37c989617e4e25420027df9a4fc72e606c9a4cb3017abf42__aug_20251014043101_7.jpg,black_rot
/content/drive/My Drive/Colab Notebooks/apple_leaf_specialist/data/final/train/black_rot/25d643f46e713d523796c9cce200d5ee03075408b46faf091d9747ad40e641c7__aug_20251014043101_8.jpg,black_rot
/content/drive/My Drive/Colab Notebooks/apple_leaf_specialist/data/final/train/black_rot/aac36b1785c3a126ec4d3127c8dc53b0d8cc8cf31d280b014ec1f6afc62ac9cc__aug_20251014043101_9.jpg,black_rot
/content/drive/My Drive/Colab Notebooks/apple_leaf_specialist/data/final/train/black_rot/a2632928e89cd2f356de6d84f591a4d8ace0ef3e42e6e6e00f6ea1578df941cd__aug_20251014043101_10.jpg,black_rot
/content/drive/My Drive/Colab Notebooks/apple_leaf_specialist/data/final/train/black_rot/f9f13228cdb498f8dfcc73dde8a266358cde8e736de8eb144a5b12b059ae4f54__aug_20251014043101_11.jpg,black_rot
/content/drive/My Drive/Colab Notebooks/apple_leaf_specialist/data/final/train/black_rot/9f78b75038cf7a8124f8961402068b75e3bbbf58e8a5b9757ecc577b2e5a1c60__aug_20251014043101_12.jpg,black_rot
/content/drive/My Drive/Colab Notebooks/apple_leaf_specialist/data/final/train/black_rot/3d44dd2fead9281f29838586cfffdc968ca07e5433c42d2598193883c04ff6c4__aug_20251014043101_13.jpg,black_rot
/content/drive/My Drive/Colab Notebooks/apple_leaf_specialist/data/final/train/black_rot/5f80ab6b61f867c7dcc9848ad2c75b4bcb8846c8777cf380bdc2af3032b02554__aug_20251014043101_14.jpg,black_rot
/content/drive/My Drive/Colab Notebooks/apple_leaf_specialist/data/final/train/black_rot/081affb869518eaecf4060ec9457f05b7d99e6bbb6856382d731e5e9979d399d__aug_20251014043101_15.jpg,black_rot
/content/drive/My Drive/Colab Notebooks/apple_leaf_specialist/data/final/train/black_rot/212c84318ffe9a9039607dc80bd302982f0cdbd3d7bb8fdbdcd4db8a57ebefc4__aug_20251014043101_16.jpg,black_rot
/content/drive/My Drive/Colab Notebooks/apple_leaf_specialist/data/final/train/black_rot/009398065c88cc065ed21ac285d6821fe27d0698a95e7d91f2e411aab939fa64__aug_20251014043101_17.jpg,black_rot
/content/drive/My Drive/Colab Notebooks/apple_leaf_specialist/data/final/train/black_rot/ab4cf09894bfa6bac4ebb101b97c5483989c4f4933aab96afadb3c47cc40f52b__aug_20251014043101_18.jpg,black_rot
/content/drive/My Drive/Colab Notebooks/apple_leaf_specialist/data/final/train/black_rot/b66e633615ff7b42d2806a7b0d0254f9f782f4b8fc118eb9b4b173a41c54caaa__aug_20251014043101_19.jpg,black_rot
/content/drive/My Drive/Colab Notebooks/apple_leaf_specialist/data/final/train/black_rot/33e3818ac2a3532333942c9de5fd889f30bc2065c3347cc292f33a4660e7049d__aug_20251014043101_20.jpg,black_rot
/content/drive/My Drive/Colab Notebooks/apple_leaf_specialist/data/final/train/black_rot/b096ea13fcfc9abab2e2519d0225ae93474dbe5918d79872595371171df29249__aug_20251014043101_21.jpg,black_rot
/content/drive/My Drive/Colab Notebooks/apple_leaf_specialist/data/final/train/black_rot/762a200dc396189846231eea90f804fc3be80eadb8bb0ba6ed88f242353fb1b3__aug_20251014043101_22.jpg,black_rot
/content/drive/My Drive/Colab Notebooks/apple_leaf_specialist/data/final/train/black_rot/21bb53370ccaf8eb594f3619e12875dadcafb045791199eba697af20e0bcef0e__aug_20251014043101_23.jpg,black_rot
/content/drive/My Drive/Colab Notebooks/apple_leaf_specialist/data/final/train/black_rot/73aeb2e3f79c2506096368d138b62c2d91edc78c9fbdd9b65ef3f1386fc44014__aug_20251014043101_24.jpg,black_rot
/content/drive/My Drive/Colab Notebooks/apple_leaf_specialist/data/final/train/black_rot/93ab092e23a741009dbebf47e74b356d12f09be96fa4fd7a2a4c0ec453f5cd96__aug_20251014043101_25.jpg,black_rot
/content/drive/My Drive/Colab Notebooks/apple_leaf_specialist/data/final/train/black_rot/8debfe6c951716496f14e96f4ea08047f593e8da597f57a66f45d2c5951bdfe5__aug_20251014043101_26.jpg,black_rot
/content/drive/My Drive/Colab Notebooks/apple_leaf_specialist/data/final/train/black_rot/5373524c0029cb11d56ff35859355a89fe5164c6d9d5ee898ff8aca982eaa9cc__aug_20251014043101_27.jpg,black_rot
/content/drive/My Drive/Colab Notebooks/apple_leaf_specialist/data/final/train/black_rot/09de92548221f1c121f56c296ab6e3b56fead0550c08800bdfb951c873f9569d__aug_20251014043101_28.jpg,black_rot
/content/drive/My Drive/Colab Notebooks/apple_leaf_specialist/data/final/train/black_rot/59458fbff7031e09fd975903915e5c91a0e429586575151f1482bbf8488e6a93__aug_20251014043101_29.jpg,black_rot
/content/drive/My Drive/Colab Notebooks/apple_leaf_specialist/data/final/train/black_rot/1e39befccfc6a5894884c6e9aac008b0a5ccf36fdf23e7fa276258efe16c3562__aug_20251014043101_30.jpg,black_rot
/content/drive/My Drive/Colab Notebooks/apple_leaf_specialist/data/final/train/black_rot/a9974199b2aa2c4b4ae91a7a8268a8230d02de2202d7162c1cd3625a0de276e6__aug_20251014043101_31.jpg,black_rot
/content/drive/My Drive/Colab Notebooks/apple_leaf_specialist/data/final/train/black_rot/1d71b2fc7447c5c72e4228b2ccefc9479fae00d803bae782b95e81cfc9442a67__aug_20251014043101_32.jpg,black_rot
/content/drive/My Drive/Colab Notebooks/apple_leaf_specialist/data/final/train/black_rot/20ac0f4292d104610d235169f306935837f578a5623e4a09c29cced680efe442__aug_20251014043101_33.jpg,black_rot
/content/drive/My Drive/Colab Notebooks/apple_leaf_specialist/data/final/train/black_rot/79a5f20b0a75bf53b25d42b0b69c5248408f0149afddb3d885e79f040a9d4a75__aug_20251014043101_34.jpg,black_rot
/content/drive/My Drive/Colab Notebooks/apple_leaf_specialist/data/final/train/black_rot/9e301b22d8feb290b4ee864571c00b6495823ede3f4df50001c1e3f0fea04653__aug_20251014043101_35.jpg,black_rot
/content/drive/My Drive/Colab Notebooks/apple_leaf_specialist/data/final/train/black_rot/f98cc40d1766266c92c6bf777197385ca9e77b11f63b85453e1ffd899c0324bc__aug_20251014043101_36.jpg,black_rot
/content/drive/My Drive/Colab Notebooks/apple_leaf_specialist/data/final/train/black_rot/473cad4e98e2cf4dab0face94a654e7b82536b5a473fc88bdb9a47570dd276fb__aug_20251014043101_37.jpg,black_rot
/content/drive/My Drive/Colab Notebooks/apple_leaf_specialist/data/final/train/black_rot/29c79bb53bb66104ae3bcf99cfbab0e2d088b03a3f83fc77840a279561defc54__aug_20251014043101_38.jpg,black_rot
/content/drive/My Drive/Colab Notebooks/apple_leaf_specialist/data/final/train/black_rot/aac36b1785c3a126ec4d3127c8dc53b0d8cc8cf31d280b014ec1f6afc62ac9cc__aug_20251014043101_39.jpg,black_rot
/content/drive/My Drive/Colab Notebooks/apple_leaf_specialist/data/final/train/black_rot/4b0d63fc18ec4418b02b0592c2f9a4bc41f5e33c0907d6cf7e3f3c12b08fbde9__aug_20251014043101_40.jpg,black_rot
/content/drive/My Drive/Colab Notebooks/apple_leaf_specialist/data/final/train/black_rot/e261636d54c4b561a6959f6276e3496444b145215e07d69634e5de4f2dd3606c__aug_20251014043101_41.jpg,black_rot
/content/drive/My Drive/Colab Notebooks/apple_leaf_specialist/data/final/train/black_rot/2bd3c1b42f4b72d23289be627a9f53670710362b341978444180ad5dcac28988__aug_20251014043101_42.jpg,black_rot
/content/drive/My Drive/Colab Notebooks/apple_leaf_specialist/data/final/train/black_rot/f8e342a51162ff2b155b5b6e817baf3ddf7adc5284f9b06332a556712ac4de48__aug_20251014043101_43.jpg,black_rot
/content/drive/My Drive/Colab Notebooks/apple_leaf_specialist/data/final/train/black_rot/6d62c196d75a24d9600fcef87601e0153e9ce30f3a2969a4d13e0fc528c3feb5__aug_20251014043101_44.jpg,black_rot
/content/drive/My Drive/Colab Notebooks/apple_leaf_specialist/data/final/train/black_rot/f80155e6e37f50d4167d26f67b8e12b662f179193e372c14d75c04b1773785eb__aug_20251014043101_45.jpg,black_rot
/content/drive/My Drive/Colab Notebooks/apple_leaf_specialist/data/final/train/black_rot/cdfd3318cebbbee3f34f5a732ee7c3580d1b0cde26339f533c7618fcbbf1766d__aug_20251014043101_46.jpg,black_rot
/content/drive/My Drive/Colab Notebooks/apple_leaf_specialist/data/final/train/black_rot/cab25ec746d759c9b5f0e467f14928b8d1b9773692d30c65462a514abdc2924b__aug_20251014043101_47.jpg,black_rot
/content/drive/My Drive/Colab Notebooks/apple_leaf_specialist/data/final/train/black_rot/ffe70792b02be365f5923b265d0aea47bf1e6e26b71499672fe83ee3500a03f2__aug_20251014043101_48.jpg,black_rot
/content/drive/My Drive/Colab Notebooks/apple_leaf_specialist/data/final/train/black_rot/f8720efca64455173dfc4f95443c72ebcc0558136e1e6c230533d827ef140ce6__aug_20251014043101_49.jpg,black_rot
/content/drive/My Drive/Colab Notebooks/apple_leaf_specialist/data/final/train/black_rot/05445a004eb1b127d9430be6774776ed265a17eee570a391f91f9c359b1a9130__aug_20251014043101_50.jpg,black_rot
/content/drive/My Drive/Colab Notebooks/apple_leaf_specialist/data/final/train/black_rot/5e3051bd722a7395ecf68472746c12915a0dcd2846bcb38e8dac0a3e4a9b8d30__aug_20251014043101_51.jpg,black_rot
/content/drive/My Drive/Colab Notebooks/apple_leaf_specialist/data/final/train/black_rot/2f9114e8ee2c0dcfa36663646cec5963ba8dd31d35b5efe1ee9469273ca76d10__aug_20251014043101_52.jpg,black_rot
/content/drive/My Drive/Colab Notebooks/apple_leaf_specialist/data/final/train/black_rot/1bff6086b04dc670f1ae2e588db8c620ebd60c0784bf1dbbc82c0b8a37a7b26a__aug_20251014043101_53.jpg,black_rot
/content/drive/My Drive/Colab Notebooks/apple_leaf_specialist/data/final/train/black_rot/9896ac17a97cc03823987ed9ada13fa7e19a7bf7c0fe89783ea914040bf67da1__aug_20251014043101_54.jpg,black_rot
/content/drive/My Drive/Colab Notebooks/apple_leaf_specialist/data/final/train/black_rot/ae483f044e0c0a3b9e7b0ad0dca25308674bee85b5707b3800e4f3edaa53afa7__aug_20251014043101_55.jpg,black_rot
/content/drive/My Drive/Colab Notebooks/apple_leaf_specialist/data/final/train/black_rot/0258fd22a9a9e5845e21d795e5ab1fad443fd8e714f5f0d380c4e86d63029891__aug_20251014043101_56.jpg,black_rot
/content/drive/My Drive/Colab Notebooks/apple_leaf_specialist/data/final/train/black_rot/c0671fc44b8038107bbc1b0fd2a6405b8eda52dde57773e17b6ca3ad54934c76__aug_20251014043101_57.jpg,black_rot
/content/drive/My Drive/Colab Notebooks/apple_leaf_specialist/data/final/train/black_rot/46adafd0b0ad2585ee57e4fb33207526d621625d19107a24e2937254fbd8ba72__aug_20251014043101_58.jpg,black_rot
/content/drive/My Drive/Colab Notebooks/apple_leaf_specialist/data/final/train/black_rot/8114586d28d29bd4b65b2a1a7c6de4c5725e4f8d1ac98c2745177b7ded15916a__aug_20251014043101_59.jpg,black_rot
/content/drive/My Drive/Colab Notebooks/apple_leaf_specialist/data/final/train/black_rot/1561ae769d0f83949937cf2a95eb8c981a5f6210aa450bd5b52d4733b4f1782a__aug_20251014043101_60.jpg,black_rot
/content/drive/My Drive/Colab Notebooks/apple_leaf_specialist/data/final/train/black_rot/3d44dd2fead9281f29838586cfffdc968ca07e5433c42d2598193883c04ff6c4__aug_20251014043101_61.jpg,black_rot
/content/drive/My Drive/Colab Notebooks/apple_leaf_specialist/data/final/train/black_rot/fe641f330709521793c9241e55ed14f31f0ca246f6dfbd4c9acdaaeab548bef4__aug_20251014043101_62.jpg,black_rot
/content/drive/My Drive/Colab Notebooks/apple_leaf_specialist/data/final/train/black_rot/d0c9e09b7dc939a038c9f440e1b08a6bc70fd29061a47cdc7904e1cc7a5d8f59__aug_20251014043101_63.jpg,black_rot
/content/drive/My Drive/Colab Notebooks/apple_leaf_specialist/data/final/train/black_rot/caaf4010ed06352324645e410e118f95be1a8e1301a89280db71ddecc1f5c844__aug_20251014043101_64.jpg,black_rot
/content/drive/My Drive/Colab Notebooks/apple_leaf_specialist/data/final/train/black_rot/324da53c6f36848241451bb07f7ecf86218753f70cc4603d82016889fca68a88__aug_20251014043101_65.jpg,black_rot
/content/drive/My Drive/Colab Notebooks/apple_leaf_specialist/data/final/train/black_rot/bb4cef54272f70e87d3138a1e37790129689462773f603476e33c96a382c6c53__aug_20251014043101_66.jpg,black_rot
/content/drive/My Drive/Colab Notebooks/apple_leaf_specialist/data/final/train/black_rot/98e12b15eb0fab1b0e0e16ed61a9bc0de37b57bfcf8a845176537f4c7f03cc15__aug_20251014043101_67.jpg,black_rot
/content/drive/My Drive/Colab Notebooks/apple_leaf_specialist/data/final/train/black_rot/e2958d27959c06e44b1f10be5ad0e77d7be55ae4b47e5afdda51f2fd814d5223__aug_20251014043101_68.jpg,black_rot
/content/drive/My Drive/Colab Notebooks/apple_leaf_specialist/data/final/train/black_rot/a14d25d89977b65034fcbeaddeed11aa1e566c170e13c27108c7ce6f3035d5db__aug_20251014043101_69.jpg,black_rot
/content/drive/My Drive/Colab Notebooks/apple_leaf_specialist/data/final/train/black_rot/7a12d2f93a58707eceb72a4731c1730182a2ac69e45b2f0b5a345623319774c1__aug_20251014043101_70.jpg,black_rot
/content/drive/My Drive/Colab Notebooks/apple_leaf_specialist/data/final/train/black_rot/3e269d2009cb46f16e4097f267628d60cb21c62831dbc6657e31bf0cd3eb96ea__aug_20251014043101_71.jpg,black_rot
/content/drive/My Drive/Colab Notebooks/apple_leaf_specialist/data/final/train/black_rot/cd3e6b19d2d5f872c3b526424770d6ca7d6062b3e329b20d08cc35251d931a25__aug_20251014043101_72.jpg,black_rot
/content/drive/My Drive/Colab Notebooks/apple_leaf_specialist/data/final/train/black_rot/d977183e653a0d335c3a0204b4130d274fb40aa941a4b6e790a937252f3aa791__aug_20251014043101_73.jpg,black_rot
/content/drive/My Drive/Colab Notebooks/apple_leaf_specialist/data/final/train/black_rot/4dafa6899020f04dcd0f87b257a0281961d1d899848cb2bfefe85b711a083cc7__aug_20251014043101_74.jpg,black_rot
/content/drive/My Drive/Colab Notebooks/apple_leaf_specialist/data/final/train/black_rot/1dd411d1092452e29a7b0b5ef6d1987c38adb89c7d75c6db8d72d2dffa67b2e0__aug_20251014043101_75.jpg,black_rot
/content/drive/My Drive/Colab Notebooks/apple_leaf_specialist/data/final/train/black_rot/7cb7df9147ab22cee5695a2e833b1a74692243ab482ff3e0addf4796a54d875d__aug_20251014043101_76.jpg,black_rot
/content/drive/My Drive/Colab Notebooks/apple_leaf_specialist/data/final/train/black_rot/6aefa459c2fa8e3b8a6478cc2c2ccc4b35dd4637891202995ce9ab21358f0ef8__aug_20251014043101_77.jpg,black_rot
/content/drive/My Drive/Colab Notebooks/apple_leaf_specialist/data/final/train/black_rot/98e12b15eb0fab1b0e0e16ed61a9bc0de37b57bfcf8a845176537f4c7f03cc15__aug_20251014043101_78.jpg,black_rot
/content/drive/My Drive/Colab Notebooks/apple_leaf_specialist/data/final/train/black_rot/600d7312195f6d9260fa88a923a844bd19d354cafe089b752f4d637d4c52b4c0__aug_20251014043101_79.jpg,black_rot
/content/drive/My Drive/Colab Notebooks/apple_leaf_specialist/data/final/train/black_rot/b3a243368686416671376efe0bb485d0fcf86a7c4cfe4956c0af94ee58658736__aug_20251014043101_80.jpg,black_rot
/content/drive/My Drive/Colab Notebooks/apple_leaf_specialist/data/final/train/black_rot/5abbffcc3ff48e1213e72dde2ef1612fca007cb29b8675ec4addc6ed87b52f9a__aug_20251014043101_81.jpg,black_rot
/content/drive/My Drive/Colab Notebooks/apple_leaf_specialist/data/final/train/black_rot/fe641f330709521793c9241e55ed14f31f0ca246f6dfbd4c9acdaaeab548bef4__aug_20251014043101_82.jpg,black_rot
/content/drive/My Drive/Colab Notebooks/apple_leaf_specialist/data/final/train/black_rot/f7d6678c05140bf4d92bd324a2f1ec5aa8bd91c0153c13a1192e12834995c5bc__aug_20251014043101_83.jpg,black_rot
/content/drive/My Drive/Colab Notebooks/apple_leaf_specialist/data/final/train/black_rot/871379de5454eaac8f83d9d5957a9a5b4a942d968daeab86691d150811af39ac__aug_20251014043101_84.jpg,black_rot
/content/drive/My Drive/Colab Notebooks/apple_leaf_specialist/data/final/train/black_rot/675f13f85758c56409dbba36b1050a74a9446c06bf57cd3144b5bbecc510f8aa__aug_20251014043101_85.jpg,black_rot
/content/drive/My Drive/Colab Notebooks/apple_leaf_specialist/data/final/train/black_rot/c7767e02289600baf265f44a70f107c5420d09213dc05649d63d0b59bbd95742__aug_20251014043101_86.jpg,black_rot
/content/drive/My Drive/Colab Notebooks/apple_leaf_specialist/data/final/train/black_rot/473cad4e98e2cf4dab0face94a654e7b82536b5a473fc88bdb9a47570dd276fb__aug_20251014043101_87.jpg,black_rot
/content/drive/My Drive/Colab Notebooks/apple_leaf_specialist/data/final/train/black_rot/b5a6432fcbef2568326e99c112bc3f06b8a6ff9bfe1a96a0c993c6a71048f12a__aug_20251014043101_88.jpg,black_rot
/content/drive/My Drive/Colab Notebooks/apple_leaf_specialist/data/final/train/black_rot/9f78b75038cf7a8124f8961402068b75e3bbbf58e8a5b9757ecc577b2e5a1c60__aug_20251014043101_89.jpg,black_rot
/content/drive/My Drive/Colab Notebooks/apple_leaf_specialist/data/final/train/black_rot/3bde23a4e603f6f545460cc1b4da87dc23b99e528d899c5f4eb81c3adc9b6d21__aug_20251014043101_90.jpg,black_rot
/content/drive/My Drive/Colab Notebooks/apple_leaf_specialist/data/final/train/black_rot/72cc91733d4145f8f489b584454213aed24b4008616ffab0b3ed5405048051ef__aug_20251014043101_91.jpg,black_rot
/content/drive/My Drive/Colab Notebooks/apple_leaf_specialist/data/final/train/black_rot/6b664e245ade453b47e85fc0dbbb9980fd5f62f3288d1e09d85d07dcc54b1533__aug_20251014043101_92.jpg,black_rot
/content/drive/My Drive/Colab Notebooks/apple_leaf_specialist/data/final/train/black_rot/e45a56afedbbafd24bfa76cedd84bd905a0b401e06397259cc065f02ce47643a__aug_20251014043101_93.jpg,black_rot
/content/drive/My Drive/Colab Notebooks/apple_leaf_specialist/data/final/train/black_rot/e8bd679085796f84fc43a6ca4843a3880c860025cd708936730868d2d8c930f0__aug_20251014043101_94.jpg,black_rot
/content/drive/My Drive/Colab Notebooks/apple_leaf_specialist/data/final/train/black_rot/abb8783bf576fe5dde2f541659db7b52f451d38fc0132b9b56c81edd08d53a3f__aug_20251014043101_95.jpg,black_rot
/content/drive/My Drive/Colab Notebooks/apple_leaf_specialist/data/final/train/black_rot/e5cbc71b16529ce5857e1cee9976dbd548e1451bc4a11bd6041b0bd5163c211b__aug_20251014043101_96.jpg,black_rot
/content/drive/My Drive/Colab Notebooks/apple_leaf_specialist/data/final/train/black_rot/a6023a41bfe36d7d802ab13b0fae09103ebb78acf4028cb2e044ad1139514bf4__aug_20251014043101_97.jpg,black_rot
/content/drive/My Drive/Colab Notebooks/apple_leaf_specialist/data/final/train/black_rot/4cd3eba94a51ef46d04ec3416d6f3b0c9f9673b79ad74ac95163b6c485df0678__aug_20251014043101_98.jpg,black_rot
/content/drive/My Drive/Colab Notebooks/apple_leaf_specialist/data/final/train/black_rot/be572c6bae751b37d88d6d6a58fee5c65b4dfd224e99a7fc5d5bd852abe23be0__aug_20251014043101_99.jpg,black_rot
/content/drive/My Drive/Colab Notebooks/apple_leaf_specialist/data/final/train/black_rot/9e301b22d8feb290b4ee864571c00b6495823ede3f4df50001c1e3f0fea04653__aug_20251014043101_100.jpg,black_rot
/content/drive/My Drive/Colab Notebooks/apple_leaf_specialist/data/final/train/black_rot/08223b57d9d9e2a42243571d60009b0f1850444fa9f046d9ac507da60b339a43__aug_20251014043101_101.jpg,black_rot
/content/drive/My Drive/Colab Notebooks/apple_leaf_specialist/data/final/train/black_rot/28e5bd976176943c79a784224ae80149522fa3b783602a4814b9939b473dff08__aug_20251014043101_102.jpg,black_rot
/content/drive/My Drive/Colab Notebooks/apple_leaf_specialist/data/final/train/black_rot/88cc77a5073c396be6b6bfa606f6ad6b9099083b8bd1691243b8fc2432837348__aug_20251014043101_103.jpg,black_rot
/content/drive/My Drive/Colab Notebooks/apple_leaf_specialist/data/final/train/black_rot/336355abd3baa766b3749fad13ea4919ca9c47fcafda8c7406a5858a9353b295__aug_20251014043101_104.jpg,black_rot
/content/drive/My Drive/Colab Notebooks/apple_leaf_specialist/data/final/train/black_rot/08659892b260585cd46cda7b2dd7710f67a897c3b3ac0ddb6aea35336dc13786__aug_20251014043101_105.jpg,black_rot
/content/drive/My Drive/Colab Notebooks/apple_leaf_specialist/data/final/train/black_rot/bb4cef54272f70e87d3138a1e37790129689462773f603476e33c96a382c6c53__aug_20251014043101_106.jpg,black_rot
/content/drive/My Drive/Colab Notebooks/apple_leaf_specialist/data/final/train/black_rot/c0671fc44b8038107bbc1b0fd2a6405b8eda52dde57773e17b6ca3ad54934c76__aug_20251014043101_107.jpg,black_rot
/content/drive/My Drive/Colab Notebooks/apple_leaf_specialist/data/final/train/black_rot/0b5d841490e9f3c33d17d2b577925f11a6032ced7f9685891fe4e83e9c4bdfb6__aug_20251014043101_108.jpg,black_rot
/content/drive/My Drive/Colab Notebooks/apple_leaf_specialist/data/final/train/black_rot/db89444326c1d76e9915da6fb19cf0fa395b9a459439bb8ecda25d4e1de5fc23__aug_20251014043101_109.jpg,black_rot
/content/drive/My Drive/Colab Notebooks/apple_leaf_specialist/data/final/train/black_rot/69f9b7a2143d7b4923e1322b8e8131fe2e8596f153ad47f2622602e32e10f576__aug_20251014043101_110.jpg,black_rot
/content/drive/My Drive/Colab Notebooks/apple_leaf_specialist/data/final/train/black_rot/473cad4e98e2cf4dab0face94a654e7b82536b5a473fc88bdb9a47570dd276fb__aug_20251014043101_111.jpg,black_rot
/content/drive/My Drive/Colab Notebooks/apple_leaf_specialist/data/final/train/black_rot/5ade12e467a8e38e98324233f7976def08c9a94e6f9a878f9613134559cfa521__aug_20251014043101_112.jpg,black_rot
/content/drive/My Drive/Colab Notebooks/apple_leaf_specialist/data/final/train/black_rot/b3a243368686416671376efe0bb485d0fcf86a7c4cfe4956c0af94ee58658736__aug_20251014043101_113.jpg,black_rot
/content/drive/My Drive/Colab Notebooks/apple_leaf_specialist/data/final/train/black_rot/73a345a1382655c7697d26dfc4fdd512b1f2b9fb1064afbfe07f5ebedd373eb9__aug_20251014043101_114.jpg,black_rot
/content/drive/My Drive/Colab Notebooks/apple_leaf_specialist/data/final/train/black_rot/1c4b6cfe86675dadb42f76a97c6108d175e6ba688e40ede10ac15c032d66513a__aug_20251014043101_115.jpg,black_rot
/content/drive/My Drive/Colab Notebooks/apple_leaf_specialist/data/final/train/black_rot/ea1f21174906f1211eea1fdcf49470d0aaa02a212ff3128a1947e9c7a06f85d6__aug_20251014043101_116.jpg,black_rot
/content/drive/My Drive/Colab Notebooks/apple_leaf_specialist/data/final/train/black_rot/4f08ce7b83cfe66b8ccd20ef87c89af9d4b9789e652abe3b05bb1a0340764391__aug_20251014043101_117.jpg,black_rot
/content/drive/My Drive/Colab Notebooks/apple_leaf_specialist/data/final/train/black_rot/b5e79f2dcb4a91ed1b3ca2545968bb01f3fd56c3c34e3220fa19b0f9e0f35c2e__aug_20251014043101_118.jpg,black_rot
/content/drive/My Drive/Colab Notebooks/apple_leaf_specialist/data/final/train/black_rot/ee461707e67382591ba083047bbcf770b042037e8539fcbc433c5e7b68616018__aug_20251014043101_119.jpg,black_rot
/content/drive/My Drive/Colab Notebooks/apple_leaf_specialist/data/final/train/black_rot/d0b38cb49cbe53ed91b79fa5a6c5d38d862a88cc48f9660915661346d1c28c9e__aug_20251014043101_120.jpg,black_rot
/content/drive/My Drive/Colab Notebooks/apple_leaf_specialist/data/final/train/black_rot/05445a004eb1b127d9430be6774776ed265a17eee570a391f91f9c359b1a9130__aug_20251014043101_121.jpg,black_rot
/content/drive/My Drive/Colab Notebooks/apple_leaf_specialist/data/final/train/black_rot/c27f5d3453879a084e56a84fd62865398285f19c197fe0c6be92a17318940008__aug_20251014043101_122.jpg,black_rot
/content/drive/My Drive/Colab Notebooks/apple_leaf_specialist/data/final/train/black_rot/ab4cf09894bfa6bac4ebb101b97c5483989c4f4933aab96afadb3c47cc40f52b__aug_20251014043101_123.jpg,black_rot
/content/drive/My Drive/Colab Notebooks/apple_leaf_specialist/data/final/train/black_rot/d6fec50bc895194ba7ea37f854f2864bcdf3d447179c4b3948ac4ac7584b1361__aug_20251014043101_124.jpg,black_rot
/content/drive/My Drive/Colab Notebooks/apple_leaf_specialist/data/final/train/black_rot/cab25ec746d759c9b5f0e467f14928b8d1b9773692d30c65462a514abdc2924b__aug_20251014043101_125.jpg,black_rot
/content/drive/My Drive/Colab Notebooks/apple_leaf_specialist/data/final/train/black_rot/caaf4010ed06352324645e410e118f95be1a8e1301a89280db71ddecc1f5c844__aug_20251014043101_126.jpg,black_rot
/content/drive/My Drive/Colab Notebooks/apple_leaf_specialist/data/final/train/black_rot/181d93cc2335d02f6b3887d171772fc3155cf9ebe1d8f574bca39c920ea10278__aug_20251014043101_127.jpg,black_rot
/content/drive/My Drive/Colab Notebooks/apple_leaf_specialist/data/final/train/black_rot/1bff6086b04dc670f1ae2e588db8c620ebd60c0784bf1dbbc82c0b8a37a7b26a__aug_20251014043101_128.jpg,black_rot
/content/drive/My Drive/Colab Notebooks/apple_leaf_specialist/data/final/train/black_rot/74d36ed43bf39094dd990e656f523fbbde1f2eb99b2a4d32ffa5a1adf7350586__aug_20251014043101_129.jpg,black_rot
/content/drive/My Drive/Colab Notebooks/apple_leaf_specialist/data/final/train/black_rot/44f907f4e467d38818be196ceecf4daad38741a133a0d81713f578cf100d8879__aug_20251014043101_130.jpg,black_rot
/content/drive/My Drive/Colab Notebooks/apple_leaf_specialist/data/final/train/black_rot/3a7fbcdb77b23c70d9eda26085726bd19e46a4b8bfaaf7f22d60dd6efd34151c__aug_20251014043101_131.jpg,black_rot
/content/drive/My Drive/Colab Notebooks/apple_leaf_specialist/data/final/train/black_rot/e94a1b8e3059b3b49500b56960ee7a685b1fb661907a759d01e31bdeee468903__aug_20251014043101_132.jpg,black_rot
/content/drive/My Drive/Colab Notebooks/apple_leaf_specialist/data/final/train/black_rot/74d36ed43bf39094dd990e656f523fbbde1f2eb99b2a4d32ffa5a1adf7350586__aug_20251014043101_133.jpg,black_rot
/content/drive/My Drive/Colab Notebooks/apple_leaf_specialist/data/final/train/black_rot/7a70818a18fb858798bb20961d74c25bdfdfc1785480812c4ad82fa349b680f1__aug_20251014043101_134.jpg,black_rot
/content/drive/My Drive/Colab Notebooks/apple_leaf_specialist/data/final/train/black_rot/336355abd3baa766b3749fad13ea4919ca9c47fcafda8c7406a5858a9353b295__aug_20251014043101_135.jpg,black_rot
/content/drive/My Drive/Colab Notebooks/apple_leaf_specialist/data/final/train/black_rot/4beb4361af78b91f8c85baf0336c4b30612cbebe330d8dfa20ceda9a1d822ae5__aug_20251014043101_136.jpg,black_rot
/content/drive/My Drive/Colab Notebooks/apple_leaf_specialist/data/final/train/black_rot/1c4b6cfe86675dadb42f76a97c6108d175e6ba688e40ede10ac15c032d66513a__aug_20251014043101_137.jpg,black_rot
/content/drive/My Drive/Colab Notebooks/apple_leaf_specialist/data/final/train/black_rot/fe641f330709521793c9241e55ed14f31f0ca246f6dfbd4c9acdaaeab548bef4__aug_20251014043101_138.jpg,black_rot
/content/drive/My Drive/Colab Notebooks/apple_leaf_specialist/data/final/train/black_rot/5656be5a2b91838c959dbebb19664dfe5cc11f297e059bd9a2d4467bf2a11ba4__aug_20251014043101_139.jpg,black_rot
/content/drive/My Drive/Colab Notebooks/apple_leaf_specialist/data/final/train/black_rot/f1710ed90a4518359f9e9fa730751001e5356587befac70569a5d2af6430c096__aug_20251014043101_140.jpg,black_rot
/content/drive/My Drive/Colab Notebooks/apple_leaf_specialist/data/final/train/black_rot/34d920a69384bc5cd40e5f888dfa3c5f99723ff15c832af2f340fff5024d7a94__aug_20251014043101_141.jpg,black_rot
/content/drive/My Drive/Colab Notebooks/apple_leaf_specialist/data/final/train/black_rot/d559d6d058e471627e838d2473874235c18701654476d90b19d310f091c414fe__aug_20251014043101_142.jpg,black_rot
/content/drive/My Drive/Colab Notebooks/apple_leaf_specialist/data/final/train/black_rot/c27f5d3453879a084e56a84fd62865398285f19c197fe0c6be92a17318940008__aug_20251014043101_143.jpg,black_rot
/content/drive/My Drive/Colab Notebooks/apple_leaf_specialist/data/final/train/black_rot/cd7fe958a56dfac3e00136827955d3b9ab3da00dd75c45c0253eb5876b459b22__aug_20251014043101_144.jpg,black_rot
/content/drive/My Drive/Colab Notebooks/apple_leaf_specialist/data/final/train/black_rot/a1d4b17710c5f96e01e6ec001c2cc5cd7e7b368c7db51fac98be24c804594872__aug_20251014043101_145.jpg,black_rot
/content/drive/My Drive/Colab Notebooks/apple_leaf_specialist/data/final/train/black_rot/05445a004eb1b127d9430be6774776ed265a17eee570a391f91f9c359b1a9130__aug_20251014043101_146.jpg,black_rot
/content/drive/My Drive/Colab Notebooks/apple_leaf_specialist/data/final/train/black_rot/212c84318ffe9a9039607dc80bd302982f0cdbd3d7bb8fdbdcd4db8a57ebefc4__aug_20251014043101_147.jpg,black_rot
/content/drive/My Drive/Colab Notebooks/apple_leaf_specialist/data/final/train/black_rot/3eca9a3de4aeaae488b4fbe8fff14c9fd7076f59185533271efa237afb46c3cd__aug_20251014043101_148.jpg,black_rot
/content/drive/My Drive/Colab Notebooks/apple_leaf_specialist/data/final/train/black_rot/62bad1e855c099359256b9191691c90f8661a1f2d459a1ac64704d6abe811c41__aug_20251014043101_149.jpg,black_rot
/content/drive/My Drive/Colab Notebooks/apple_leaf_specialist/data/final/train/black_rot/4dafa6899020f04dcd0f87b257a0281961d1d899848cb2bfefe85b711a083cc7__aug_20251014043101_150.jpg,black_rot
/content/drive/My Drive/Colab Notebooks/apple_leaf_specialist/data/final/train/black_rot/3d44dd2fead9281f29838586cfffdc968ca07e5433c42d2598193883c04ff6c4__aug_20251014043101_151.jpg,black_rot
/content/drive/My Drive/Colab Notebooks/apple_leaf_specialist/data/final/train/black_rot/b5a6432fcbef2568326e99c112bc3f06b8a6ff9bfe1a96a0c993c6a71048f12a__aug_20251014043101_152.jpg,black_rot
/content/drive/My Drive/Colab Notebooks/apple_leaf_specialist/data/final/train/black_rot/05445a004eb1b127d9430be6774776ed265a17eee570a391f91f9c359b1a9130__aug_20251014043101_153.jpg,black_rot
/content/drive/My Drive/Colab Notebooks/apple_leaf_specialist/data/final/train/black_rot/e8fc45af54990e566083dd9230b55e7408f20b0161afa6734eb29acf478c9040__aug_20251014043101_154.jpg,black_rot
/content/drive/My Drive/Colab Notebooks/apple_leaf_specialist/data/final/train/black_rot/e2958d27959c06e44b1f10be5ad0e77d7be55ae4b47e5afdda51f2fd814d5223__aug_20251014043101_155.jpg,black_rot
/content/drive/My Drive/Colab Notebooks/apple_leaf_specialist/data/final/train/black_rot/7689af853b34429e70977bb4c502ed94738741b70d20501a3ae0b342f2346dbc__aug_20251014043101_156.jpg,black_rot
/content/drive/My Drive/Colab Notebooks/apple_leaf_specialist/data/final/train/black_rot/08659892b260585cd46cda7b2dd7710f67a897c3b3ac0ddb6aea35336dc13786__aug_20251014043101_157.jpg,black_rot
/content/drive/My Drive/Colab Notebooks/apple_leaf_specialist/data/final/train/black_rot/aca81e8b3e68ecf2478c702f175a97284da664deb4f083b659bacbc6550a0ee9__aug_20251014043101_158.jpg,black_rot
/content/drive/My Drive/Colab Notebooks/apple_leaf_specialist/data/final/train/black_rot/f47894df45f83d02e5ea792b7c48177c16df5d52fdb5b0f831bcbdf7f382a112__aug_20251014043101_159.jpg,black_rot
/content/drive/My Drive/Colab Notebooks/apple_leaf_specialist/data/final/train/black_rot/2398c423ced82edbb7ad71fcd76ee982f218454e845b98c567937ce07585ea98__aug_20251014043101_160.jpg,black_rot
/content/drive/My Drive/Colab Notebooks/apple_leaf_specialist/data/final/train/black_rot/aca81e8b3e68ecf2478c702f175a97284da664deb4f083b659bacbc6550a0ee9__aug_20251014043101_161.jpg,black_rot
/content/drive/My Drive/Colab Notebooks/apple_leaf_specialist/data/final/train/black_rot/7bcfbc548149fa6dc9b0af55029c87b59a7acdcbc8a7b0128f6b3fd255e45a7e__aug_20251014043101_162.jpg,black_rot
/content/drive/My Drive/Colab Notebooks/apple_leaf_specialist/data/final/train/black_rot/aaebc3c4a108553f9fbd2af014954b81c800c75b8ce95ab4e6e1ae360c9918a2__aug_20251014043101_163.jpg,black_rot
/content/drive/My Drive/Colab Notebooks/apple_leaf_specialist/data/final/train/black_rot/2df30f0ffced4df5429df24c5208a8f1087dce5cd6d9aafe76bbf0ecb9fc25ab__aug_20251014043101_164.jpg,black_rot
/content/drive/My Drive/Colab Notebooks/apple_leaf_specialist/data/final/train/black_rot/5abbffcc3ff48e1213e72dde2ef1612fca007cb29b8675ec4addc6ed87b52f9a__aug_20251014043101_165.jpg,black_rot
/content/drive/My Drive/Colab Notebooks/apple_leaf_specialist/data/final/train/black_rot/0005a15c47521fb2c36953184b7284c1acec56c0f7769b03ef53d4da90aa67e6__aug_20251014043101_166.jpg,black_rot
/content/drive/My Drive/Colab Notebooks/apple_leaf_specialist/data/final/train/black_rot/7ad4cb45b526e8d41a9486347d0bd59066f4774311bbd205b856d27430fe3223__aug_20251014043101_167.jpg,black_rot
/content/drive/My Drive/Colab Notebooks/apple_leaf_specialist/data/final/train/black_rot/213f6a70361ff956a579b63e36eb8611d3a43d2c1521b8157ed1a500005225d4__aug_20251014043101_168.jpg,black_rot
/content/drive/My Drive/Colab Notebooks/apple_leaf_specialist/data/final/train/black_rot/73aeb2e3f79c2506096368d138b62c2d91edc78c9fbdd9b65ef3f1386fc44014__aug_20251014043101_169.jpg,black_rot
/content/drive/My Drive/Colab Notebooks/apple_leaf_specialist/data/final/train/black_rot/b5601b4060f06c796e9e40fcb27ecbf0b24514e06ea3640a8c38a55e165629f1__aug_20251014043101_170.jpg,black_rot
/content/drive/My Drive/Colab Notebooks/apple_leaf_specialist/data/final/train/black_rot/9f78b75038cf7a8124f8961402068b75e3bbbf58e8a5b9757ecc577b2e5a1c60__aug_20251014043101_171.jpg,black_rot
/content/drive/My Drive/Colab Notebooks/apple_leaf_specialist/data/final/train/black_rot/8debfe6c951716496f14e96f4ea08047f593e8da597f57a66f45d2c5951bdfe5__aug_20251014043101_172.jpg,black_rot
/content/drive/My Drive/Colab Notebooks/apple_leaf_specialist/data/final/train/black_rot/324da53c6f36848241451bb07f7ecf86218753f70cc4603d82016889fca68a88__aug_20251014043101_173.jpg,black_rot
/content/drive/My Drive/Colab Notebooks/apple_leaf_specialist/data/final/train/black_rot/ddad099e3636025df616672e120854bf7b6747e8f674c3c72c162a68ea80dea8__aug_20251014043101_174.jpg,black_rot
/content/drive/My Drive/Colab Notebooks/apple_leaf_specialist/data/final/train/black_rot/d6fec50bc895194ba7ea37f854f2864bcdf3d447179c4b3948ac4ac7584b1361__aug_20251014043101_175.jpg,black_rot
/content/drive/My Drive/Colab Notebooks/apple_leaf_specialist/data/final/train/black_rot/90d1abb56ed557b1f7f2209ad3e64c0ad3a24a0d454d5cb1599ccfa6558475b9__aug_20251014043101_176.jpg,black_rot
/content/drive/My Drive/Colab Notebooks/apple_leaf_specialist/data/final/train/black_rot/76640919087139ce7b82c7e3de367fe154c62cf917d5ffe3f0437c0188f948b3__aug_20251014043101_177.jpg,black_rot
/content/drive/My Drive/Colab Notebooks/apple_leaf_specialist/data/final/train/black_rot/31b15fad9ce0cde669e04176001f5d95f8214398455b955b40448ef2d5168549__aug_20251014043101_178.jpg,black_rot
/content/drive/My Drive/Colab Notebooks/apple_leaf_specialist/data/final/train/black_rot/18aa6dbc439b0d74f3ff75589ade6c070775f9702f72cd7f7253b56ea96289be__aug_20251014043101_179.jpg,black_rot
/content/drive/My Drive/Colab Notebooks/apple_leaf_specialist/data/final/train/black_rot/d977183e653a0d335c3a0204b4130d274fb40aa941a4b6e790a937252f3aa791__aug_20251014043101_180.jpg,black_rot
/content/drive/My Drive/Colab Notebooks/apple_leaf_specialist/data/final/train/black_rot/363a9a7636535481253a7919a961f8fc0734b4eb5a03a0479a2b5462d27637fd__aug_20251014043101_181.jpg,black_rot
/content/drive/My Drive/Colab Notebooks/apple_leaf_specialist/data/final/train/black_rot/8d1c90b195cbe5302b20bbd2545a38402a0cdd486b66435f1bf041ef37bd1e7a__aug_20251014043101_182.jpg,black_rot
/content/drive/My Drive/Colab Notebooks/apple_leaf_specialist/data/final/train/black_rot/8d1c90b195cbe5302b20bbd2545a38402a0cdd486b66435f1bf041ef37bd1e7a__aug_20251014043101_183.jpg,black_rot
/content/drive/My Drive/Colab Notebooks/apple_leaf_specialist/data/final/train/black_rot/2205372ae71e093939681da90ac422270b6f6da867c88c356ea6ea2c48d89a22__aug_20251014043101_184.jpg,black_rot
/content/drive/My Drive/Colab Notebooks/apple_leaf_specialist/data/final/train/black_rot/18ffce24d80c8493f03566782af6e3d0c9f7ca72950edbb2d406dad88d2b72a0__aug_20251014043101_185.jpg,black_rot
/content/drive/My Drive/Colab Notebooks/apple_leaf_specialist/data/final/train/black_rot/9f28af71e9c0a225be63459a406824218696a60b39c4a507de4356ee6c3e70e1__aug_20251014043101_186.jpg,black_rot
/content/drive/My Drive/Colab Notebooks/apple_leaf_specialist/data/final/train/black_rot/266bb0aa4703cccc19c4d517ab5604e13fb49992d05e1ee072411a97d2c1c869__aug_20251014043101_187.jpg,black_rot
/content/drive/My Drive/Colab Notebooks/apple_leaf_specialist/data/final/train/black_rot/4a654740d64707aaf59f6aec8041ba0b6c2763443c52d9a485ce99a8358988a7__aug_20251014043101_188.jpg,black_rot
/content/drive/My Drive/Colab Notebooks/apple_leaf_specialist/data/final/train/black_rot/dd69c526cce362fed3b9d90aa44f78aedb1b367516e5808191a8f2af555faeba__aug_20251014043101_189.jpg,black_rot
/content/drive/My Drive/Colab Notebooks/apple_leaf_specialist/data/final/train/black_rot/18ffce24d80c8493f03566782af6e3d0c9f7ca72950edbb2d406dad88d2b72a0__aug_20251014043101_190.jpg,black_rot
/content/drive/My Drive/Colab Notebooks/apple_leaf_specialist/data/final/train/black_rot/b7823f974696b265ac5490b9a2aa048e85f57e17ccc2c49412019b2df0e53753__aug_20251014043101_191.jpg,black_rot
/content/drive/My Drive/Colab Notebooks/apple_leaf_specialist/data/final/train/black_rot/db9e0abdececa578c2ed244004b5f5d26da58a43e148fd0db2c1409d5f741cc0__aug_20251014043101_192.jpg,black_rot
/content/drive/My Drive/Colab Notebooks/apple_leaf_specialist/data/final/train/black_rot/d5167ba26f20111f701791ac25a382a7082134e30f459a26fdd1af2d321e1633__aug_20251014043101_193.jpg,black_rot
/content/drive/My Drive/Colab Notebooks/apple_leaf_specialist/data/final/train/black_rot/ef329edc955070f79e5b62851a02834e283b0d7c1519a6abd761ff90f0b3ccc4__aug_20251014043101_194.jpg,black_rot
/content/drive/My Drive/Colab Notebooks/apple_leaf_specialist/data/final/train/black_rot/181d93cc2335d02f6b3887d171772fc3155cf9ebe1d8f574bca39c920ea10278__aug_20251014043101_195.jpg,black_rot
/content/drive/My Drive/Colab Notebooks/apple_leaf_specialist/data/final/train/black_rot/cbae027beac281d4de394a3e4f1432724c84d5338689b3ac380de07cf539eb3c__aug_20251014043101_196.jpg,black_rot
/content/drive/My Drive/Colab Notebooks/apple_leaf_specialist/data/final/train/black_rot/2c39086551317558444414900ad772854c41b0fd1cfab814018684be264b5b81__aug_20251014043101_197.jpg,black_rot
/content/drive/My Drive/Colab Notebooks/apple_leaf_specialist/data/final/train/black_rot/f0b22585213b607dbfe91cedf23ccba0005ed1435b401e5ac8d2a853041f8709__aug_20251014043101_198.jpg,black_rot
/content/drive/My Drive/Colab Notebooks/apple_leaf_specialist/data/final/train/black_rot/626f8404c7c6c2a94d589f907e816ad9e7b1bb691fd9944d811263cb8a111d64__aug_20251014043101_199.jpg,black_rot
/content/drive/My Drive/Colab Notebooks/apple_leaf_specialist/data/final/train/black_rot/a322878fdf5eccae7fb9c2269c184e06a524c2df6ff675a182bd7e432b0e6d36__aug_20251014043101_200.jpg,black_rot
/content/drive/My Drive/Colab Notebooks/apple_leaf_specialist/data/final/train/black_rot/a1d4b17710c5f96e01e6ec001c2cc5cd7e7b368c7db51fac98be24c804594872__aug_20251014043101_201.jpg,black_rot
/content/drive/My Drive/Colab Notebooks/apple_leaf_specialist/data/final/train/black_rot/f8720efca64455173dfc4f95443c72ebcc0558136e1e6c230533d827ef140ce6__aug_20251014043101_202.jpg,black_rot
/content/drive/My Drive/Colab Notebooks/apple_leaf_specialist/data/final/train/black_rot/db9e0abdececa578c2ed244004b5f5d26da58a43e148fd0db2c1409d5f741cc0__aug_20251014043101_203.jpg,black_rot
/content/drive/My Drive/Colab Notebooks/apple_leaf_specialist/data/final/train/black_rot/12af951de44e19277e0ad7b40324affa7ef026abd46ff91e3f6564b76713c6f6__aug_20251014043101_204.jpg,black_rot
/content/drive/My Drive/Colab Notebooks/apple_leaf_specialist/data/final/train/black_rot/25d643f46e713d523796c9cce200d5ee03075408b46faf091d9747ad40e641c7__aug_20251014043101_205.jpg,black_rot
/content/drive/My Drive/Colab Notebooks/apple_leaf_specialist/data/final/train/black_rot/d29ea0e720a1adb1e4bfde1086f256facce1759e5ef3aebcf55b8616c6f7d7fa__aug_20251014043101_206.jpg,black_rot
/content/drive/My Drive/Colab Notebooks/apple_leaf_specialist/data/final/train/black_rot/f634828302fbdb2975eead406505db199e9d1c0c0e42f35bd8d9487279c6c747__aug_20251014043101_207.jpg,black_rot
/content/drive/My Drive/Colab Notebooks/apple_leaf_specialist/data/final/train/black_rot/0509c15ebfd12f8a0fa4fb98a2c499cfb92723a00bb45ef41027212a5e37d804__aug_20251014043101_208.jpg,black_rot
/content/drive/My Drive/Colab Notebooks/apple_leaf_specialist/data/final/train/black_rot/a322878fdf5eccae7fb9c2269c184e06a524c2df6ff675a182bd7e432b0e6d36__aug_20251014043101_209.jpg,black_rot
/content/drive/My Drive/Colab Notebooks/apple_leaf_specialist/data/final/train/black_rot/589bccbc89fe4bb1c481968eb986df33d3d31f7a48b7a0df447bd7a3fc3ba786__aug_20251014043101_210.jpg,black_rot
/content/drive/My Drive/Colab Notebooks/apple_leaf_specialist/data/final/train/black_rot/dbc14589a7652067bac4699c232dd5c4e552183efed9db890a6b0d9bf7fca838__aug_20251014043101_211.jpg,black_rot
/content/drive/My Drive/Colab Notebooks/apple_leaf_specialist/data/final/train/black_rot/7aae8ca60c734775417a2785d4e7d1e5dbd3501c108781f0bf107a86b3a3e50f__aug_20251014043101_212.jpg,black_rot
/content/drive/My Drive/Colab Notebooks/apple_leaf_specialist/data/final/train/black_rot/5ca7e4a3e0aad9435018294d690f20708b6c8206d07f3cb7712daa0bcd13e700__aug_20251014043101_213.jpg,black_rot
/content/drive/My Drive/Colab Notebooks/apple_leaf_specialist/data/final/train/black_rot/f1710ed90a4518359f9e9fa730751001e5356587befac70569a5d2af6430c096__aug_20251014043101_214.jpg,black_rot
/content/drive/My Drive/Colab Notebooks/apple_leaf_specialist/data/final/train/black_rot/6b664e245ade453b47e85fc0dbbb9980fd5f62f3288d1e09d85d07dcc54b1533__aug_20251014043101_215.jpg,black_rot
/content/drive/My Drive/Colab Notebooks/apple_leaf_specialist/data/final/train/black_rot/4057aac00e5b1a584aee55eb9254e16bffe05b492131dd76551d956718b6bf8a__aug_20251014043101_216.jpg,black_rot
/content/drive/My Drive/Colab Notebooks/apple_leaf_specialist/data/final/train/black_rot/f8720efca64455173dfc4f95443c72ebcc0558136e1e6c230533d827ef140ce6__aug_20251014043101_217.jpg,black_rot
/content/drive/My Drive/Colab Notebooks/apple_leaf_specialist/data/final/train/black_rot/44f907f4e467d38818be196ceecf4daad38741a133a0d81713f578cf100d8879__aug_20251014043101_218.jpg,black_rot
/content/drive/My Drive/Colab Notebooks/apple_leaf_specialist/data/final/train/black_rot/600332827cffd24f7b1e8086a952cf0dabf06f65d11fd562b232afcb58d99a86__aug_20251014043101_219.jpg,black_rot
/content/drive/My Drive/Colab Notebooks/apple_leaf_specialist/data/final/train/black_rot/f1710ed90a4518359f9e9fa730751001e5356587befac70569a5d2af6430c096__aug_20251014043101_220.jpg,black_rot
/content/drive/My Drive/Colab Notebooks/apple_leaf_specialist/data/final/train/black_rot/abb8783bf576fe5dde2f541659db7b52f451d38fc0132b9b56c81edd08d53a3f__aug_20251014043101_221.jpg,black_rot
/content/drive/My Drive/Colab Notebooks/apple_leaf_specialist/data/final/train/black_rot/336355abd3baa766b3749fad13ea4919ca9c47fcafda8c7406a5858a9353b295__aug_20251014043101_222.jpg,black_rot
/content/drive/My Drive/Colab Notebooks/apple_leaf_specialist/data/final/train/black_rot/d8f72c29b3cd2548cc2ff0af8949b523592513c3c17360ce281f0c0be5085379__aug_20251014043101_223.jpg,black_rot
/content/drive/My Drive/Colab Notebooks/apple_leaf_specialist/data/final/train/black_rot/5e3051bd722a7395ecf68472746c12915a0dcd2846bcb38e8dac0a3e4a9b8d30__aug_20251014043101_224.jpg,black_rot
/content/drive/My Drive/Colab Notebooks/apple_leaf_specialist/data/final/train/black_rot/7b82fa12cad833683c66fd95b483fdc320ca786b5006ceae9a42f704a6b52b4a__aug_20251014043101_225.jpg,black_rot
/content/drive/My Drive/Colab Notebooks/apple_leaf_specialist/data/final/train/black_rot/73aeb2e3f79c2506096368d138b62c2d91edc78c9fbdd9b65ef3f1386fc44014__aug_20251014043101_226.jpg,black_rot
/content/drive/My Drive/Colab Notebooks/apple_leaf_specialist/data/final/train/black_rot/0b5d841490e9f3c33d17d2b577925f11a6032ced7f9685891fe4e83e9c4bdfb6__aug_20251014043101_227.jpg,black_rot
/content/drive/My Drive/Colab Notebooks/apple_leaf_specialist/data/final/train/black_rot/b5a6432fcbef2568326e99c112bc3f06b8a6ff9bfe1a96a0c993c6a71048f12a__aug_20251014043101_228.jpg,black_rot
/content/drive/My Drive/Colab Notebooks/apple_leaf_specialist/data/final/train/black_rot/8114586d28d29bd4b65b2a1a7c6de4c5725e4f8d1ac98c2745177b7ded15916a__aug_20251014043101_229.jpg,black_rot
/content/drive/My Drive/Colab Notebooks/apple_leaf_specialist/data/final/train/black_rot/cd3e6b19d2d5f872c3b526424770d6ca7d6062b3e329b20d08cc35251d931a25__aug_20251014043101_230.jpg,black_rot
/content/drive/My Drive/Colab Notebooks/apple_leaf_specialist/data/final/train/black_rot/a658d18de4da413a37abd2c16da5b0971b28366eb9e56330659f90acbab6e66e__aug_20251014043101_231.jpg,black_rot
/content/drive/My Drive/Colab Notebooks/apple_leaf_specialist/data/final/train/black_rot/11294dd570328ca64fdd0f3bffc487c7652a0d09095f6d9778e46af27c8d904c__aug_20251014043101_232.jpg,black_rot
/content/drive/My Drive/Colab Notebooks/apple_leaf_specialist/data/final/train/black_rot/ec280956a207e7344d52d34c9d94443d353673a126cca74a460e45ee583fbf3e__aug_20251014043101_233.jpg,black_rot
/content/drive/My Drive/Colab Notebooks/apple_leaf_specialist/data/final/train/black_rot/218e80d124836f3cd70052d8eee30ed507f7a2b17ebd86dd25aa2a32c1b25c27__aug_20251014043101_234.jpg,black_rot
/content/drive/My Drive/Colab Notebooks/apple_leaf_specialist/data/final/train/black_rot/1bed0e392ce6887d37c989617e4e25420027df9a4fc72e606c9a4cb3017abf42__aug_20251014043101_235.jpg,black_rot
/content/drive/My Drive/Colab Notebooks/apple_leaf_specialist/data/final/train/black_rot/901ef5ad18e4391d92db765bf7eb552de73b8705cc98158d2553882188279b08__aug_20251014043101_236.jpg,black_rot
/content/drive/My Drive/Colab Notebooks/apple_leaf_specialist/data/final/train/black_rot/e8fc45af54990e566083dd9230b55e7408f20b0161afa6734eb29acf478c9040__aug_20251014043101_237.jpg,black_rot
/content/drive/My Drive/Colab Notebooks/apple_leaf_specialist/data/final/train/black_rot/c2f4053c3b92717e705a8ecc84419308c244e269d82f78db4e47f440a351ba3b__aug_20251014043101_238.jpg,black_rot
/content/drive/My Drive/Colab Notebooks/apple_leaf_specialist/data/final/train/black_rot/8aeff6e2d3916477c9123b1812e536cbc54ccbaa9fe223ed8670b1bb86ea9bb1__aug_20251014043101_239.jpg,black_rot
/content/drive/My Drive/Colab Notebooks/apple_leaf_specialist/data/final/train/black_rot/c0671fc44b8038107bbc1b0fd2a6405b8eda52dde57773e17b6ca3ad54934c76__aug_20251014043101_240.jpg,black_rot
/content/drive/My Drive/Colab Notebooks/apple_leaf_specialist/data/final/train/black_rot/71f591d8f971a301e8398a2ae16ab9be0ce1045fd691fd6a57808b6dc0041257__aug_20251014043101_241.jpg,black_rot
/content/drive/My Drive/Colab Notebooks/apple_leaf_specialist/data/final/train/black_rot/e05f9a519723cb5e7f2d95946f7a6ca821dd56e7a7c990f1da49c5d3d50784be__aug_20251014043101_242.jpg,black_rot
/content/drive/My Drive/Colab Notebooks/apple_leaf_specialist/data/final/train/black_rot/f98cc40d1766266c92c6bf777197385ca9e77b11f63b85453e1ffd899c0324bc__aug_20251014043101_243.jpg,black_rot
/content/drive/My Drive/Colab Notebooks/apple_leaf_specialist/data/final/train/black_rot/b7823f974696b265ac5490b9a2aa048e85f57e17ccc2c49412019b2df0e53753__aug_20251014043101_244.jpg,black_rot
/content/drive/My Drive/Colab Notebooks/apple_leaf_specialist/data/final/train/black_rot/e583c02c977c2b877aa394657a2c2fe8b6b6e2084e25b5364743ac797da758dc__aug_20251014043101_245.jpg,black_rot
/content/drive/My Drive/Colab Notebooks/apple_leaf_specialist/data/final/train/black_rot/954ea4b3f5b44786e7dbbbccb8dc22eb0e2b7e6117ef72c8093f05ac51379b11__aug_20251014043101_246.jpg,black_rot
/content/drive/My Drive/Colab Notebooks/apple_leaf_specialist/data/final/train/black_rot/08223b57d9d9e2a42243571d60009b0f1850444fa9f046d9ac507da60b339a43__aug_20251014043101_247.jpg,black_rot
/content/drive/My Drive/Colab Notebooks/apple_leaf_specialist/data/final/train/black_rot/8b1938c5ce337298c0fe4a7e82311d04f449bdfa863180c3db8cdbe620b22db6__aug_20251014043101_248.jpg,black_rot
/content/drive/My Drive/Colab Notebooks/apple_leaf_specialist/data/final/train/black_rot/3bde23a4e603f6f545460cc1b4da87dc23b99e528d899c5f4eb81c3adc9b6d21__aug_20251014043101_249.jpg,black_rot
/content/drive/My Drive/Colab Notebooks/apple_leaf_specialist/data/final/train/black_rot/0005a15c47521fb2c36953184b7284c1acec56c0f7769b03ef53d4da90aa67e6__aug_20251014043101_250.jpg,black_rot
/content/drive/My Drive/Colab Notebooks/apple_leaf_specialist/data/final/train/black_rot/589bccbc89fe4bb1c481968eb986df33d3d31f7a48b7a0df447bd7a3fc3ba786__aug_20251014043101_251.jpg,black_rot
/content/drive/My Drive/Colab Notebooks/apple_leaf_specialist/data/final/train/black_rot/0258fd22a9a9e5845e21d795e5ab1fad443fd8e714f5f0d380c4e86d63029891__aug_20251014043101_252.jpg,black_rot
/content/drive/My Drive/Colab Notebooks/apple_leaf_specialist/data/final/train/black_rot/d8f72c29b3cd2548cc2ff0af8949b523592513c3c17360ce281f0c0be5085379__aug_20251014043101_253.jpg,black_rot
/content/drive/My Drive/Colab Notebooks/apple_leaf_specialist/data/final/train/black_rot/9f78b75038cf7a8124f8961402068b75e3bbbf58e8a5b9757ecc577b2e5a1c60__aug_20251014043101_254.jpg,black_rot
/content/drive/My Drive/Colab Notebooks/apple_leaf_specialist/data/final/train/black_rot/e712f1f3b90c5ce02989c0bc4a54843e3aec2dbd3d4a0b35cb1f46b4919cf35f__aug_20251014043101_255.jpg,black_rot
/content/drive/My Drive/Colab Notebooks/apple_leaf_specialist/data/final/train/black_rot/1bed0e392ce6887d37c989617e4e25420027df9a4fc72e606c9a4cb3017abf42__aug_20251014043101_256.jpg,black_rot
/content/drive/My Drive/Colab Notebooks/apple_leaf_specialist/data/final/train/black_rot/9b1d878003c14061df3c4c01247a2ad8c0bf40ae64e207a48fc31b57e1b4168c__aug_20251014043101_257.jpg,black_rot
/content/drive/My Drive/Colab Notebooks/apple_leaf_specialist/data/final/train/black_rot/f47894df45f83d02e5ea792b7c48177c16df5d52fdb5b0f831bcbdf7f382a112__aug_20251014043101_258.jpg,black_rot
/content/drive/My Drive/Colab Notebooks/apple_leaf_specialist/data/final/train/black_rot/67f411021d85e3610769db43c30ce885c40ddf0fecfc6743af3c51b4f2466fa2__aug_20251014043101_259.jpg,black_rot
/content/drive/My Drive/Colab Notebooks/apple_leaf_specialist/data/final/train/black_rot/324da53c6f36848241451bb07f7ecf86218753f70cc4603d82016889fca68a88__aug_20251014043101_260.jpg,black_rot
/content/drive/My Drive/Colab Notebooks/apple_leaf_specialist/data/final/train/black_rot/21bb53370ccaf8eb594f3619e12875dadcafb045791199eba697af20e0bcef0e__aug_20251014043101_261.jpg,black_rot
/content/drive/My Drive/Colab Notebooks/apple_leaf_specialist/data/final/train/black_rot/5656be5a2b91838c959dbebb19664dfe5cc11f297e059bd9a2d4467bf2a11ba4__aug_20251014043101_262.jpg,black_rot
/content/drive/My Drive/Colab Notebooks/apple_leaf_specialist/data/final/train/black_rot/98e12b15eb0fab1b0e0e16ed61a9bc0de37b57bfcf8a845176537f4c7f03cc15__aug_20251014043101_263.jpg,black_rot
/content/drive/My Drive/Colab Notebooks/apple_leaf_specialist/data/final/train/black_rot/778950db406333c541076d2e7eb48e53f4b655773288485cdd099df08cb4f82b__aug_20251014043101_264.jpg,black_rot
/content/drive/My Drive/Colab Notebooks/apple_leaf_specialist/data/final/train/black_rot/76640919087139ce7b82c7e3de367fe154c62cf917d5ffe3f0437c0188f948b3__aug_20251014043101_265.jpg,black_rot
/content/drive/My Drive/Colab Notebooks/apple_leaf_specialist/data/final/train/black_rot/d559d6d058e471627e838d2473874235c18701654476d90b19d310f091c414fe__aug_20251014043101_266.jpg,black_rot
/content/drive/My Drive/Colab Notebooks/apple_leaf_specialist/data/final/train/black_rot/ba993ce7488f00ed37c0ed0ca77cbfd2a5a4494e0076baa3fe132827c30acd1c__aug_20251014043101_267.jpg,black_rot
/content/drive/My Drive/Colab Notebooks/apple_leaf_specialist/data/final/train/black_rot/07aca7186540dfcd19d7957697e127966cd3c62c96a55576735a748aa7507361__aug_20251014043101_268.jpg,black_rot
/content/drive/My Drive/Colab Notebooks/apple_leaf_specialist/data/final/train/black_rot/21bb53370ccaf8eb594f3619e12875dadcafb045791199eba697af20e0bcef0e__aug_20251014043101_269.jpg,black_rot
/content/drive/My Drive/Colab Notebooks/apple_leaf_specialist/data/final/train/black_rot/85512825845eaeded78a28727f182ecd1136d3f79e6c7312fa7079cac2b01c21__aug_20251014043101_270.jpg,black_rot
/content/drive/My Drive/Colab Notebooks/apple_leaf_specialist/data/final/train/black_rot/4662794c4790c71f9b93076b19306bcbece8bae7235d254047b62bebcd67b561__aug_20251014043101_271.jpg,black_rot
/content/drive/My Drive/Colab Notebooks/apple_leaf_specialist/data/final/train/black_rot/af92d1f1466402b4ff29bbb2dee79e2024b665f517d71b9ac886c375f0f57b75__aug_20251014043101_272.jpg,black_rot
/content/drive/My Drive/Colab Notebooks/apple_leaf_specialist/data/final/train/black_rot/f02b08c6682e09bbacbe00b8f4448188a2884a31d4c0136e65d9f237d6cedb37__aug_20251014043101_273.jpg,black_rot
/content/drive/My Drive/Colab Notebooks/apple_leaf_specialist/data/final/train/black_rot/a322878fdf5eccae7fb9c2269c184e06a524c2df6ff675a182bd7e432b0e6d36__aug_20251014043101_274.jpg,black_rot
/content/drive/My Drive/Colab Notebooks/apple_leaf_specialist/data/final/train/black_rot/d6c4baa254d29da8b152122ac25c9e8fb8b86e080d315eec37c46e5c3f46b4c2__aug_20251014043101_275.jpg,black_rot
/content/drive/My Drive/Colab Notebooks/apple_leaf_specialist/data/final/train/black_rot/1cf45b5b487738520d245b7a892873bdd6b0e411aab867461652c6c4c3b2819c__aug_20251014043101_276.jpg,black_rot
/content/drive/My Drive/Colab Notebooks/apple_leaf_specialist/data/final/train/black_rot/7454563f079df1d1a44a4e311ee69af0d67698cbd00e69d8e248b33cbbcb4930__aug_20251014043101_277.jpg,black_rot
/content/drive/My Drive/Colab Notebooks/apple_leaf_specialist/data/final/train/black_rot/77e91707d82e2bab47d211b88a8589ffdbaba1e4510e88e90f590cc862ca7e16__aug_20251014043101_278.jpg,black_rot
/content/drive/My Drive/Colab Notebooks/apple_leaf_specialist/data/final/train/black_rot/3ed571924fc70d0e463113703b00968a178d3eb693f1a7c74eabc242eeac709e__aug_20251014043101_279.jpg,black_rot
/content/drive/My Drive/Colab Notebooks/apple_leaf_specialist/data/final/train/black_rot/d6fec50bc895194ba7ea37f854f2864bcdf3d447179c4b3948ac4ac7584b1361__aug_20251014043101_280.jpg,black_rot
/content/drive/My Drive/Colab Notebooks/apple_leaf_specialist/data/final/train/black_rot/afabb98999e83c6ae42f384c2f68a2bb8701022f8fbc06628f6fce44a791a216__aug_20251014043101_281.jpg,black_rot
/content/drive/My Drive/Colab Notebooks/apple_leaf_specialist/data/final/train/black_rot/86c3274164c8a976c9bb4cf53db58b1651d7597de31370f84867b4f110d5c71f__aug_20251014043101_282.jpg,black_rot
/content/drive/My Drive/Colab Notebooks/apple_leaf_specialist/data/final/train/black_rot/a658d18de4da413a37abd2c16da5b0971b28366eb9e56330659f90acbab6e66e__aug_20251014043101_283.jpg,black_rot
/content/drive/My Drive/Colab Notebooks/apple_leaf_specialist/data/final/train/black_rot/e261636d54c4b561a6959f6276e3496444b145215e07d69634e5de4f2dd3606c__aug_20251014043101_284.jpg,black_rot
/content/drive/My Drive/Colab Notebooks/apple_leaf_specialist/data/final/train/black_rot/09de92548221f1c121f56c296ab6e3b56fead0550c08800bdfb951c873f9569d__aug_20251014043101_285.jpg,black_rot
/content/drive/My Drive/Colab Notebooks/apple_leaf_specialist/data/final/train/black_rot/d0b38cb49cbe53ed91b79fa5a6c5d38d862a88cc48f9660915661346d1c28c9e__aug_20251014043101_286.jpg,black_rot
/content/drive/My Drive/Colab Notebooks/apple_leaf_specialist/data/final/train/black_rot/b5a6432fcbef2568326e99c112bc3f06b8a6ff9bfe1a96a0c993c6a71048f12a__aug_20251014043101_287.jpg,black_rot
/content/drive/My Drive/Colab Notebooks/apple_leaf_specialist/data/final/train/black_rot/e99388953626478bcdf5afe6030a8445e63210a6aa3dc25179d828da1dc8eb77__aug_20251014043101_288.jpg,black_rot
/content/drive/My Drive/Colab Notebooks/apple_leaf_specialist/data/final/train/black_rot/9a13a4e8c3e9167ceee78dfb8d2a46f98f0deb39001b6aed3d3baa7fa4b265da__aug_20251014043101_289.jpg,black_rot
/content/drive/My Drive/Colab Notebooks/apple_leaf_specialist/data/final/train/black_rot/8d5744821f6ec2afa8112cdf37ba798155d1f2c864dbddfa2a255df98be0aa2f__aug_20251014043101_290.jpg,black_rot
/content/drive/My Drive/Colab Notebooks/apple_leaf_specialist/data/final/train/black_rot/589bccbc89fe4bb1c481968eb986df33d3d31f7a48b7a0df447bd7a3fc3ba786__aug_20251014043101_291.jpg,black_rot
/content/drive/My Drive/Colab Notebooks/apple_leaf_specialist/data/final/train/black_rot/9ff8c44f4d1b45cbd685d17b12768ee8127ddf06ff80b8c24096b065cf81a1a8__aug_20251014043101_292.jpg,black_rot
/content/drive/My Drive/Colab Notebooks/apple_leaf_specialist/data/final/train/black_rot/600332827cffd24f7b1e8086a952cf0dabf06f65d11fd562b232afcb58d99a86__aug_20251014043101_293.jpg,black_rot
/content/drive/My Drive/Colab Notebooks/apple_leaf_specialist/data/final/train/black_rot/389b4be177d78a748bd184f0ece234746531ad1e6a193177b93f8d256fc63de4__aug_20251014043101_294.jpg,black_rot
/content/drive/My Drive/Colab Notebooks/apple_leaf_specialist/data/final/train/black_rot/ac440b3a25bf80a683a94888f3ec8d469a023fbc22bdb5b9cabc4e2228e5386d__aug_20251014043101_295.jpg,black_rot
/content/drive/My Drive/Colab Notebooks/apple_leaf_specialist/data/final/train/black_rot/cbd45e66ef2ee6066bca2fdf7ed89579bad6ed4da8ed0f5fc128fbe56eab3edf__aug_20251014043101_296.jpg,black_rot
/content/drive/My Drive/Colab Notebooks/apple_leaf_specialist/data/final/train/black_rot/f102ee8cb56f6924d092120ae41b7862da1bc0b616ec8fbf32bf407cbe51d96b__aug_20251014043101_297.jpg,black_rot
/content/drive/My Drive/Colab Notebooks/apple_leaf_specialist/data/final/train/black_rot/901ef5ad18e4391d92db765bf7eb552de73b8705cc98158d2553882188279b08__aug_20251014043101_298.jpg,black_rot
/content/drive/My Drive/Colab Notebooks/apple_leaf_specialist/data/final/train/black_rot/1dd411d1092452e29a7b0b5ef6d1987c38adb89c7d75c6db8d72d2dffa67b2e0__aug_20251014043101_299.jpg,black_rot
/content/drive/My Drive/Colab Notebooks/apple_leaf_specialist/data/final/train/black_rot/cbd45e66ef2ee6066bca2fdf7ed89579bad6ed4da8ed0f5fc128fbe56eab3edf__aug_20251014043101_300.jpg,black_rot
/content/drive/My Drive/Colab Notebooks/apple_leaf_specialist/data/final/train/black_rot/b3a84003b855df4ebb307d8f6a9372d186df045cd43c679f973763a3ff572dbd__aug_20251014043101_301.jpg,black_rot
/content/drive/My Drive/Colab Notebooks/apple_leaf_specialist/data/final/train/black_rot/f2b8bd22471257ff526f9adf6b550e6b4d4ae7a12208c95a3b90761fd377097d__aug_20251014043101_302.jpg,black_rot
/content/drive/My Drive/Colab Notebooks/apple_leaf_specialist/data/final/train/black_rot/9f28af71e9c0a225be63459a406824218696a60b39c4a507de4356ee6c3e70e1__aug_20251014043101_303.jpg,black_rot
/content/drive/My Drive/Colab Notebooks/apple_leaf_specialist/data/final/train/black_rot/9815b0f03e332e06eca6b1c59fbd07e3d4ef74b84cbfbc813b28949427a66945__aug_20251014043101_304.jpg,black_rot
/content/drive/My Drive/Colab Notebooks/apple_leaf_specialist/data/final/train/black_rot/f65e41b136cf85e6c9357fb8f6e3a405a1f5739e8b1018d88bdac6001518fd7c__aug_20251014043101_305.jpg,black_rot
/content/drive/My Drive/Colab Notebooks/apple_leaf_specialist/data/final/train/black_rot/bb4cef54272f70e87d3138a1e37790129689462773f603476e33c96a382c6c53__aug_20251014043101_306.jpg,black_rot
/content/drive/My Drive/Colab Notebooks/apple_leaf_specialist/data/final/train/black_rot/1ebc0bfd1f5d85a395aeceb9d44c7e11d868f017d6bdca564782feb0dacc052b__aug_20251014043101_307.jpg,black_rot
/content/drive/My Drive/Colab Notebooks/apple_leaf_specialist/data/final/train/black_rot/4f08ce7b83cfe66b8ccd20ef87c89af9d4b9789e652abe3b05bb1a0340764391__aug_20251014043101_308.jpg,black_rot
/content/drive/My Drive/Colab Notebooks/apple_leaf_specialist/data/final/train/black_rot/ef05eb3f01d097022f52f09e87005cbe4d5ec700b7285c3ecffb084277f8b343__aug_20251014043101_309.jpg,black_rot
/content/drive/My Drive/Colab Notebooks/apple_leaf_specialist/data/final/train/black_rot/2205372ae71e093939681da90ac422270b6f6da867c88c356ea6ea2c48d89a22__aug_20251014043101_310.jpg,black_rot
/content/drive/My Drive/Colab Notebooks/apple_leaf_specialist/data/final/train/black_rot/675f13f85758c56409dbba36b1050a74a9446c06bf57cd3144b5bbecc510f8aa__aug_20251014043101_311.jpg,black_rot
/content/drive/My Drive/Colab Notebooks/apple_leaf_specialist/data/final/train/black_rot/212c84318ffe9a9039607dc80bd302982f0cdbd3d7bb8fdbdcd4db8a57ebefc4__aug_20251014043101_312.jpg,black_rot
/content/drive/My Drive/Colab Notebooks/apple_leaf_specialist/data/final/train/black_rot/3e269d2009cb46f16e4097f267628d60cb21c62831dbc6657e31bf0cd3eb96ea__aug_20251014043101_313.jpg,black_rot
/content/drive/My Drive/Colab Notebooks/apple_leaf_specialist/data/final/train/black_rot/9a43e866f38745e8f5f6402064f4c17923072335328a3d48cf8b4713d2e1d7ef__aug_20251014043101_314.jpg,black_rot
/content/drive/My Drive/Colab Notebooks/apple_leaf_specialist/data/final/train/black_rot/9a43e866f38745e8f5f6402064f4c17923072335328a3d48cf8b4713d2e1d7ef__aug_20251014043101_315.jpg,black_rot
/content/drive/My Drive/Colab Notebooks/apple_leaf_specialist/data/final/train/black_rot/e6ba95daa53f2c482139b76f2cc1fd56841be4dedfa7b49b9fc91200dd46a15c__aug_20251014043101_316.jpg,black_rot
/content/drive/My Drive/Colab Notebooks/apple_leaf_specialist/data/final/train/black_rot/72cc91733d4145f8f489b584454213aed24b4008616ffab0b3ed5405048051ef__aug_20251014043101_317.jpg,black_rot
/content/drive/My Drive/Colab Notebooks/apple_leaf_specialist/data/final/train/black_rot/2c39086551317558444414900ad772854c41b0fd1cfab814018684be264b5b81__aug_20251014043101_318.jpg,black_rot
/content/drive/My Drive/Colab Notebooks/apple_leaf_specialist/data/final/train/black_rot/11294dd570328ca64fdd0f3bffc487c7652a0d09095f6d9778e46af27c8d904c__aug_20251014043101_319.jpg,black_rot
/content/drive/My Drive/Colab Notebooks/apple_leaf_specialist/data/final/train/black_rot/abb8783bf576fe5dde2f541659db7b52f451d38fc0132b9b56c81edd08d53a3f__aug_20251014043101_320.jpg,black_rot
/content/drive/My Drive/Colab Notebooks/apple_leaf_specialist/data/final/train/black_rot/ff27d3e265d59ee67c98e7708642190759ea2ecc9119f781c2b5a9b3452556e8__aug_20251014043101_321.jpg,black_rot
/content/drive/My Drive/Colab Notebooks/apple_leaf_specialist/data/final/train/black_rot/98904127f3192b374385e6848976a218a72702d8a78d32653f76a30f916739c5__aug_20251014043101_322.jpg,black_rot
/content/drive/My Drive/Colab Notebooks/apple_leaf_specialist/data/final/train/black_rot/d6c4baa254d29da8b152122ac25c9e8fb8b86e080d315eec37c46e5c3f46b4c2__aug_20251014043101_323.jpg,black_rot
/content/drive/My Drive/Colab Notebooks/apple_leaf_specialist/data/final/train/black_rot/d6c4baa254d29da8b152122ac25c9e8fb8b86e080d315eec37c46e5c3f46b4c2__aug_20251014043101_324.jpg,black_rot
/content/drive/My Drive/Colab Notebooks/apple_leaf_specialist/data/final/train/black_rot/da7dfa49c5cf4664ea9654709115d9ff735a03f53575a772ec15c76d4fee414d__aug_20251014043101_325.jpg,black_rot
/content/drive/My Drive/Colab Notebooks/apple_leaf_specialist/data/final/train/black_rot/69f9b7a2143d7b4923e1322b8e8131fe2e8596f153ad47f2622602e32e10f576__aug_20251014043101_326.jpg,black_rot
/content/drive/My Drive/Colab Notebooks/apple_leaf_specialist/data/final/train/black_rot/e712f1f3b90c5ce02989c0bc4a54843e3aec2dbd3d4a0b35cb1f46b4919cf35f__aug_20251014043101_327.jpg,black_rot
/content/drive/My Drive/Colab Notebooks/apple_leaf_specialist/data/final/train/black_rot/2838dbe2b7191b40e3325d76f2f13f7c350a7e3f4738c9cbf56d2ac5e50037bb__aug_20251014043101_328.jpg,black_rot
/content/drive/My Drive/Colab Notebooks/apple_leaf_specialist/data/final/train/black_rot/b1ee26bf8b077a3f3dccfac419cc0aec44a8f7bcba3a3277b975142d6606ed67__aug_20251014043101_329.jpg,black_rot
/content/drive/My Drive/Colab Notebooks/apple_leaf_specialist/data/final/train/black_rot/05b541b0168f09a1a88c11b58e34b76786b172450e50c54e9c40763eec7b52c7__aug_20251014043101_330.jpg,black_rot
/content/drive/My Drive/Colab Notebooks/apple_leaf_specialist/data/final/train/black_rot/ef05eb3f01d097022f52f09e87005cbe4d5ec700b7285c3ecffb084277f8b343__aug_20251014043101_331.jpg,black_rot
/content/drive/My Drive/Colab Notebooks/apple_leaf_specialist/data/final/train/black_rot/ac440b3a25bf80a683a94888f3ec8d469a023fbc22bdb5b9cabc4e2228e5386d__aug_20251014043101_332.jpg,black_rot
/content/drive/My Drive/Colab Notebooks/apple_leaf_specialist/data/final/train/black_rot/a1d4b17710c5f96e01e6ec001c2cc5cd7e7b368c7db51fac98be24c804594872__aug_20251014043101_333.jpg,black_rot
/content/drive/My Drive/Colab Notebooks/apple_leaf_specialist/data/final/train/black_rot/becdda18157207eb6805c9a9d24070353ecb53356b99670695e1c033899f24d0__aug_20251014043101_334.jpg,black_rot
/content/drive/My Drive/Colab Notebooks/apple_leaf_specialist/data/final/train/black_rot/73aeb2e3f79c2506096368d138b62c2d91edc78c9fbdd9b65ef3f1386fc44014__aug_20251014043101_335.jpg,black_rot
/content/drive/My Drive/Colab Notebooks/apple_leaf_specialist/data/final/train/black_rot/bb4cef54272f70e87d3138a1e37790129689462773f603476e33c96a382c6c53__aug_20251014043101_336.jpg,black_rot
/content/drive/My Drive/Colab Notebooks/apple_leaf_specialist/data/final/train/black_rot/9b1d878003c14061df3c4c01247a2ad8c0bf40ae64e207a48fc31b57e1b4168c__aug_20251014043101_337.jpg,black_rot
/content/drive/My Drive/Colab Notebooks/apple_leaf_specialist/data/final/train/black_rot/d29ea0e720a1adb1e4bfde1086f256facce1759e5ef3aebcf55b8616c6f7d7fa__aug_20251014043101_338.jpg,black_rot
/content/drive/My Drive/Colab Notebooks/apple_leaf_specialist/data/final/train/black_rot/7e023e5aa8face7a2b5ef22fd5411aeac522413ccba053a17a9bc7481a39d17b__aug_20251014043101_339.jpg,black_rot
/content/drive/My Drive/Colab Notebooks/apple_leaf_specialist/data/final/train/black_rot/c29dfae3a86294bb5c29eceac2907e25a261a2b612d65fd09906fdbd0c0e0324__aug_20251014043101_340.jpg,black_rot
/content/drive/My Drive/Colab Notebooks/apple_leaf_specialist/data/final/train/black_rot/1d71b2fc7447c5c72e4228b2ccefc9479fae00d803bae782b95e81cfc9442a67__aug_20251014043101_341.jpg,black_rot
/content/drive/My Drive/Colab Notebooks/apple_leaf_specialist/data/final/train/black_rot/2205372ae71e093939681da90ac422270b6f6da867c88c356ea6ea2c48d89a22__aug_20251014043101_342.jpg,black_rot
/content/drive/My Drive/Colab Notebooks/apple_leaf_specialist/data/final/train/black_rot/22d04f0cc590e0d099cc367c4c04a05b7c7f69d57691325eff281bb74a3ace28__aug_20251014043101_343.jpg,black_rot
/content/drive/My Drive/Colab Notebooks/apple_leaf_specialist/data/final/train/black_rot/ff27d3e265d59ee67c98e7708642190759ea2ecc9119f781c2b5a9b3452556e8__aug_20251014043101_344.jpg,black_rot
/content/drive/My Drive/Colab Notebooks/apple_leaf_specialist/data/final/train/black_rot/600d7312195f6d9260fa88a923a844bd19d354cafe089b752f4d637d4c52b4c0__aug_20251014043101_345.jpg,black_rot
/content/drive/My Drive/Colab Notebooks/apple_leaf_specialist/data/final/train/black_rot/3595a001c527db7c82f94de09bac217d76db57232dbd0d308a445ac2e0c992e5__aug_20251014043101_346.jpg,black_rot
/content/drive/My Drive/Colab Notebooks/apple_leaf_specialist/data/final/train/black_rot/f8720efca64455173dfc4f95443c72ebcc0558136e1e6c230533d827ef140ce6__aug_20251014043101_347.jpg,black_rot
/content/drive/My Drive/Colab Notebooks/apple_leaf_specialist/data/final/train/black_rot/b1247dd6f410d5611b4f31ae2131bec7f57a6c436820eb1ac0f53fa7f533bdc8__aug_20251014043101_348.jpg,black_rot
/content/drive/My Drive/Colab Notebooks/apple_leaf_specialist/data/final/train/black_rot/f8e342a51162ff2b155b5b6e817baf3ddf7adc5284f9b06332a556712ac4de48__aug_20251014043101_349.jpg,black_rot
/content/drive/My Drive/Colab Notebooks/apple_leaf_specialist/data/final/train/black_rot/af0847e5d749d5b2a2938de599a45f223af7c57ecf335609f255f3af1e622957__aug_20251014043101_350.jpg,black_rot
/content/drive/My Drive/Colab Notebooks/apple_leaf_specialist/data/final/train/black_rot/c29dfae3a86294bb5c29eceac2907e25a261a2b612d65fd09906fdbd0c0e0324__aug_20251014043101_351.jpg,black_rot
/content/drive/My Drive/Colab Notebooks/apple_leaf_specialist/data/final/train/black_rot/2bd3c1b42f4b72d23289be627a9f53670710362b341978444180ad5dcac28988__aug_20251014043101_352.jpg,black_rot
/content/drive/My Drive/Colab Notebooks/apple_leaf_specialist/data/final/train/black_rot/47da761ea601c748ae2038283113b2694c1d7004a887809a7cbecf3b7e8dacb9__aug_20251014043101_353.jpg,black_rot
/content/drive/My Drive/Colab Notebooks/apple_leaf_specialist/data/final/train/black_rot/f47894df45f83d02e5ea792b7c48177c16df5d52fdb5b0f831bcbdf7f382a112__aug_20251014043101_354.jpg,black_rot
/content/drive/My Drive/Colab Notebooks/apple_leaf_specialist/data/final/train/black_rot/ce4e3c5c3c9e108f53a6d496a281197629a105fd4f4ad3069b6b7ac78600cea3__aug_20251014043101_355.jpg,black_rot
/content/drive/My Drive/Colab Notebooks/apple_leaf_specialist/data/final/train/black_rot/21bb53370ccaf8eb594f3619e12875dadcafb045791199eba697af20e0bcef0e__aug_20251014043101_356.jpg,black_rot
/content/drive/My Drive/Colab Notebooks/apple_leaf_specialist/data/final/train/black_rot/7a12d2f93a58707eceb72a4731c1730182a2ac69e45b2f0b5a345623319774c1__aug_20251014043101_357.jpg,black_rot
/content/drive/My Drive/Colab Notebooks/apple_leaf_specialist/data/final/train/black_rot/4d14bc2f4830eab4dafd80880a18800af2395ee61bc3ac920afdfa657e5c9bc6__aug_20251014043101_358.jpg,black_rot
/content/drive/My Drive/Colab Notebooks/apple_leaf_specialist/data/final/train/black_rot/181d93cc2335d02f6b3887d171772fc3155cf9ebe1d8f574bca39c920ea10278__aug_20251014043101_359.jpg,black_rot
/content/drive/My Drive/Colab Notebooks/apple_leaf_specialist/data/final/train/black_rot/73829db7725d275ca9cc474a2a46e44bc0f399223b6916a9b43f530ccab496e4__aug_20251014043101_360.jpg,black_rot
/content/drive/My Drive/Colab Notebooks/apple_leaf_specialist/data/final/train/black_rot/af151d7b986735300a2a7fc739fba10027fd7d9cd628eccb636220039432698a__aug_20251014043101_361.jpg,black_rot
/content/drive/My Drive/Colab Notebooks/apple_leaf_specialist/data/final/train/black_rot/d29ea0e720a1adb1e4bfde1086f256facce1759e5ef3aebcf55b8616c6f7d7fa__aug_20251014043101_362.jpg,black_rot
/content/drive/My Drive/Colab Notebooks/apple_leaf_specialist/data/final/train/black_rot/8aeff6e2d3916477c9123b1812e536cbc54ccbaa9fe223ed8670b1bb86ea9bb1__aug_20251014043101_363.jpg,black_rot
/content/drive/My Drive/Colab Notebooks/apple_leaf_specialist/data/final/train/black_rot/4d14bc2f4830eab4dafd80880a18800af2395ee61bc3ac920afdfa657e5c9bc6__aug_20251014043101_364.jpg,black_rot
/content/drive/My Drive/Colab Notebooks/apple_leaf_specialist/data/final/train/black_rot/0fd3160a2f39d326ddc5b911528446225a8eda2659b3dd8cf44b40617757108d__aug_20251014043101_365.jpg,black_rot
/content/drive/My Drive/Colab Notebooks/apple_leaf_specialist/data/final/train/black_rot/a9974199b2aa2c4b4ae91a7a8268a8230d02de2202d7162c1cd3625a0de276e6__aug_20251014043101_366.jpg,black_rot
/content/drive/My Drive/Colab Notebooks/apple_leaf_specialist/data/final/train/black_rot/5863ad17d93f0713dd88d526de716009e6696f30219260944177b30cb5a127a1__aug_20251014043101_367.jpg,black_rot
/content/drive/My Drive/Colab Notebooks/apple_leaf_specialist/data/final/train/black_rot/5abbffcc3ff48e1213e72dde2ef1612fca007cb29b8675ec4addc6ed87b52f9a__aug_20251014043101_368.jpg,black_rot
/content/drive/My Drive/Colab Notebooks/apple_leaf_specialist/data/final/train/black_rot/0509c15ebfd12f8a0fa4fb98a2c499cfb92723a00bb45ef41027212a5e37d804__aug_20251014043101_369.jpg,black_rot
/content/drive/My Drive/Colab Notebooks/apple_leaf_specialist/data/final/train/black_rot/287db1e35fad654e60432bd9ccc1bb46b2fb9ae743f1be0fd0dda024c933a084__aug_20251014043101_370.jpg,black_rot
/content/drive/My Drive/Colab Notebooks/apple_leaf_specialist/data/final/train/black_rot/2df30f0ffced4df5429df24c5208a8f1087dce5cd6d9aafe76bbf0ecb9fc25ab__aug_20251014043101_371.jpg,black_rot
/content/drive/My Drive/Colab Notebooks/apple_leaf_specialist/data/final/train/black_rot/d0b38cb49cbe53ed91b79fa5a6c5d38d862a88cc48f9660915661346d1c28c9e__aug_20251014043101_372.jpg,black_rot
/content/drive/My Drive/Colab Notebooks/apple_leaf_specialist/data/final/train/black_rot/2165d356257ef4f15f53a0bd114d541627d7a8bb627f21e70f4fdd2853613444__aug_20251014043101_373.jpg,black_rot
/content/drive/My Drive/Colab Notebooks/apple_leaf_specialist/data/final/train/black_rot/02ffb953d09911cdf0e429ff5c0b02847d58ac108b4b8513947f5cbdbbd5a3ff__aug_20251014043101_374.jpg,black_rot
/content/drive/My Drive/Colab Notebooks/apple_leaf_specialist/data/final/train/black_rot/4a654740d64707aaf59f6aec8041ba0b6c2763443c52d9a485ce99a8358988a7__aug_20251014043101_375.jpg,black_rot
/content/drive/My Drive/Colab Notebooks/apple_leaf_specialist/data/final/train/black_rot/98e12b15eb0fab1b0e0e16ed61a9bc0de37b57bfcf8a845176537f4c7f03cc15__aug_20251014043101_376.jpg,black_rot
/content/drive/My Drive/Colab Notebooks/apple_leaf_specialist/data/final/train/black_rot/73aeb2e3f79c2506096368d138b62c2d91edc78c9fbdd9b65ef3f1386fc44014__aug_20251014043101_377.jpg,black_rot
/content/drive/My Drive/Colab Notebooks/apple_leaf_specialist/data/final/train/black_rot/1dd411d1092452e29a7b0b5ef6d1987c38adb89c7d75c6db8d72d2dffa67b2e0__aug_20251014043101_378.jpg,black_rot
/content/drive/My Drive/Colab Notebooks/apple_leaf_specialist/data/final/train/black_rot/a36515839d601373baab902ad3f2b40195ff3bf7025db7ebad5ab23b0604214a__aug_20251014043101_379.jpg,black_rot
/content/drive/My Drive/Colab Notebooks/apple_leaf_specialist/data/final/train/black_rot/1bed0e392ce6887d37c989617e4e25420027df9a4fc72e606c9a4cb3017abf42__aug_20251014043101_380.jpg,black_rot
/content/drive/My Drive/Colab Notebooks/apple_leaf_specialist/data/final/train/black_rot/a8e536fb52a5818416a0130facffd01559c9d6816bb2d84e8af3dd36a9db0644__aug_20251014043101_381.jpg,black_rot
/content/drive/My Drive/Colab Notebooks/apple_leaf_specialist/data/final/train/black_rot/589bccbc89fe4bb1c481968eb986df33d3d31f7a48b7a0df447bd7a3fc3ba786__aug_20251014043101_382.jpg,black_rot
/content/drive/My Drive/Colab Notebooks/apple_leaf_specialist/data/final/train/black_rot/b3a243368686416671376efe0bb485d0fcf86a7c4cfe4956c0af94ee58658736__aug_20251014043101_383.jpg,black_rot
/content/drive/My Drive/Colab Notebooks/apple_leaf_specialist/data/final/train/black_rot/4ece842fd7086ec35a665af9cfc6710793746ef18bfa31bc75312f02027774ee__aug_20251014043101_384.jpg,black_rot
/content/drive/My Drive/Colab Notebooks/apple_leaf_specialist/data/final/train/black_rot/486e72784322a84b0384a851a4c610fbe44fba144c638ba461b757a44a697a4b__aug_20251014043101_385.jpg,black_rot
/content/drive/My Drive/Colab Notebooks/apple_leaf_specialist/data/final/train/black_rot/4057aac00e5b1a584aee55eb9254e16bffe05b492131dd76551d956718b6bf8a__aug_20251014043101_386.jpg,black_rot
/content/drive/My Drive/Colab Notebooks/apple_leaf_specialist/data/final/train/black_rot/266bb0aa4703cccc19c4d517ab5604e13fb49992d05e1ee072411a97d2c1c869__aug_20251014043101_387.jpg,black_rot
/content/drive/My Drive/Colab Notebooks/apple_leaf_specialist/data/final/train/black_rot/b34f7ca7ee4010a65e4107e30f219a2d6e842306a9f0a85280639f9a2167461a__aug_20251014043101_388.jpg,black_rot
/content/drive/My Drive/Colab Notebooks/apple_leaf_specialist/data/final/train/black_rot/e8bd679085796f84fc43a6ca4843a3880c860025cd708936730868d2d8c930f0__aug_20251014043101_389.jpg,black_rot
/content/drive/My Drive/Colab Notebooks/apple_leaf_specialist/data/final/train/black_rot/aac36b1785c3a126ec4d3127c8dc53b0d8cc8cf31d280b014ec1f6afc62ac9cc__aug_20251014043101_390.jpg,black_rot
/content/drive/My Drive/Colab Notebooks/apple_leaf_specialist/data/final/train/black_rot/f17d2fde45ff410df30319348ea0f560c4583a95a82b4fae01013c0ce3e7ae5d__aug_20251014043101_391.jpg,black_rot
/content/drive/My Drive/Colab Notebooks/apple_leaf_specialist/data/final/train/black_rot/7ad4cb45b526e8d41a9486347d0bd59066f4774311bbd205b856d27430fe3223__aug_20251014043101_392.jpg,black_rot
/content/drive/My Drive/Colab Notebooks/apple_leaf_specialist/data/final/train/black_rot/4cd3eba94a51ef46d04ec3416d6f3b0c9f9673b79ad74ac95163b6c485df0678__aug_20251014043101_393.jpg,black_rot
/content/drive/My Drive/Colab Notebooks/apple_leaf_specialist/data/final/train/black_rot/6be31f3d6560386caf83d6c03d03312f01d1f6efd6a4713740482128ab2dcd48__aug_20251014043101_394.jpg,black_rot
/content/drive/My Drive/Colab Notebooks/apple_leaf_specialist/data/final/train/black_rot/099badffdc171f375fe0923d0bbbcf770d16d91df1490faecee8b21f49587bc2__aug_20251014043101_395.jpg,black_rot
/content/drive/My Drive/Colab Notebooks/apple_leaf_specialist/data/final/train/black_rot/2205372ae71e093939681da90ac422270b6f6da867c88c356ea6ea2c48d89a22__aug_20251014043101_396.jpg,black_rot
/content/drive/My Drive/Colab Notebooks/apple_leaf_specialist/data/final/train/black_rot/e2958d27959c06e44b1f10be5ad0e77d7be55ae4b47e5afdda51f2fd814d5223__aug_20251014043101_397.jpg,black_rot
/content/drive/My Drive/Colab Notebooks/apple_leaf_specialist/data/final/train/black_rot/0f593ba759dd9fc6e72f3eb8c090775ea36ead61d6cf120589b0b286e8d1bc17__aug_20251014043101_398.jpg,black_rot
/content/drive/My Drive/Colab Notebooks/apple_leaf_specialist/data/final/train/black_rot/b3a243368686416671376efe0bb485d0fcf86a7c4cfe4956c0af94ee58658736__aug_20251014043101_399.jpg,black_rot
/content/drive/My Drive/Colab Notebooks/apple_leaf_specialist/data/final/train/black_rot/6d62c196d75a24d9600fcef87601e0153e9ce30f3a2969a4d13e0fc528c3feb5__aug_20251014043101_400.jpg,black_rot
/content/drive/My Drive/Colab Notebooks/apple_leaf_specialist/data/final/train/black_rot/3f580fa18ead5011d3b5061c79b2a6b425764472319c78b83742fbc1a9688961__aug_20251014043101_401.jpg,black_rot
/content/drive/My Drive/Colab Notebooks/apple_leaf_specialist/data/final/train/black_rot/76271f4f49015dd92236de59486adfe97d490923149cbf024c9e45458b799baa__aug_20251014043101_402.jpg,black_rot
/content/drive/My Drive/Colab Notebooks/apple_leaf_specialist/data/final/train/black_rot/a36515839d601373baab902ad3f2b40195ff3bf7025db7ebad5ab23b0604214a__aug_20251014043101_403.jpg,black_rot
/content/drive/My Drive/Colab Notebooks/apple_leaf_specialist/data/final/train/black_rot/600d7312195f6d9260fa88a923a844bd19d354cafe089b752f4d637d4c52b4c0__aug_20251014043101_404.jpg,black_rot
/content/drive/My Drive/Colab Notebooks/apple_leaf_specialist/data/final/train/black_rot/52804e1c269f0480082b888ed0c757f435f1d9a94f74e5fba86f3b69604d21af__aug_20251014043101_405.jpg,black_rot
/content/drive/My Drive/Colab Notebooks/apple_leaf_specialist/data/final/train/black_rot/4035c159599cba03e9f948252fab3bad626f3cc8e893a0c1fe59f2133c79e83d__aug_20251014043101_406.jpg,black_rot
/content/drive/My Drive/Colab Notebooks/apple_leaf_specialist/data/final/train/black_rot/2bd3c1b42f4b72d23289be627a9f53670710362b341978444180ad5dcac28988__aug_20251014043101_407.jpg,black_rot
/content/drive/My Drive/Colab Notebooks/apple_leaf_specialist/data/final/train/black_rot/dd69c526cce362fed3b9d90aa44f78aedb1b367516e5808191a8f2af555faeba__aug_20251014043101_408.jpg,black_rot
/content/drive/My Drive/Colab Notebooks/apple_leaf_specialist/data/final/train/black_rot/a658d18de4da413a37abd2c16da5b0971b28366eb9e56330659f90acbab6e66e__aug_20251014043101_409.jpg,black_rot
/content/drive/My Drive/Colab Notebooks/apple_leaf_specialist/data/final/train/black_rot/762a200dc396189846231eea90f804fc3be80eadb8bb0ba6ed88f242353fb1b3__aug_20251014043101_410.jpg,black_rot
/content/drive/My Drive/Colab Notebooks/apple_leaf_specialist/data/final/train/black_rot/0916b8764dd1f6f820c9b0104290ada2e6e858c87dc06aa5e4256e9f467b51be__aug_20251014043101_411.jpg,black_rot
/content/drive/My Drive/Colab Notebooks/apple_leaf_specialist/data/final/train/black_rot/0258fd22a9a9e5845e21d795e5ab1fad443fd8e714f5f0d380c4e86d63029891__aug_20251014043101_412.jpg,black_rot
/content/drive/My Drive/Colab Notebooks/apple_leaf_specialist/data/final/train/black_rot/69f9b7a2143d7b4923e1322b8e8131fe2e8596f153ad47f2622602e32e10f576__aug_20251014043101_413.jpg,black_rot
/content/drive/My Drive/Colab Notebooks/apple_leaf_specialist/data/final/train/black_rot/7b82fa12cad833683c66fd95b483fdc320ca786b5006ceae9a42f704a6b52b4a__aug_20251014043101_414.jpg,black_rot
/content/drive/My Drive/Colab Notebooks/apple_leaf_specialist/data/final/train/black_rot/b66e633615ff7b42d2806a7b0d0254f9f782f4b8fc118eb9b4b173a41c54caaa__aug_20251014043101_415.jpg,black_rot
/content/drive/My Drive/Colab Notebooks/apple_leaf_specialist/data/final/train/black_rot/72cc91733d4145f8f489b584454213aed24b4008616ffab0b3ed5405048051ef__aug_20251014043101_416.jpg,black_rot
/content/drive/My Drive/Colab Notebooks/apple_leaf_specialist/data/final/train/black_rot/57db56e65d17309ac19a59ddadc3c1f1c79dc1cb6d0ce118e0abd5c80146d6e5__aug_20251014043101_417.jpg,black_rot
/content/drive/My Drive/Colab Notebooks/apple_leaf_specialist/data/final/train/black_rot/0509c15ebfd12f8a0fa4fb98a2c499cfb92723a00bb45ef41027212a5e37d804__aug_20251014043101_418.jpg,black_rot
/content/drive/My Drive/Colab Notebooks/apple_leaf_specialist/data/final/train/black_rot/2845574cd64fea4e907d7dd95e19b363f58947e5bde3c15b357ae3b0db4b4613__aug_20251014043101_419.jpg,black_rot
/content/drive/My Drive/Colab Notebooks/apple_leaf_specialist/data/final/train/black_rot/bb4cef54272f70e87d3138a1e37790129689462773f603476e33c96a382c6c53__aug_20251014043101_420.jpg,black_rot
/content/drive/My Drive/Colab Notebooks/apple_leaf_specialist/data/final/train/black_rot/d6fec50bc895194ba7ea37f854f2864bcdf3d447179c4b3948ac4ac7584b1361__aug_20251014043101_421.jpg,black_rot
/content/drive/My Drive/Colab Notebooks/apple_leaf_specialist/data/final/train/black_rot/009398065c88cc065ed21ac285d6821fe27d0698a95e7d91f2e411aab939fa64__aug_20251014043101_422.jpg,black_rot
/content/drive/My Drive/Colab Notebooks/apple_leaf_specialist/data/final/train/black_rot/a14d25d89977b65034fcbeaddeed11aa1e566c170e13c27108c7ce6f3035d5db__aug_20251014043101_423.jpg,black_rot
/content/drive/My Drive/Colab Notebooks/apple_leaf_specialist/data/final/train/black_rot/8c5e41880968209553d76cd9c94b8a624d9b3e71d17cb751103283ce0530af2b__aug_20251014043101_424.jpg,black_rot
/content/drive/My Drive/Colab Notebooks/apple_leaf_specialist/data/final/train/black_rot/81f9ea08effee13e1c814c0a4a1954d522f74bd6566e845bbe4a98aa275c5369__aug_20251014043101_425.jpg,black_rot
/content/drive/My Drive/Colab Notebooks/apple_leaf_specialist/data/final/train/black_rot/cab8ee2ab4ba6467d033c8239c4aafa8477d7386e824de5d0e0e0d16b9d83b3d__aug_20251014043101_426.jpg,black_rot
/content/drive/My Drive/Colab Notebooks/apple_leaf_specialist/data/final/train/black_rot/02ffb953d09911cdf0e429ff5c0b02847d58ac108b4b8513947f5cbdbbd5a3ff__aug_20251014043101_427.jpg,black_rot
/content/drive/My Drive/Colab Notebooks/apple_leaf_specialist/data/final/train/black_rot/2d20574f97cb42f05394e9ab9916e7df70e7d253a3f02a78bc5a7f6db269e38c__aug_20251014043101_428.jpg,black_rot
/content/drive/My Drive/Colab Notebooks/apple_leaf_specialist/data/final/train/black_rot/d7a2fa30c3fa3d68e0b46cdc86601e4527fb8de41ab72c38a528d94f63e847f2__aug_20251014043101_429.jpg,black_rot
/content/drive/My Drive/Colab Notebooks/apple_leaf_specialist/data/final/train/black_rot/ae0cd487227d455fc60cd93fbf74d35f8eb8ba5762916fa4a688b9a783243f09__aug_20251014043101_430.jpg,black_rot
/content/drive/My Drive/Colab Notebooks/apple_leaf_specialist/data/final/train/black_rot/c29dfae3a86294bb5c29eceac2907e25a261a2b612d65fd09906fdbd0c0e0324__aug_20251014043101_431.jpg,black_rot
/content/drive/My Drive/Colab Notebooks/apple_leaf_specialist/data/final/train/black_rot/11294dd570328ca64fdd0f3bffc487c7652a0d09095f6d9778e46af27c8d904c__aug_20251014043101_432.jpg,black_rot
/content/drive/My Drive/Colab Notebooks/apple_leaf_specialist/data/final/train/black_rot/d1a2919d0c9a2f09d4f239b510a059e39ddbeb511883aa0905315218cba2e864__aug_20251014043101_433.jpg,black_rot
/content/drive/My Drive/Colab Notebooks/apple_leaf_specialist/data/final/train/black_rot/cab25ec746d759c9b5f0e467f14928b8d1b9773692d30c65462a514abdc2924b__aug_20251014043101_434.jpg,black_rot
/content/drive/My Drive/Colab Notebooks/apple_leaf_specialist/data/final/train/rust/0a917e28cbb611fa9f7709fac472b322e43c8e7c76a5be4896a8a12193014268__aug_20251014043101_0.jpg,rust
/content/drive/My Drive/Colab Notebooks/apple_leaf_specialist/data/final/train/rust/78fea776753cd09e6fcd10e76439f47428fa2c407e2034dbd9dd17dfeabe5fc9__aug_20251014043101_1.jpg,rust
/content/drive/My Drive/Colab Notebooks/apple_leaf_specialist/data/final/train/rust/d16dd28b342bf248e0e32b07b4b9dedcf253040b4a16e4dea58b7e2cd9b6645a__aug_20251014043101_2.jpg,rust
/content/drive/My Drive/Colab Notebooks/apple_leaf_specialist/data/final/train/rust/129b619d6856dd27c54f4f8b0f09fc703fe4d753eaadaf1a7720e361a34a5781__aug_20251014043101_3.jpg,rust
/content/drive/My Drive/Colab Notebooks/apple_leaf_specialist/data/final/train/rust/6fbaf3d600b84fdad90d2729c2cc869f1aa401cad2091430957f4283cb786b8a__aug_20251014043101_4.jpg,rust
/content/drive/My Drive/Colab Notebooks/apple_leaf_specialist/data/final/train/rust/29e778e7617cfbae182979b6d5f5b9e6807225922be06dea25b7f4ac5083fb11__aug_20251014043101_5.jpg,rust
/content/drive/My Drive/Colab Notebooks/apple_leaf_specialist/data/final/train/rust/5f8f7f54af74d0bdbe0c769120af6817dfa29eb1ef875ff2a89a5839439fcd8f__aug_20251014043101_6.jpg,rust
/content/drive/My Drive/Colab Notebooks/apple_leaf_specialist/data/final/train/rust/2d4f5ec3489207b092b2377a329522a0968ad55a45385641ae3ef21fdb04f279__aug_20251014043101_7.jpg,rust
/content/drive/My Drive/Colab Notebooks/apple_leaf_specialist/data/final/train/rust/394a9449b1043babc690a50f3094bdec9b317a460858649cbc2c697761c99029__aug_20251014043101_8.jpg,rust
/content/drive/My Drive/Colab Notebooks/apple_leaf_specialist/data/final/train/rust/02ce4b375e1db8152fbc17dce68d58b46776211a0838aeaf8090e650922124ed__aug_20251014043101_9.jpg,rust
/content/drive/My Drive/Colab Notebooks/apple_leaf_specialist/data/final/train/rust/0a917e28cbb611fa9f7709fac472b322e43c8e7c76a5be4896a8a12193014268__aug_20251014043101_10.jpg,rust
/content/drive/My Drive/Colab Notebooks/apple_leaf_specialist/data/final/train/rust/1315da4c54aa5bf83549f2449fddc7b8dd904889ace491b0378a47455ac8f29b__aug_20251014043101_11.jpg,rust
/content/drive/My Drive/Colab Notebooks/apple_leaf_specialist/data/final/train/rust/8855210f3e6a196d5c31d700ada314cc65dc556f12863e2d3e30dbf48e73bd86__aug_20251014043101_12.jpg,rust
/content/drive/My Drive/Colab Notebooks/apple_leaf_specialist/data/final/train/rust/cb89b8caae888297c001a38f0433ca6eeeae2b57ac3ca8e76eaa61e25292eeae__aug_20251014043101_13.jpg,rust
/content/drive/My Drive/Colab Notebooks/apple_leaf_specialist/data/final/train/rust/eabecb820f39ae4153d08663dc00810b334ee846caf588f50df91e8610960743__aug_20251014043101_14.jpg,rust
/content/drive/My Drive/Colab Notebooks/apple_leaf_specialist/data/final/train/rust/6343e659b79a0384fe32263c30116eda4428cd16168ebd07601bfc4ffc6d06ac__aug_20251014043101_15.jpg,rust
/content/drive/My Drive/Colab Notebooks/apple_leaf_specialist/data/final/train/rust/dd65c7939a5f664b98e884be5056c127f78b4e03c058adb57df7cbe3a4c1b5bf__aug_20251014043101_16.jpg,rust
/content/drive/My Drive/Colab Notebooks/apple_leaf_specialist/data/final/train/rust/bb0d3d0d5f6cbb2f42f7aae473a7e2edf2700ea93495724bc22743d972da5c93__aug_20251014043101_17.jpg,rust
/content/drive/My Drive/Colab Notebooks/apple_leaf_specialist/data/final/train/rust/77e3dafbc8d7e98deb29a8ba079a1298b428a6c2fe7e177934b67282187e6fa4__aug_20251014043101_18.jpg,rust
/content/drive/My Drive/Colab Notebooks/apple_leaf_specialist/data/final/train/rust/d89c60bd3ee9052700dc459bc0469f1b722097e0af88b4ae33ff25579d0e23b0__aug_20251014043101_19.jpg,rust
/content/drive/My Drive/Colab Notebooks/apple_leaf_specialist/data/final/train/rust/65804b50ec5bc9d35fb2263478a49ba2df58b05d511162146fff3a42bca26717__aug_20251014043101_20.jpg,rust
/content/drive/My Drive/Colab Notebooks/apple_leaf_specialist/data/final/train/rust/39506b40eae4ef5aa989fcf7f08fb807ad9eab6b1955ada7f16c60e8bb03b9f7__aug_20251014043101_21.jpg,rust
/content/drive/My Drive/Colab Notebooks/apple_leaf_specialist/data/final/train/rust/bc2bd846227c05e500dd7b9530932375b92feb8de41367279b38485f7b3d815b__aug_20251014043101_22.jpg,rust
/content/drive/My Drive/Colab Notebooks/apple_leaf_specialist/data/final/train/rust/de77b0639eefa85328745fd37cec5d2cc349962159b4c48f3203e60a74313a7c__aug_20251014043101_23.jpg,rust
/content/drive/My Drive/Colab Notebooks/apple_leaf_specialist/data/final/train/rust/19027548542bc844c61e124a4be6bf975d2c99dc7fe7150ded02e663826f5284__aug_20251014043101_24.jpg,rust
/content/drive/My Drive/Colab Notebooks/apple_leaf_specialist/data/final/train/rust/b1aa5ccf4d4f83c26bb3b2b2a19069aec94d63fcdb21025ca69695c9af02143d__aug_20251014043101_25.jpg,rust
/content/drive/My Drive/Colab Notebooks/apple_leaf_specialist/data/final/train/rust/f73b887734600b8affa3d70f8ef50fe8c6a5308a7a55a4294e82d50f45fe2ab3__aug_20251014043101_26.jpg,rust
/content/drive/My Drive/Colab Notebooks/apple_leaf_specialist/data/final/train/rust/c372a29b10c77f5f4ac682f1c7462c9db6e71c368d80233fce1ae902c8227329__aug_20251014043101_27.jpg,rust
/content/drive/My Drive/Colab Notebooks/apple_leaf_specialist/data/final/train/rust/26d8c1f2f32a1d18e14bf459d8f2541774d1906a0f72d8884fddac630de08cd6__aug_20251014043101_28.jpg,rust
/content/drive/My Drive/Colab Notebooks/apple_leaf_specialist/data/final/train/rust/bb0d3d0d5f6cbb2f42f7aae473a7e2edf2700ea93495724bc22743d972da5c93__aug_20251014043101_29.jpg,rust
/content/drive/My Drive/Colab Notebooks/apple_leaf_specialist/data/final/train/rust/5e73fa900280b1daf9e8525fe0a0d3aa1aece415b919ca971fcfd7740ec785fa__aug_20251014043101_30.jpg,rust
/content/drive/My Drive/Colab Notebooks/apple_leaf_specialist/data/final/train/rust/63d6bed2d9bd428a578759698d8dbeafe7c9daf9b0f4c625d1eb7a44e6213aab__aug_20251014043101_31.jpg,rust
/content/drive/My Drive/Colab Notebooks/apple_leaf_specialist/data/final/train/rust/e331c472c5274d57ae7a96db41e40350eb166b76ebf2a44fd3e74d81e0e1dc62__aug_20251014043101_32.jpg,rust
/content/drive/My Drive/Colab Notebooks/apple_leaf_specialist/data/final/train/rust/7f1b88d4c58ebe65eeb29464807b3e45d774ed0804452a99be0b5b4b85ef3d68__aug_20251014043101_33.jpg,rust
/content/drive/My Drive/Colab Notebooks/apple_leaf_specialist/data/final/train/rust/25bab3c0b4c381c649c621a88f9a59e34960b8927cb93ece2bac05e61929f951__aug_20251014043101_34.jpg,rust
/content/drive/My Drive/Colab Notebooks/apple_leaf_specialist/data/final/train/rust/6f08ffd2ee93ebf61b252d9ec9b0169cc0b429d35294c6ab0da688ac0d04fd00__aug_20251014043101_35.jpg,rust
/content/drive/My Drive/Colab Notebooks/apple_leaf_specialist/data/final/train/rust/13f37b5a109069abad99dd82e9323b71e0fda4dd2848a669019a3b41a853c0df__aug_20251014043101_36.jpg,rust
/content/drive/My Drive/Colab Notebooks/apple_leaf_specialist/data/final/train/rust/40e69ed2908894daeb5a7a97e750d073c23bdd6c05ca1a85550e86b27532db19__aug_20251014043101_37.jpg,rust
/content/drive/My Drive/Colab Notebooks/apple_leaf_specialist/data/final/train/rust/50c059ea3c2da8069bfbdc2bffd4d8ce03f6102326bc35e8c082bcaba7e27f3b__aug_20251014043101_38.jpg,rust
/content/drive/My Drive/Colab Notebooks/apple_leaf_specialist/data/final/train/rust/bf21d82a371bdf575419825f02af596a967c703278b267ee81a5b63515d0909c__aug_20251014043101_39.jpg,rust
/content/drive/My Drive/Colab Notebooks/apple_leaf_specialist/data/final/train/rust/9fd8be10054caf8697417588dcbcea920a54ae1b3fb48275eba02bec3765dbcc__aug_20251014043101_40.jpg,rust
/content/drive/My Drive/Colab Notebooks/apple_leaf_specialist/data/final/train/rust/e4055dcb01873f7daa9ecf5c97cafa8abc0f06907759bbc6d02fc14b7e253761__aug_20251014043101_41.jpg,rust
/content/drive/My Drive/Colab Notebooks/apple_leaf_specialist/data/final/train/rust/63d6bed2d9bd428a578759698d8dbeafe7c9daf9b0f4c625d1eb7a44e6213aab__aug_20251014043101_42.jpg,rust
/content/drive/My Drive/Colab Notebooks/apple_leaf_specialist/data/final/train/rust/3f1799da1c39a61d7d4779b0213cf65694f0365f7e9c123a2b0e7dce084d1acc__aug_20251014043101_43.jpg,rust
/content/drive/My Drive/Colab Notebooks/apple_leaf_specialist/data/final/train/rust/5e73fa900280b1daf9e8525fe0a0d3aa1aece415b919ca971fcfd7740ec785fa__aug_20251014043101_44.jpg,rust
/content/drive/My Drive/Colab Notebooks/apple_leaf_specialist/data/final/train/rust/d0efa12951f8c44241d846493346f591616b02c2e9579550164b0776bfe5a19f__aug_20251014043101_45.jpg,rust
/content/drive/My Drive/Colab Notebooks/apple_leaf_specialist/data/final/train/rust/84b88f0d4c121229e1e3c22d41d951ded21097fb0c621ea0956ae952dd66f075__aug_20251014043101_46.jpg,rust
/content/drive/My Drive/Colab Notebooks/apple_leaf_specialist/data/final/train/rust/bb0d3d0d5f6cbb2f42f7aae473a7e2edf2700ea93495724bc22743d972da5c93__aug_20251014043101_47.jpg,rust
/content/drive/My Drive/Colab Notebooks/apple_leaf_specialist/data/final/train/rust/c16a04bc12b566f4cfbc258a47442f4eb785ba8c510671ba1d8452cf0565597a__aug_20251014043101_48.jpg,rust
/content/drive/My Drive/Colab Notebooks/apple_leaf_specialist/data/final/train/rust/39506b40eae4ef5aa989fcf7f08fb807ad9eab6b1955ada7f16c60e8bb03b9f7__aug_20251014043101_49.jpg,rust
/content/drive/My Drive/Colab Notebooks/apple_leaf_specialist/data/final/train/rust/42d340a94bc829a1da7719501c48b28960b43748563a00f0d4b6d2c4c5cee0eb__aug_20251014043101_50.jpg,rust
/content/drive/My Drive/Colab Notebooks/apple_leaf_specialist/data/final/train/rust/07f1cde82146db076058fe7f963f2904b72382ef27086ba85157de6bc66f33cb__aug_20251014043101_51.jpg,rust
/content/drive/My Drive/Colab Notebooks/apple_leaf_specialist/data/final/train/rust/c16a04bc12b566f4cfbc258a47442f4eb785ba8c510671ba1d8452cf0565597a__aug_20251014043101_52.jpg,rust
/content/drive/My Drive/Colab Notebooks/apple_leaf_specialist/data/final/train/rust/1ee5f6b4067486275833c0e12a7b30226138ef46d1989b5f5a4a93f11ec13203__aug_20251014043101_53.jpg,rust
/content/drive/My Drive/Colab Notebooks/apple_leaf_specialist/data/final/train/rust/37f9777bd695d2fa638d0a3c141466d0a7bbfd6288f52ec23d9496547af8b7d6__aug_20251014043101_54.jpg,rust
/content/drive/My Drive/Colab Notebooks/apple_leaf_specialist/data/final/train/rust/da6168caa196e536fcb8319e88020bc95f23d3980703231b23017dfaceed51ba__aug_20251014043101_55.jpg,rust
/content/drive/My Drive/Colab Notebooks/apple_leaf_specialist/data/final/train/rust/d25e17c392df85a51e153ced6e01450f07db8bd6abe922ea4badb7b9e7737036__aug_20251014043101_56.jpg,rust
/content/drive/My Drive/Colab Notebooks/apple_leaf_specialist/data/final/train/rust/3407dfd170b657431e05a426669ae0fa242723145ae02b491d8d6dc16c0eb6a6__aug_20251014043101_57.jpg,rust
/content/drive/My Drive/Colab Notebooks/apple_leaf_specialist/data/final/train/rust/d6c78bd2a3b7a6682952dc0e56aa84ef5965522cb7bb4967169196fb5be4e9f1__aug_20251014043101_58.jpg,rust
/content/drive/My Drive/Colab Notebooks/apple_leaf_specialist/data/final/train/rust/62222edaab216165f018cf8064bdc3550ee6bb167f37b604a1cea2bbbefa9143__aug_20251014043101_59.jpg,rust
/content/drive/My Drive/Colab Notebooks/apple_leaf_specialist/data/final/train/rust/e4c1cb5e062f1bddd96be19376e250791f2eac5757f891aa81b8ae1954fcd165__aug_20251014043101_60.jpg,rust
/content/drive/My Drive/Colab Notebooks/apple_leaf_specialist/data/final/train/rust/3b7372c5464dc00f5d31660a199bac92e44bb0df76497d3c98af658f9e6dcac2__aug_20251014043101_61.jpg,rust
/content/drive/My Drive/Colab Notebooks/apple_leaf_specialist/data/final/train/rust/6bd9321b644793b409b386a4e35fe7d0b130f78b86fd83b47cd4f8e8a07fb0ac__aug_20251014043101_62.jpg,rust
/content/drive/My Drive/Colab Notebooks/apple_leaf_specialist/data/final/train/rust/8f475b2df3734f9ec4714e1762e2f160fc43abf0e3e31ed28465c585333b0551__aug_20251014043101_63.jpg,rust
/content/drive/My Drive/Colab Notebooks/apple_leaf_specialist/data/final/train/rust/3b64e7bdd0b35a9a788abbc6dbe1fa9a2a080b91f8405f43ff60d768f88d8abb__aug_20251014043101_64.jpg,rust
/content/drive/My Drive/Colab Notebooks/apple_leaf_specialist/data/final/train/rust/d16dd28b342bf248e0e32b07b4b9dedcf253040b4a16e4dea58b7e2cd9b6645a__aug_20251014043101_65.jpg,rust
/content/drive/My Drive/Colab Notebooks/apple_leaf_specialist/data/final/train/rust/8551f4a3d1f54fc9d95306bd4559c4c78cceb003e9547ce794c7251229211782__aug_20251014043101_66.jpg,rust
/content/drive/My Drive/Colab Notebooks/apple_leaf_specialist/data/final/train/rust/4d299c7ea7b649d28416c0e3f577d81ba98af8ee81a0b2f149b8709fafec951e__aug_20251014043101_67.jpg,rust
/content/drive/My Drive/Colab Notebooks/apple_leaf_specialist/data/final/train/rust/1315da4c54aa5bf83549f2449fddc7b8dd904889ace491b0378a47455ac8f29b__aug_20251014043101_68.jpg,rust
/content/drive/My Drive/Colab Notebooks/apple_leaf_specialist/data/final/train/rust/ac83f94acdf306f10797ad53ee68131fc745a0146a5ec131322dddc67b02e564__aug_20251014043101_69.jpg,rust
/content/drive/My Drive/Colab Notebooks/apple_leaf_specialist/data/final/train/rust/87b3525264d9ca2955f04f0834303c06ddfaf60eba44cf58cab57c3df54597d5__aug_20251014043101_70.jpg,rust
/content/drive/My Drive/Colab Notebooks/apple_leaf_specialist/data/final/train/rust/783ae2c1572113b7c2730eaffd825cee090be1b7001ac1eb085dcc9a05bdeb8f__aug_20251014043101_71.jpg,rust
/content/drive/My Drive/Colab Notebooks/apple_leaf_specialist/data/final/train/rust/13a3c6a35e063af569e5c773000e8aa7ae4fab32e7ee0b9ecdaa3c6db4e0ca47__aug_20251014043101_72.jpg,rust
/content/drive/My Drive/Colab Notebooks/apple_leaf_specialist/data/final/train/rust/61b2eb47d2468982ba8b94eff3a5bcc1fbfe7c761e77d55ba9a6542fe0a3d9f3__aug_20251014043101_73.jpg,rust
/content/drive/My Drive/Colab Notebooks/apple_leaf_specialist/data/final/train/rust/6fbaf3d600b84fdad90d2729c2cc869f1aa401cad2091430957f4283cb786b8a__aug_20251014043101_74.jpg,rust
/content/drive/My Drive/Colab Notebooks/apple_leaf_specialist/data/final/train/rust/62a2e23e138803bcd32e3abdfbe9e03a60cabc1c78e4624ad9e561f02fba4976__aug_20251014043101_75.jpg,rust
/content/drive/My Drive/Colab Notebooks/apple_leaf_specialist/data/final/train/rust/40e69ed2908894daeb5a7a97e750d073c23bdd6c05ca1a85550e86b27532db19__aug_20251014043101_76.jpg,rust
/content/drive/My Drive/Colab Notebooks/apple_leaf_specialist/data/final/train/rust/ea495a8223a2f496120fd0eb5328a213124a7562c37ab5a1a1c898dbde18faf4__aug_20251014043101_77.jpg,rust
/content/drive/My Drive/Colab Notebooks/apple_leaf_specialist/data/final/train/rust/61288b0cbb4afad76480d6c13f5c27b2f1d97edf936b649a41dd3ead70f68334__aug_20251014043101_78.jpg,rust
/content/drive/My Drive/Colab Notebooks/apple_leaf_specialist/data/final/train/rust/dd65c7939a5f664b98e884be5056c127f78b4e03c058adb57df7cbe3a4c1b5bf__aug_20251014043101_79.jpg,rust
/content/drive/My Drive/Colab Notebooks/apple_leaf_specialist/data/final/train/rust/5e73fa900280b1daf9e8525fe0a0d3aa1aece415b919ca971fcfd7740ec785fa__aug_20251014043101_80.jpg,rust
/content/drive/My Drive/Colab Notebooks/apple_leaf_specialist/data/final/train/rust/84b88f0d4c121229e1e3c22d41d951ded21097fb0c621ea0956ae952dd66f075__aug_20251014043101_81.jpg,rust
/content/drive/My Drive/Colab Notebooks/apple_leaf_specialist/data/final/train/rust/19027548542bc844c61e124a4be6bf975d2c99dc7fe7150ded02e663826f5284__aug_20251014043101_82.jpg,rust
/content/drive/My Drive/Colab Notebooks/apple_leaf_specialist/data/final/train/rust/da6168caa196e536fcb8319e88020bc95f23d3980703231b23017dfaceed51ba__aug_20251014043101_83.jpg,rust
/content/drive/My Drive/Colab Notebooks/apple_leaf_specialist/data/final/train/rust/61b2eb47d2468982ba8b94eff3a5bcc1fbfe7c761e77d55ba9a6542fe0a3d9f3__aug_20251014043101_84.jpg,rust
/content/drive/My Drive/Colab Notebooks/apple_leaf_specialist/data/final/train/rust/77e3dafbc8d7e98deb29a8ba079a1298b428a6c2fe7e177934b67282187e6fa4__aug_20251014043101_85.jpg,rust
/content/drive/My Drive/Colab Notebooks/apple_leaf_specialist/data/final/train/rust/c2a85813635fb088af3be4a7bf74a96511de1d6c37e209a1b007d4090121d2ba__aug_20251014043101_86.jpg,rust
/content/drive/My Drive/Colab Notebooks/apple_leaf_specialist/data/final/train/rust/c16a04bc12b566f4cfbc258a47442f4eb785ba8c510671ba1d8452cf0565597a__aug_20251014043101_87.jpg,rust
/content/drive/My Drive/Colab Notebooks/apple_leaf_specialist/data/final/train/rust/ccef130cad697f22ce51a2d7d513daa166fc1309ef2885304ead1ad4761a54ed__aug_20251014043101_88.jpg,rust
/content/drive/My Drive/Colab Notebooks/apple_leaf_specialist/data/final/train/rust/8855210f3e6a196d5c31d700ada314cc65dc556f12863e2d3e30dbf48e73bd86__aug_20251014043101_89.jpg,rust
/content/drive/My Drive/Colab Notebooks/apple_leaf_specialist/data/final/train/rust/3ba543b5a442f50c0516ccb87bf04328ebaa4c9db2d925044e630477542bc6f2__aug_20251014043101_90.jpg,rust
/content/drive/My Drive/Colab Notebooks/apple_leaf_specialist/data/final/train/rust/336436525be38ad26d9438b8d9f048fb587ace7dd250eee819cc0d3a788b4132__aug_20251014043101_91.jpg,rust
/content/drive/My Drive/Colab Notebooks/apple_leaf_specialist/data/final/train/rust/7f1b88d4c58ebe65eeb29464807b3e45d774ed0804452a99be0b5b4b85ef3d68__aug_20251014043101_92.jpg,rust
/content/drive/My Drive/Colab Notebooks/apple_leaf_specialist/data/final/train/rust/a17b6fc3781c4cb1bf06135120970206ffcf760627fc169a2cacbd85cfa94090__aug_20251014043101_93.jpg,rust
/content/drive/My Drive/Colab Notebooks/apple_leaf_specialist/data/final/train/rust/9fd8be10054caf8697417588dcbcea920a54ae1b3fb48275eba02bec3765dbcc__aug_20251014043101_94.jpg,rust
/content/drive/My Drive/Colab Notebooks/apple_leaf_specialist/data/final/train/rust/ff581363f2046d28190945130cffa1671a19e35cbe55a4da9ca8515508f33948__aug_20251014043101_95.jpg,rust
/content/drive/My Drive/Colab Notebooks/apple_leaf_specialist/data/final/train/rust/5b18ae2ab10a470706212aa0f6b9a0094624d3f3dda22bf651c912193155e05b__aug_20251014043101_96.jpg,rust
/content/drive/My Drive/Colab Notebooks/apple_leaf_specialist/data/final/train/rust/62a2e23e138803bcd32e3abdfbe9e03a60cabc1c78e4624ad9e561f02fba4976__aug_20251014043101_97.jpg,rust
/content/drive/My Drive/Colab Notebooks/apple_leaf_specialist/data/final/train/rust/87b3525264d9ca2955f04f0834303c06ddfaf60eba44cf58cab57c3df54597d5__aug_20251014043101_98.jpg,rust
/content/drive/My Drive/Colab Notebooks/apple_leaf_specialist/data/final/train/rust/aa63fc632b8ba154f62f90705d94ca405ca69aea9980949932a6741a2d6d87f3__aug_20251014043101_99.jpg,rust
/content/drive/My Drive/Colab Notebooks/apple_leaf_specialist/data/final/train/rust/47044e7a4a2955644a3cd94277425a3d54bfa1df62b91dc9ea1f5c85dc901680__aug_20251014043101_100.jpg,rust
/content/drive/My Drive/Colab Notebooks/apple_leaf_specialist/data/final/train/rust/f0fd6b314b081dfec2672f0f3c6d8e451e58a016e5cbd3dff0a9f63979ecea56__aug_20251014043101_101.jpg,rust
/content/drive/My Drive/Colab Notebooks/apple_leaf_specialist/data/final/train/rust/d25e17c392df85a51e153ced6e01450f07db8bd6abe922ea4badb7b9e7737036__aug_20251014043101_102.jpg,rust
/content/drive/My Drive/Colab Notebooks/apple_leaf_specialist/data/final/train/rust/5468f6b7a2f4420d41965ce1baae8988b7e86be5c21086d1e80ab9e5ff3ea1e0__aug_20251014043101_103.jpg,rust
/content/drive/My Drive/Colab Notebooks/apple_leaf_specialist/data/final/train/rust/7f1b88d4c58ebe65eeb29464807b3e45d774ed0804452a99be0b5b4b85ef3d68__aug_20251014043101_104.jpg,rust
/content/drive/My Drive/Colab Notebooks/apple_leaf_specialist/data/final/train/rust/06ededb69ba2e6b26e57ca818cb9451b346a034483eb07d5ea85ac45ea6c21f9__aug_20251014043101_105.jpg,rust
/content/drive/My Drive/Colab Notebooks/apple_leaf_specialist/data/final/train/rust/6fbaf3d600b84fdad90d2729c2cc869f1aa401cad2091430957f4283cb786b8a__aug_20251014043101_106.jpg,rust
/content/drive/My Drive/Colab Notebooks/apple_leaf_specialist/data/final/train/rust/3e977224aa17efeefc0547c528e709e9247817089dcd1d0e48a6f226534e7860__aug_20251014043101_107.jpg,rust
/content/drive/My Drive/Colab Notebooks/apple_leaf_specialist/data/final/train/rust/63bc7aea61a72ffe7736b913efd247ab70e1603fb0442618f899f1a50e928e88__aug_20251014043101_108.jpg,rust
/content/drive/My Drive/Colab Notebooks/apple_leaf_specialist/data/final/train/rust/62a2e23e138803bcd32e3abdfbe9e03a60cabc1c78e4624ad9e561f02fba4976__aug_20251014043101_109.jpg,rust
/content/drive/My Drive/Colab Notebooks/apple_leaf_specialist/data/final/train/rust/62222edaab216165f018cf8064bdc3550ee6bb167f37b604a1cea2bbbefa9143__aug_20251014043101_110.jpg,rust
/content/drive/My Drive/Colab Notebooks/apple_leaf_specialist/data/final/train/rust/3407dfd170b657431e05a426669ae0fa242723145ae02b491d8d6dc16c0eb6a6__aug_20251014043101_111.jpg,rust
/content/drive/My Drive/Colab Notebooks/apple_leaf_specialist/data/final/train/rust/a20165e2cc97e6309a7eb236ce2b3c5808bb6c1d5fa0e5740155636aa030b219__aug_20251014043101_112.jpg,rust
/content/drive/My Drive/Colab Notebooks/apple_leaf_specialist/data/final/train/rust/059f9fbcc68fab5a2279529fd888366805b286fb451d64607a6525371c73bb8d__aug_20251014043101_113.jpg,rust
/content/drive/My Drive/Colab Notebooks/apple_leaf_specialist/data/final/train/rust/d4c0bfe269e28e6101129cb5b1edb37371899dc3eb66b92dd670a7684fc45cd8__aug_20251014043101_114.jpg,rust
/content/drive/My Drive/Colab Notebooks/apple_leaf_specialist/data/final/train/rust/3ba543b5a442f50c0516ccb87bf04328ebaa4c9db2d925044e630477542bc6f2__aug_20251014043101_115.jpg,rust
/content/drive/My Drive/Colab Notebooks/apple_leaf_specialist/data/final/train/rust/6dbef41c49c9fcf012e30661bb1857baf31df2cb0fa28192492caf2ca629718c__aug_20251014043101_116.jpg,rust
/content/drive/My Drive/Colab Notebooks/apple_leaf_specialist/data/final/train/rust/d6c78bd2a3b7a6682952dc0e56aa84ef5965522cb7bb4967169196fb5be4e9f1__aug_20251014043101_117.jpg,rust
/content/drive/My Drive/Colab Notebooks/apple_leaf_specialist/data/final/train/rust/adacaf9a1322157b29f418a3e9fa3cb98ac008ec6056cd657896ff7b9f35f718__aug_20251014043101_118.jpg,rust
/content/drive/My Drive/Colab Notebooks/apple_leaf_specialist/data/final/train/rust/1847bd92cde39dc0774c10b8a5d49a0ba55381794f1027ffe50d7fc3a453eea7__aug_20251014043101_119.jpg,rust
/content/drive/My Drive/Colab Notebooks/apple_leaf_specialist/data/final/train/rust/23312453e2660d89548ca45f43cac6bae73c301d7d67dbdacceb91d9e2c64557__aug_20251014043101_120.jpg,rust
/content/drive/My Drive/Colab Notebooks/apple_leaf_specialist/data/final/train/rust/e4c1cb5e062f1bddd96be19376e250791f2eac5757f891aa81b8ae1954fcd165__aug_20251014043101_121.jpg,rust
/content/drive/My Drive/Colab Notebooks/apple_leaf_specialist/data/final/train/rust/87a6cb33532110735d7ba70cda09cbf0f03e0f8faafedc589f43282196de4eec__aug_20251014043101_122.jpg,rust
/content/drive/My Drive/Colab Notebooks/apple_leaf_specialist/data/final/train/rust/45b9269fd390d05aca89eaab4f7da75f07f20a276060d204cbe0922ab4e7930e__aug_20251014043101_123.jpg,rust
/content/drive/My Drive/Colab Notebooks/apple_leaf_specialist/data/final/train/rust/f21c7ef088dfeb2c0c6f920c44674d6b23ab061a3d604cb486fc4bc25454b77b__aug_20251014043101_124.jpg,rust
/content/drive/My Drive/Colab Notebooks/apple_leaf_specialist/data/final/train/rust/a9126403995fd7616edf84e4ceccf638e129495fe2f1842afe198e9c6fe090b5__aug_20251014043101_125.jpg,rust
/content/drive/My Drive/Colab Notebooks/apple_leaf_specialist/data/final/train/rust/81aa9fe2bd350c4c5554a79f753c62aa142ae39e2574a053bc46f5babcd5278a__aug_20251014043101_126.jpg,rust
/content/drive/My Drive/Colab Notebooks/apple_leaf_specialist/data/final/train/rust/29e778e7617cfbae182979b6d5f5b9e6807225922be06dea25b7f4ac5083fb11__aug_20251014043101_127.jpg,rust
/content/drive/My Drive/Colab Notebooks/apple_leaf_specialist/data/final/train/rust/d96293a35d8ece21799e4e359c1fc304475280324208f4c631fd60b4455fd007__aug_20251014043101_128.jpg,rust
/content/drive/My Drive/Colab Notebooks/apple_leaf_specialist/data/final/train/rust/8b93b8700c2f911d2d4bf8cd494934cea46c267e5e9b6f2622eae6ec769452bc__aug_20251014043101_129.jpg,rust
/content/drive/My Drive/Colab Notebooks/apple_leaf_specialist/data/final/train/rust/d6c554d22a5a3e26527d75eb50b017988c8ce1f2a8ddcd1588f34c4a92d92b83__aug_20251014043101_130.jpg,rust
/content/drive/My Drive/Colab Notebooks/apple_leaf_specialist/data/final/train/rust/8a1b84730ab0b04d386e09ffc618bb8d3f13dfaeabef130e1b1e18600ac43d97__aug_20251014043101_131.jpg,rust
/content/drive/My Drive/Colab Notebooks/apple_leaf_specialist/data/final/train/rust/cf6736bd22f9ef9511dfb909e64aa20ef2e10d653295791ff2875e11f0a5679a__aug_20251014043101_132.jpg,rust
/content/drive/My Drive/Colab Notebooks/apple_leaf_specialist/data/final/train/rust/25bab3c0b4c381c649c621a88f9a59e34960b8927cb93ece2bac05e61929f951__aug_20251014043101_133.jpg,rust
/content/drive/My Drive/Colab Notebooks/apple_leaf_specialist/data/final/train/rust/bf21d82a371bdf575419825f02af596a967c703278b267ee81a5b63515d0909c__aug_20251014043101_134.jpg,rust
/content/drive/My Drive/Colab Notebooks/apple_leaf_specialist/data/final/train/rust/2d8326d21462f9f1819b87744d3fec1296d57e1fd556879dbf21a98a0e7dd2a8__aug_20251014043101_135.jpg,rust
/content/drive/My Drive/Colab Notebooks/apple_leaf_specialist/data/final/train/rust/7ee65c48018ebe11c9769c75faeb906a4c9cf3059f7ef92a724c4437e6e0e512__aug_20251014043101_136.jpg,rust
/content/drive/My Drive/Colab Notebooks/apple_leaf_specialist/data/final/train/rust/8493618c2dade9b7c403fbcb0cf636ca10cc4a1e684e0d0144ad7edfc9baff08__aug_20251014043101_137.jpg,rust
/content/drive/My Drive/Colab Notebooks/apple_leaf_specialist/data/final/train/rust/fa6f92301471dbe96bbf29b3d4932a4f4cd602d77a9d0620e0e28b5a591006ec__aug_20251014043101_138.jpg,rust
/content/drive/My Drive/Colab Notebooks/apple_leaf_specialist/data/final/train/rust/1315da4c54aa5bf83549f2449fddc7b8dd904889ace491b0378a47455ac8f29b__aug_20251014043101_139.jpg,rust
/content/drive/My Drive/Colab Notebooks/apple_leaf_specialist/data/final/train/rust/d6c78bd2a3b7a6682952dc0e56aa84ef5965522cb7bb4967169196fb5be4e9f1__aug_20251014043101_140.jpg,rust
/content/drive/My Drive/Colab Notebooks/apple_leaf_specialist/data/final/train/rust/b917a0fb98e954d6c3c06ccde1820a2e17a6f1b011cfbe7dbe86c3ae00c754d8__aug_20251014043101_141.jpg,rust
/content/drive/My Drive/Colab Notebooks/apple_leaf_specialist/data/final/train/rust/3f1799da1c39a61d7d4779b0213cf65694f0365f7e9c123a2b0e7dce084d1acc__aug_20251014043101_142.jpg,rust
/content/drive/My Drive/Colab Notebooks/apple_leaf_specialist/data/final/train/rust/4d299c7ea7b649d28416c0e3f577d81ba98af8ee81a0b2f149b8709fafec951e__aug_20251014043101_143.jpg,rust
/content/drive/My Drive/Colab Notebooks/apple_leaf_specialist/data/final/train/rust/ecdb626d98ce2141d5bc64579d65742e01ea4fe493fb49f35b7f44dbe9529720__aug_20251014043101_144.jpg,rust
/content/drive/My Drive/Colab Notebooks/apple_leaf_specialist/data/final/train/rust/afe753480c7e29f3244fa7d8874bee96bc8ff305055a326516a28c4069ce37c8__aug_20251014043101_145.jpg,rust
/content/drive/My Drive/Colab Notebooks/apple_leaf_specialist/data/final/train/rust/cde934f812b5048bbead8930939af2a341f83c403e2f12a793bff71315e891f3__aug_20251014043101_146.jpg,rust
/content/drive/My Drive/Colab Notebooks/apple_leaf_specialist/data/final/train/rust/87a6cb33532110735d7ba70cda09cbf0f03e0f8faafedc589f43282196de4eec__aug_20251014043101_147.jpg,rust
/content/drive/My Drive/Colab Notebooks/apple_leaf_specialist/data/final/train/rust/42a9ad27b4171796d85124f6c39cbc377fb783906d8b7a82b0a54b1787e8b1fc__aug_20251014043101_148.jpg,rust
/content/drive/My Drive/Colab Notebooks/apple_leaf_specialist/data/final/train/rust/a69746f473a6d85eb163d12f5a77bdd2f48c8665127fe81ec5f1bac859587ef4__aug_20251014043101_149.jpg,rust
/content/drive/My Drive/Colab Notebooks/apple_leaf_specialist/data/final/train/rust/a9126403995fd7616edf84e4ceccf638e129495fe2f1842afe198e9c6fe090b5__aug_20251014043101_150.jpg,rust
/content/drive/My Drive/Colab Notebooks/apple_leaf_specialist/data/final/train/rust/ac98fa92440c6b0d6333bd193512fa083a5231a6c2089ee3033669e1e4a05c97__aug_20251014043101_151.jpg,rust
/content/drive/My Drive/Colab Notebooks/apple_leaf_specialist/data/final/train/rust/b917a0fb98e954d6c3c06ccde1820a2e17a6f1b011cfbe7dbe86c3ae00c754d8__aug_20251014043101_152.jpg,rust
/content/drive/My Drive/Colab Notebooks/apple_leaf_specialist/data/final/train/rust/5a7284bf7ccee57b1980a94e2a88c127cddab9254b26cd39ff11d673a5e9205c__aug_20251014043101_153.jpg,rust
/content/drive/My Drive/Colab Notebooks/apple_leaf_specialist/data/final/train/rust/2851eac568e70e379f6b881d047f4736214b3db7d24ec7aa2fe8625464a42498__aug_20251014043101_154.jpg,rust
/content/drive/My Drive/Colab Notebooks/apple_leaf_specialist/data/final/train/rust/45b9269fd390d05aca89eaab4f7da75f07f20a276060d204cbe0922ab4e7930e__aug_20251014043101_155.jpg,rust
/content/drive/My Drive/Colab Notebooks/apple_leaf_specialist/data/final/train/rust/eabecb820f39ae4153d08663dc00810b334ee846caf588f50df91e8610960743__aug_20251014043101_156.jpg,rust
/content/drive/My Drive/Colab Notebooks/apple_leaf_specialist/data/final/train/rust/61288b0cbb4afad76480d6c13f5c27b2f1d97edf936b649a41dd3ead70f68334__aug_20251014043101_157.jpg,rust
/content/drive/My Drive/Colab Notebooks/apple_leaf_specialist/data/final/train/rust/78fea776753cd09e6fcd10e76439f47428fa2c407e2034dbd9dd17dfeabe5fc9__aug_20251014043101_158.jpg,rust
/content/drive/My Drive/Colab Notebooks/apple_leaf_specialist/data/final/train/rust/c8f7c7fc510f1df86e06e8eb0af082f0b14a61a8292b6d34efa8e38fb0f54386__aug_20251014043101_159.jpg,rust
/content/drive/My Drive/Colab Notebooks/apple_leaf_specialist/data/final/train/rust/62222edaab216165f018cf8064bdc3550ee6bb167f37b604a1cea2bbbefa9143__aug_20251014043101_160.jpg,rust
/content/drive/My Drive/Colab Notebooks/apple_leaf_specialist/data/final/train/rust/d16dd28b342bf248e0e32b07b4b9dedcf253040b4a16e4dea58b7e2cd9b6645a__aug_20251014043101_161.jpg,rust
/content/drive/My Drive/Colab Notebooks/apple_leaf_specialist/data/final/train/rust/c8f7c7fc510f1df86e06e8eb0af082f0b14a61a8292b6d34efa8e38fb0f54386__aug_20251014043101_162.jpg,rust
/content/drive/My Drive/Colab Notebooks/apple_leaf_specialist/data/final/train/rust/0a917e28cbb611fa9f7709fac472b322e43c8e7c76a5be4896a8a12193014268__aug_20251014043101_163.jpg,rust
/content/drive/My Drive/Colab Notebooks/apple_leaf_specialist/data/final/train/rust/42a9ad27b4171796d85124f6c39cbc377fb783906d8b7a82b0a54b1787e8b1fc__aug_20251014043101_164.jpg,rust
/content/drive/My Drive/Colab Notebooks/apple_leaf_specialist/data/final/train/rust/e29c41e2d37893faea029a0a09823feeb60c02163179fb8590b2ef2a363b43de__aug_20251014043101_165.jpg,rust
/content/drive/My Drive/Colab Notebooks/apple_leaf_specialist/data/final/train/rust/e806fd9379f367fb39a3424013302c7643897b4238b7143bb3065fa25636d091__aug_20251014043101_166.jpg,rust
/content/drive/My Drive/Colab Notebooks/apple_leaf_specialist/data/final/train/rust/fb4575cea6de2488e68b15473424748b06e94c7f74fe1270f4d8dabe9385deaa__aug_20251014043101_167.jpg,rust
/content/drive/My Drive/Colab Notebooks/apple_leaf_specialist/data/final/train/rust/cc472441a49b9c42fea6ba5a30e32067b67ff3e9efa350a779960cec1a259694__aug_20251014043101_168.jpg,rust
/content/drive/My Drive/Colab Notebooks/apple_leaf_specialist/data/final/train/rust/ea60bd1a4e34a054c724dc1db58ee43128843aa398dba5478b51fcc31640453a__aug_20251014043101_169.jpg,rust
/content/drive/My Drive/Colab Notebooks/apple_leaf_specialist/data/final/train/rust/ea60bd1a4e34a054c724dc1db58ee43128843aa398dba5478b51fcc31640453a__aug_20251014043101_170.jpg,rust
/content/drive/My Drive/Colab Notebooks/apple_leaf_specialist/data/final/train/rust/45b9269fd390d05aca89eaab4f7da75f07f20a276060d204cbe0922ab4e7930e__aug_20251014043101_171.jpg,rust
/content/drive/My Drive/Colab Notebooks/apple_leaf_specialist/data/final/train/rust/b917a0fb98e954d6c3c06ccde1820a2e17a6f1b011cfbe7dbe86c3ae00c754d8__aug_20251014043101_172.jpg,rust
/content/drive/My Drive/Colab Notebooks/apple_leaf_specialist/data/final/train/rust/4740eb685e7afc7b0770ea2d96cd0841c92e7d4e0cc28ee8edd0389fff321144__aug_20251014043101_173.jpg,rust
/content/drive/My Drive/Colab Notebooks/apple_leaf_specialist/data/final/train/rust/fa6f92301471dbe96bbf29b3d4932a4f4cd602d77a9d0620e0e28b5a591006ec__aug_20251014043101_174.jpg,rust
/content/drive/My Drive/Colab Notebooks/apple_leaf_specialist/data/final/train/rust/bb0d3d0d5f6cbb2f42f7aae473a7e2edf2700ea93495724bc22743d972da5c93__aug_20251014043101_175.jpg,rust
/content/drive/My Drive/Colab Notebooks/apple_leaf_specialist/data/final/train/rust/33892f5a00285d46f85e8b6c271410a7bf468113d13dcff846a35d49f593b709__aug_20251014043101_176.jpg,rust
/content/drive/My Drive/Colab Notebooks/apple_leaf_specialist/data/final/train/rust/1e15a29ad3c0ed8fe79e4ab7f4e47a0230081e19476a53dbbea8d86f4d2acca2__aug_20251014043101_177.jpg,rust
/content/drive/My Drive/Colab Notebooks/apple_leaf_specialist/data/final/train/rust/7410a3cc26ed227ca00177242db698cc889f6c3ea296ffc78e89f11403d6f906__aug_20251014043101_178.jpg,rust
/content/drive/My Drive/Colab Notebooks/apple_leaf_specialist/data/final/train/rust/c88689cb56c8cf3711e91b8e6517e89e11f72dec0f9058986e9eb0e64dcf37aa__aug_20251014043101_179.jpg,rust
/content/drive/My Drive/Colab Notebooks/apple_leaf_specialist/data/final/train/rust/b15d64e1270526698685709fcd44b750245238aa8867cef46ba01bcb6d0322b9__aug_20251014043101_180.jpg,rust
/content/drive/My Drive/Colab Notebooks/apple_leaf_specialist/data/final/train/rust/e5b5036bddf9eeda463483d88029a6e89f617427fcc7eb59aadf53ba6b0c6422__aug_20251014043101_181.jpg,rust
/content/drive/My Drive/Colab Notebooks/apple_leaf_specialist/data/final/train/rust/6dbef41c49c9fcf012e30661bb1857baf31df2cb0fa28192492caf2ca629718c__aug_20251014043101_182.jpg,rust
/content/drive/My Drive/Colab Notebooks/apple_leaf_specialist/data/final/train/rust/e331c472c5274d57ae7a96db41e40350eb166b76ebf2a44fd3e74d81e0e1dc62__aug_20251014043101_183.jpg,rust
/content/drive/My Drive/Colab Notebooks/apple_leaf_specialist/data/final/train/rust/06ededb69ba2e6b26e57ca818cb9451b346a034483eb07d5ea85ac45ea6c21f9__aug_20251014043101_184.jpg,rust
/content/drive/My Drive/Colab Notebooks/apple_leaf_specialist/data/final/train/rust/1ee5f6b4067486275833c0e12a7b30226138ef46d1989b5f5a4a93f11ec13203__aug_20251014043101_185.jpg,rust
/content/drive/My Drive/Colab Notebooks/apple_leaf_specialist/data/final/train/rust/b751457fd2d1be09eb6b1525fca872f29d232ce6ac8c60308cbf42c4197f86e1__aug_20251014043101_186.jpg,rust
/content/drive/My Drive/Colab Notebooks/apple_leaf_specialist/data/final/train/rust/8b93b8700c2f911d2d4bf8cd494934cea46c267e5e9b6f2622eae6ec769452bc__aug_20251014043101_187.jpg,rust
/content/drive/My Drive/Colab Notebooks/apple_leaf_specialist/data/final/train/rust/82fa8b5c22753aa693bf7cce6d0c5672a17bcfc20138d1201fcb0f62413171d9__aug_20251014043101_188.jpg,rust
/content/drive/My Drive/Colab Notebooks/apple_leaf_specialist/data/final/train/rust/1847bd92cde39dc0774c10b8a5d49a0ba55381794f1027ffe50d7fc3a453eea7__aug_20251014043101_189.jpg,rust
/content/drive/My Drive/Colab Notebooks/apple_leaf_specialist/data/final/train/rust/6eb9be7f9edd689d317e83e97d373adef882b884d50ca6b2c67f3afbdb8e52f7__aug_20251014043101_190.jpg,rust
/content/drive/My Drive/Colab Notebooks/apple_leaf_specialist/data/final/train/rust/c2b3efb54ea7306f1d6ac39df40d136dc2515b3b73dd965ac5dc6063de65202e__aug_20251014043101_191.jpg,rust
/content/drive/My Drive/Colab Notebooks/apple_leaf_specialist/data/final/train/rust/ac83f94acdf306f10797ad53ee68131fc745a0146a5ec131322dddc67b02e564__aug_20251014043101_192.jpg,rust
/content/drive/My Drive/Colab Notebooks/apple_leaf_specialist/data/final/train/rust/bf21d82a371bdf575419825f02af596a967c703278b267ee81a5b63515d0909c__aug_20251014043101_193.jpg,rust
/content/drive/My Drive/Colab Notebooks/apple_leaf_specialist/data/final/train/rust/8855210f3e6a196d5c31d700ada314cc65dc556f12863e2d3e30dbf48e73bd86__aug_20251014043101_194.jpg,rust
/content/drive/My Drive/Colab Notebooks/apple_leaf_specialist/data/final/train/rust/4ed8812c323aef7f8ef658007f9ec733211b1bfa0e61627c0b3bd54eb0fd8298__aug_20251014043101_195.jpg,rust
/content/drive/My Drive/Colab Notebooks/apple_leaf_specialist/data/final/train/rust/ccef130cad697f22ce51a2d7d513daa166fc1309ef2885304ead1ad4761a54ed__aug_20251014043101_196.jpg,rust
/content/drive/My Drive/Colab Notebooks/apple_leaf_specialist/data/final/train/rust/83b93fb73ebc7a1b72c1cd2839725edf2a144fa65a472a7f4f446069f75705fb__aug_20251014043101_197.jpg,rust
/content/drive/My Drive/Colab Notebooks/apple_leaf_specialist/data/final/train/rust/6c9dd2a230dda68e31eeec402d1c4ed6f2eb3034c636927a0b2a046f4c771a75__aug_20251014043101_198.jpg,rust
/content/drive/My Drive/Colab Notebooks/apple_leaf_specialist/data/final/train/rust/3c8bfe1fb3f03f2ea444d595d26feace5ae749dcf40b00d9376a15bd8106dfe8__aug_20251014043101_199.jpg,rust
/content/drive/My Drive/Colab Notebooks/apple_leaf_specialist/data/final/train/rust/87b3525264d9ca2955f04f0834303c06ddfaf60eba44cf58cab57c3df54597d5__aug_20251014043101_200.jpg,rust
/content/drive/My Drive/Colab Notebooks/apple_leaf_specialist/data/final/train/rust/9cff3bee9f1621660edaada1a00a274e2405eac4495277cc251e8c7273fbf9bf__aug_20251014043101_201.jpg,rust
/content/drive/My Drive/Colab Notebooks/apple_leaf_specialist/data/final/train/rust/d25e17c392df85a51e153ced6e01450f07db8bd6abe922ea4badb7b9e7737036__aug_20251014043101_202.jpg,rust
/content/drive/My Drive/Colab Notebooks/apple_leaf_specialist/data/final/train/rust/cca95634ceac97f5758c116186fbd8be697dee3490538aaf82f83b92e4da9b14__aug_20251014043101_203.jpg,rust
/content/drive/My Drive/Colab Notebooks/apple_leaf_specialist/data/final/train/rust/d16ce7664a4a63fad3c86d077fa6cb808ee26171a4c23427fb7f382b1834d5e8__aug_20251014043101_204.jpg,rust
/content/drive/My Drive/Colab Notebooks/apple_leaf_specialist/data/final/train/rust/cb52bcc04c4bab72653a93dac64863abf33b78cf7983c736acd78c7616ed9f61__aug_20251014043101_205.jpg,rust
/content/drive/My Drive/Colab Notebooks/apple_leaf_specialist/data/final/train/rust/d3d2c20b9df38340578cfbd21026d80f4cbb9f06cbfbd5295f99f6b9facb6831__aug_20251014043101_206.jpg,rust
/content/drive/My Drive/Colab Notebooks/apple_leaf_specialist/data/final/train/rust/02ce4b375e1db8152fbc17dce68d58b46776211a0838aeaf8090e650922124ed__aug_20251014043101_207.jpg,rust
/content/drive/My Drive/Colab Notebooks/apple_leaf_specialist/data/final/train/rust/ccef130cad697f22ce51a2d7d513daa166fc1309ef2885304ead1ad4761a54ed__aug_20251014043101_208.jpg,rust
/content/drive/My Drive/Colab Notebooks/apple_leaf_specialist/data/final/train/rust/6343e659b79a0384fe32263c30116eda4428cd16168ebd07601bfc4ffc6d06ac__aug_20251014043101_209.jpg,rust
/content/drive/My Drive/Colab Notebooks/apple_leaf_specialist/data/final/train/rust/adc5ff63caa0a11adce4bc20676d14af1ab3531c58b9e4101c3f3ef72c32c6ca__aug_20251014043101_210.jpg,rust
/content/drive/My Drive/Colab Notebooks/apple_leaf_specialist/data/final/train/rust/6bd9321b644793b409b386a4e35fe7d0b130f78b86fd83b47cd4f8e8a07fb0ac__aug_20251014043101_211.jpg,rust
/content/drive/My Drive/Colab Notebooks/apple_leaf_specialist/data/final/train/rust/61b2eb47d2468982ba8b94eff3a5bcc1fbfe7c761e77d55ba9a6542fe0a3d9f3__aug_20251014043101_212.jpg,rust
/content/drive/My Drive/Colab Notebooks/apple_leaf_specialist/data/final/train/rust/cb89b8caae888297c001a38f0433ca6eeeae2b57ac3ca8e76eaa61e25292eeae__aug_20251014043101_213.jpg,rust
/content/drive/My Drive/Colab Notebooks/apple_leaf_specialist/data/final/train/rust/9ffc2b32d95174a0a2028e69e08b75079ad00eadc983698a2678fd45eb523b45__aug_20251014043101_214.jpg,rust
/content/drive/My Drive/Colab Notebooks/apple_leaf_specialist/data/final/train/rust/ea495a8223a2f496120fd0eb5328a213124a7562c37ab5a1a1c898dbde18faf4__aug_20251014043101_215.jpg,rust
/content/drive/My Drive/Colab Notebooks/apple_leaf_specialist/data/final/train/rust/b917a0fb98e954d6c3c06ccde1820a2e17a6f1b011cfbe7dbe86c3ae00c754d8__aug_20251014043101_216.jpg,rust
/content/drive/My Drive/Colab Notebooks/apple_leaf_specialist/data/final/train/rust/45b9269fd390d05aca89eaab4f7da75f07f20a276060d204cbe0922ab4e7930e__aug_20251014043101_217.jpg,rust
/content/drive/My Drive/Colab Notebooks/apple_leaf_specialist/data/final/train/rust/4740eb685e7afc7b0770ea2d96cd0841c92e7d4e0cc28ee8edd0389fff321144__aug_20251014043101_218.jpg,rust
/content/drive/My Drive/Colab Notebooks/apple_leaf_specialist/data/final/train/rust/1847bd92cde39dc0774c10b8a5d49a0ba55381794f1027ffe50d7fc3a453eea7__aug_20251014043101_219.jpg,rust
/content/drive/My Drive/Colab Notebooks/apple_leaf_specialist/data/final/train/rust/7db5f026f286783bd37de96f016c42de60efee662afc4a90ebe6509f9c6dba4d__aug_20251014043101_220.jpg,rust
/content/drive/My Drive/Colab Notebooks/apple_leaf_specialist/data/final/train/rust/adc5ff63caa0a11adce4bc20676d14af1ab3531c58b9e4101c3f3ef72c32c6ca__aug_20251014043101_221.jpg,rust
/content/drive/My Drive/Colab Notebooks/apple_leaf_specialist/data/final/train/rust/059f9fbcc68fab5a2279529fd888366805b286fb451d64607a6525371c73bb8d__aug_20251014043101_222.jpg,rust
/content/drive/My Drive/Colab Notebooks/apple_leaf_specialist/data/final/train/rust/81aa9fe2bd350c4c5554a79f753c62aa142ae39e2574a053bc46f5babcd5278a__aug_20251014043101_223.jpg,rust
/content/drive/My Drive/Colab Notebooks/apple_leaf_specialist/data/final/train/rust/9fd8be10054caf8697417588dcbcea920a54ae1b3fb48275eba02bec3765dbcc__aug_20251014043101_224.jpg,rust
/content/drive/My Drive/Colab Notebooks/apple_leaf_specialist/data/final/train/rust/ec9c8061b9e29e255607f99ffa7c63541047f70db82681e3411674b2c6f22ee1__aug_20251014043101_225.jpg,rust
/content/drive/My Drive/Colab Notebooks/apple_leaf_specialist/data/final/train/rust/c16a04bc12b566f4cfbc258a47442f4eb785ba8c510671ba1d8452cf0565597a__aug_20251014043101_226.jpg,rust
/content/drive/My Drive/Colab Notebooks/apple_leaf_specialist/data/final/train/rust/6eb9be7f9edd689d317e83e97d373adef882b884d50ca6b2c67f3afbdb8e52f7__aug_20251014043101_227.jpg,rust
/content/drive/My Drive/Colab Notebooks/apple_leaf_specialist/data/final/train/rust/fa6f92301471dbe96bbf29b3d4932a4f4cd602d77a9d0620e0e28b5a591006ec__aug_20251014043101_228.jpg,rust
/content/drive/My Drive/Colab Notebooks/apple_leaf_specialist/data/final/train/rust/e4c1cb5e062f1bddd96be19376e250791f2eac5757f891aa81b8ae1954fcd165__aug_20251014043101_229.jpg,rust
/content/drive/My Drive/Colab Notebooks/apple_leaf_specialist/data/final/train/rust/62a2e23e138803bcd32e3abdfbe9e03a60cabc1c78e4624ad9e561f02fba4976__aug_20251014043101_230.jpg,rust
/content/drive/My Drive/Colab Notebooks/apple_leaf_specialist/data/final/train/rust/ac83f94acdf306f10797ad53ee68131fc745a0146a5ec131322dddc67b02e564__aug_20251014043101_231.jpg,rust
/content/drive/My Drive/Colab Notebooks/apple_leaf_specialist/data/final/train/rust/0b1fb9630fa3c2ac7ca6ab9f12f8a83f740a05deeead1b1f35937c7ddae11637__aug_20251014043101_232.jpg,rust
/content/drive/My Drive/Colab Notebooks/apple_leaf_specialist/data/final/train/rust/c2b3efb54ea7306f1d6ac39df40d136dc2515b3b73dd965ac5dc6063de65202e__aug_20251014043101_233.jpg,rust
/content/drive/My Drive/Colab Notebooks/apple_leaf_specialist/data/final/train/rust/b751457fd2d1be09eb6b1525fca872f29d232ce6ac8c60308cbf42c4197f86e1__aug_20251014043101_234.jpg,rust
/content/drive/My Drive/Colab Notebooks/apple_leaf_specialist/data/final/train/rust/e4055dcb01873f7daa9ecf5c97cafa8abc0f06907759bbc6d02fc14b7e253761__aug_20251014043101_235.jpg,rust
/content/drive/My Drive/Colab Notebooks/apple_leaf_specialist/data/final/train/rust/62a2e23e138803bcd32e3abdfbe9e03a60cabc1c78e4624ad9e561f02fba4976__aug_20251014043101_236.jpg,rust
/content/drive/My Drive/Colab Notebooks/apple_leaf_specialist/data/final/train/rust/89075261c78cb7a108bcb061864736ba4a43722930b85845c25c0803f4d84b2e__aug_20251014043101_237.jpg,rust
/content/drive/My Drive/Colab Notebooks/apple_leaf_specialist/data/final/train/rust/e4055dcb01873f7daa9ecf5c97cafa8abc0f06907759bbc6d02fc14b7e253761__aug_20251014043101_238.jpg,rust
/content/drive/My Drive/Colab Notebooks/apple_leaf_specialist/data/final/train/rust/ac98fa92440c6b0d6333bd193512fa083a5231a6c2089ee3033669e1e4a05c97__aug_20251014043101_239.jpg,rust
/content/drive/My Drive/Colab Notebooks/apple_leaf_specialist/data/final/train/rust/3e977224aa17efeefc0547c528e709e9247817089dcd1d0e48a6f226534e7860__aug_20251014043101_240.jpg,rust
/content/drive/My Drive/Colab Notebooks/apple_leaf_specialist/data/final/train/rust/c57b4c5426ff51308aac42b055dd35d2249bd6352f2031e22a00c4d857172569__aug_20251014043101_241.jpg,rust
/content/drive/My Drive/Colab Notebooks/apple_leaf_specialist/data/final/train/rust/ecdb626d98ce2141d5bc64579d65742e01ea4fe493fb49f35b7f44dbe9529720__aug_20251014043101_242.jpg,rust
/content/drive/My Drive/Colab Notebooks/apple_leaf_specialist/data/final/train/rust/8a577af677b1771f6a8d420b9f99eac181a60ab329240f1f74d28e0801075771__aug_20251014043101_243.jpg,rust
/content/drive/My Drive/Colab Notebooks/apple_leaf_specialist/data/final/train/rust/6c9dd2a230dda68e31eeec402d1c4ed6f2eb3034c636927a0b2a046f4c771a75__aug_20251014043101_244.jpg,rust
/content/drive/My Drive/Colab Notebooks/apple_leaf_specialist/data/final/train/rust/5a7284bf7ccee57b1980a94e2a88c127cddab9254b26cd39ff11d673a5e9205c__aug_20251014043101_245.jpg,rust
/content/drive/My Drive/Colab Notebooks/apple_leaf_specialist/data/final/train/rust/6f08ffd2ee93ebf61b252d9ec9b0169cc0b429d35294c6ab0da688ac0d04fd00__aug_20251014043101_246.jpg,rust
/content/drive/My Drive/Colab Notebooks/apple_leaf_specialist/data/final/train/rust/c2b3efb54ea7306f1d6ac39df40d136dc2515b3b73dd965ac5dc6063de65202e__aug_20251014043101_247.jpg,rust
/content/drive/My Drive/Colab Notebooks/apple_leaf_specialist/data/final/train/rust/35e8c5f0a9c5b8cd6ef3dccd1b17d1692d8a549d392a751c01bc9852496513cc__aug_20251014043101_248.jpg,rust
/content/drive/My Drive/Colab Notebooks/apple_leaf_specialist/data/final/train/rust/5b18ae2ab10a470706212aa0f6b9a0094624d3f3dda22bf651c912193155e05b__aug_20251014043101_249.jpg,rust
/content/drive/My Drive/Colab Notebooks/apple_leaf_specialist/data/final/train/rust/87b3525264d9ca2955f04f0834303c06ddfaf60eba44cf58cab57c3df54597d5__aug_20251014043101_250.jpg,rust
/content/drive/My Drive/Colab Notebooks/apple_leaf_specialist/data/final/train/rust/3c8bfe1fb3f03f2ea444d595d26feace5ae749dcf40b00d9376a15bd8106dfe8__aug_20251014043101_251.jpg,rust
/content/drive/My Drive/Colab Notebooks/apple_leaf_specialist/data/final/train/rust/bb0d3d0d5f6cbb2f42f7aae473a7e2edf2700ea93495724bc22743d972da5c93__aug_20251014043101_252.jpg,rust
/content/drive/My Drive/Colab Notebooks/apple_leaf_specialist/data/final/train/rust/253926a178b23ee33508df2b4f39c466969c97bb77ef0da807fe1bca2cbcb1a0__aug_20251014043101_253.jpg,rust
/content/drive/My Drive/Colab Notebooks/apple_leaf_specialist/data/final/train/rust/2d8326d21462f9f1819b87744d3fec1296d57e1fd556879dbf21a98a0e7dd2a8__aug_20251014043101_254.jpg,rust
/content/drive/My Drive/Colab Notebooks/apple_leaf_specialist/data/final/train/rust/06ededb69ba2e6b26e57ca818cb9451b346a034483eb07d5ea85ac45ea6c21f9__aug_20251014043101_255.jpg,rust
/content/drive/My Drive/Colab Notebooks/apple_leaf_specialist/data/final/train/rust/74a55659dbf38d597cf6b42c7dd48d795b839ec5daaa7a936d8a6314e758ee2f__aug_20251014043101_256.jpg,rust
/content/drive/My Drive/Colab Notebooks/apple_leaf_specialist/data/final/train/rust/83b93fb73ebc7a1b72c1cd2839725edf2a144fa65a472a7f4f446069f75705fb__aug_20251014043101_257.jpg,rust
/content/drive/My Drive/Colab Notebooks/apple_leaf_specialist/data/final/train/rust/6343e659b79a0384fe32263c30116eda4428cd16168ebd07601bfc4ffc6d06ac__aug_20251014043101_258.jpg,rust
/content/drive/My Drive/Colab Notebooks/apple_leaf_specialist/data/final/train/rust/3e977224aa17efeefc0547c528e709e9247817089dcd1d0e48a6f226534e7860__aug_20251014043101_259.jpg,rust
/content/drive/My Drive/Colab Notebooks/apple_leaf_specialist/data/final/train/rust/63bc7aea61a72ffe7736b913efd247ab70e1603fb0442618f899f1a50e928e88__aug_20251014043101_260.jpg,rust
/content/drive/My Drive/Colab Notebooks/apple_leaf_specialist/data/final/train/rust/de77b0639eefa85328745fd37cec5d2cc349962159b4c48f3203e60a74313a7c__aug_20251014043101_261.jpg,rust
/content/drive/My Drive/Colab Notebooks/apple_leaf_specialist/data/final/train/rust/8a577af677b1771f6a8d420b9f99eac181a60ab329240f1f74d28e0801075771__aug_20251014043101_262.jpg,rust
/content/drive/My Drive/Colab Notebooks/apple_leaf_specialist/data/final/train/rust/a17b6fc3781c4cb1bf06135120970206ffcf760627fc169a2cacbd85cfa94090__aug_20251014043101_263.jpg,rust
/content/drive/My Drive/Colab Notebooks/apple_leaf_specialist/data/final/train/rust/35e8c5f0a9c5b8cd6ef3dccd1b17d1692d8a549d392a751c01bc9852496513cc__aug_20251014043101_264.jpg,rust
/content/drive/My Drive/Colab Notebooks/apple_leaf_specialist/data/final/train/rust/37f9777bd695d2fa638d0a3c141466d0a7bbfd6288f52ec23d9496547af8b7d6__aug_20251014043101_265.jpg,rust
/content/drive/My Drive/Colab Notebooks/apple_leaf_specialist/data/final/train/rust/059f9fbcc68fab5a2279529fd888366805b286fb451d64607a6525371c73bb8d__aug_20251014043101_266.jpg,rust
/content/drive/My Drive/Colab Notebooks/apple_leaf_specialist/data/final/train/rust/bf21d82a371bdf575419825f02af596a967c703278b267ee81a5b63515d0909c__aug_20251014043101_267.jpg,rust
/content/drive/My Drive/Colab Notebooks/apple_leaf_specialist/data/final/train/rust/dd65c7939a5f664b98e884be5056c127f78b4e03c058adb57df7cbe3a4c1b5bf__aug_20251014043101_268.jpg,rust
/content/drive/My Drive/Colab Notebooks/apple_leaf_specialist/data/final/train/rust/c56d1c4944d57da57e4051f398fa7cddedd7bdd410d59de92e84d6a211901132__aug_20251014043101_269.jpg,rust
/content/drive/My Drive/Colab Notebooks/apple_leaf_specialist/data/final/train/rust/d6c78bd2a3b7a6682952dc0e56aa84ef5965522cb7bb4967169196fb5be4e9f1__aug_20251014043101_270.jpg,rust
/content/drive/My Drive/Colab Notebooks/apple_leaf_specialist/data/final/train/rust/dd459b1e4e3d5a804c239797cb276081883071cb5abfccd92a53715fb24da50e__aug_20251014043101_271.jpg,rust
/content/drive/My Drive/Colab Notebooks/apple_leaf_specialist/data/final/train/rust/22fe668cc54d35c4aee01d0193805065dafc8cfe902ef4dd08c04e46c8e23699__aug_20251014043101_272.jpg,rust
/content/drive/My Drive/Colab Notebooks/apple_leaf_specialist/data/final/train/rust/ec9c8061b9e29e255607f99ffa7c63541047f70db82681e3411674b2c6f22ee1__aug_20251014043101_273.jpg,rust
/content/drive/My Drive/Colab Notebooks/apple_leaf_specialist/data/final/train/rust/74e7c0bd08f6ce3aee2e3de640a806be899a506982e37437531806180555fd8d__aug_20251014043101_274.jpg,rust
/content/drive/My Drive/Colab Notebooks/apple_leaf_specialist/data/final/train/rust/0b1fb9630fa3c2ac7ca6ab9f12f8a83f740a05deeead1b1f35937c7ddae11637__aug_20251014043101_275.jpg,rust
/content/drive/My Drive/Colab Notebooks/apple_leaf_specialist/data/final/train/rust/f21c7ef088dfeb2c0c6f920c44674d6b23ab061a3d604cb486fc4bc25454b77b__aug_20251014043101_276.jpg,rust
/content/drive/My Drive/Colab Notebooks/apple_leaf_specialist/data/final/train/rust/d6c554d22a5a3e26527d75eb50b017988c8ce1f2a8ddcd1588f34c4a92d92b83__aug_20251014043101_277.jpg,rust
/content/drive/My Drive/Colab Notebooks/apple_leaf_specialist/data/final/train/rust/cde934f812b5048bbead8930939af2a341f83c403e2f12a793bff71315e891f3__aug_20251014043101_278.jpg,rust
/content/drive/My Drive/Colab Notebooks/apple_leaf_specialist/data/final/train/rust/d0efa12951f8c44241d846493346f591616b02c2e9579550164b0776bfe5a19f__aug_20251014043101_279.jpg,rust
/content/drive/My Drive/Colab Notebooks/apple_leaf_specialist/data/final/train/rust/6f08ffd2ee93ebf61b252d9ec9b0169cc0b429d35294c6ab0da688ac0d04fd00__aug_20251014043101_280.jpg,rust
/content/drive/My Drive/Colab Notebooks/apple_leaf_specialist/data/final/train/rust/bf21d82a371bdf575419825f02af596a967c703278b267ee81a5b63515d0909c__aug_20251014043101_281.jpg,rust
/content/drive/My Drive/Colab Notebooks/apple_leaf_specialist/data/final/train/rust/62a2e23e138803bcd32e3abdfbe9e03a60cabc1c78e4624ad9e561f02fba4976__aug_20251014043101_282.jpg,rust
/content/drive/My Drive/Colab Notebooks/apple_leaf_specialist/data/final/train/rust/9fff82cdccc4fa422a4d3b67057bd660a1270bd526c53406f77bc4a46d606ead__aug_20251014043101_283.jpg,rust
/content/drive/My Drive/Colab Notebooks/apple_leaf_specialist/data/final/train/rust/23312453e2660d89548ca45f43cac6bae73c301d7d67dbdacceb91d9e2c64557__aug_20251014043101_284.jpg,rust
/content/drive/My Drive/Colab Notebooks/apple_leaf_specialist/data/final/train/rust/ea495a8223a2f496120fd0eb5328a213124a7562c37ab5a1a1c898dbde18faf4__aug_20251014043101_285.jpg,rust
/content/drive/My Drive/Colab Notebooks/apple_leaf_specialist/data/final/train/rust/d3d2c20b9df38340578cfbd21026d80f4cbb9f06cbfbd5295f99f6b9facb6831__aug_20251014043101_286.jpg,rust
/content/drive/My Drive/Colab Notebooks/apple_leaf_specialist/data/final/train/rust/d6c78bd2a3b7a6682952dc0e56aa84ef5965522cb7bb4967169196fb5be4e9f1__aug_20251014043101_287.jpg,rust
/content/drive/My Drive/Colab Notebooks/apple_leaf_specialist/data/final/train/rust/f0fd6b314b081dfec2672f0f3c6d8e451e58a016e5cbd3dff0a9f63979ecea56__aug_20251014043101_288.jpg,rust
/content/drive/My Drive/Colab Notebooks/apple_leaf_specialist/data/final/train/rust/4740eb685e7afc7b0770ea2d96cd0841c92e7d4e0cc28ee8edd0389fff321144__aug_20251014043101_289.jpg,rust
/content/drive/My Drive/Colab Notebooks/apple_leaf_specialist/data/final/train/rust/f96cb07399d0db56d1679fb119ab6f5f70229eb0ddb1044042d5351dbb75ea0a__aug_20251014043101_290.jpg,rust
/content/drive/My Drive/Colab Notebooks/apple_leaf_specialist/data/final/train/rust/cde934f812b5048bbead8930939af2a341f83c403e2f12a793bff71315e891f3__aug_20251014043101_291.jpg,rust
/content/drive/My Drive/Colab Notebooks/apple_leaf_specialist/data/final/train/rust/7410a3cc26ed227ca00177242db698cc889f6c3ea296ffc78e89f11403d6f906__aug_20251014043101_292.jpg,rust
/content/drive/My Drive/Colab Notebooks/apple_leaf_specialist/data/final/train/rust/aa63fc632b8ba154f62f90705d94ca405ca69aea9980949932a6741a2d6d87f3__aug_20251014043101_293.jpg,rust
/content/drive/My Drive/Colab Notebooks/apple_leaf_specialist/data/final/train/rust/783ae2c1572113b7c2730eaffd825cee090be1b7001ac1eb085dcc9a05bdeb8f__aug_20251014043101_294.jpg,rust
/content/drive/My Drive/Colab Notebooks/apple_leaf_specialist/data/final/train/rust/dd459b1e4e3d5a804c239797cb276081883071cb5abfccd92a53715fb24da50e__aug_20251014043101_295.jpg,rust
/content/drive/My Drive/Colab Notebooks/apple_leaf_specialist/data/final/train/rust/cde934f812b5048bbead8930939af2a341f83c403e2f12a793bff71315e891f3__aug_20251014043101_296.jpg,rust
/content/drive/My Drive/Colab Notebooks/apple_leaf_specialist/data/final/train/rust/2851eac568e70e379f6b881d047f4736214b3db7d24ec7aa2fe8625464a42498__aug_20251014043101_297.jpg,rust
/content/drive/My Drive/Colab Notebooks/apple_leaf_specialist/data/final/train/rust/6dbef41c49c9fcf012e30661bb1857baf31df2cb0fa28192492caf2ca629718c__aug_20251014043101_298.jpg,rust
/content/drive/My Drive/Colab Notebooks/apple_leaf_specialist/data/final/train/rust/d89c60bd3ee9052700dc459bc0469f1b722097e0af88b4ae33ff25579d0e23b0__aug_20251014043101_299.jpg,rust
/content/drive/My Drive/Colab Notebooks/apple_leaf_specialist/data/final/train/rust/1315da4c54aa5bf83549f2449fddc7b8dd904889ace491b0378a47455ac8f29b__aug_20251014043101_300.jpg,rust
/content/drive/My Drive/Colab Notebooks/apple_leaf_specialist/data/final/train/rust/89075261c78cb7a108bcb061864736ba4a43722930b85845c25c0803f4d84b2e__aug_20251014043101_301.jpg,rust
/content/drive/My Drive/Colab Notebooks/apple_leaf_specialist/data/final/train/rust/7f1b88d4c58ebe65eeb29464807b3e45d774ed0804452a99be0b5b4b85ef3d68__aug_20251014043101_302.jpg,rust
/content/drive/My Drive/Colab Notebooks/apple_leaf_specialist/data/final/train/rust/b7231786fc5b9634eb6c6a5a3e5c5e1c558c934a8756e8a965db3b7ec985f6ca__aug_20251014043101_303.jpg,rust
/content/drive/My Drive/Colab Notebooks/apple_leaf_specialist/data/final/train/rust/adacaf9a1322157b29f418a3e9fa3cb98ac008ec6056cd657896ff7b9f35f718__aug_20251014043101_304.jpg,rust
/content/drive/My Drive/Colab Notebooks/apple_leaf_specialist/data/final/train/rust/fb4575cea6de2488e68b15473424748b06e94c7f74fe1270f4d8dabe9385deaa__aug_20251014043101_305.jpg,rust
/content/drive/My Drive/Colab Notebooks/apple_leaf_specialist/data/final/train/rust/a819a2447d40e2dcb6c0a730738b024acafaa0884059f2c670f25d826aaf80b0__aug_20251014043101_306.jpg,rust
/content/drive/My Drive/Colab Notebooks/apple_leaf_specialist/data/final/train/rust/3c8bfe1fb3f03f2ea444d595d26feace5ae749dcf40b00d9376a15bd8106dfe8__aug_20251014043101_307.jpg,rust
/content/drive/My Drive/Colab Notebooks/apple_leaf_specialist/data/final/train/rust/de77b0639eefa85328745fd37cec5d2cc349962159b4c48f3203e60a74313a7c__aug_20251014043101_308.jpg,rust
/content/drive/My Drive/Colab Notebooks/apple_leaf_specialist/data/final/train/rust/9fd8be10054caf8697417588dcbcea920a54ae1b3fb48275eba02bec3765dbcc__aug_20251014043101_309.jpg,rust
/content/drive/My Drive/Colab Notebooks/apple_leaf_specialist/data/final/train/rust/d3d2c20b9df38340578cfbd21026d80f4cbb9f06cbfbd5295f99f6b9facb6831__aug_20251014043101_310.jpg,rust
/content/drive/My Drive/Colab Notebooks/apple_leaf_specialist/data/final/train/rust/50c059ea3c2da8069bfbdc2bffd4d8ce03f6102326bc35e8c082bcaba7e27f3b__aug_20251014043101_311.jpg,rust
/content/drive/My Drive/Colab Notebooks/apple_leaf_specialist/data/final/train/rust/77188dd8ed7685c2d56a01633b84347e4765ab137439dc0ddc6a45aaf05a0861__aug_20251014043101_312.jpg,rust
/content/drive/My Drive/Colab Notebooks/apple_leaf_specialist/data/final/train/rust/7ee65c48018ebe11c9769c75faeb906a4c9cf3059f7ef92a724c4437e6e0e512__aug_20251014043101_313.jpg,rust
/content/drive/My Drive/Colab Notebooks/apple_leaf_specialist/data/final/train/rust/98ce852f41cdbfdd8ca34e56ecfdea36cb1de07040e2a0eb6278fba799677106__aug_20251014043101_314.jpg,rust
/content/drive/My Drive/Colab Notebooks/apple_leaf_specialist/data/final/train/rust/22fe668cc54d35c4aee01d0193805065dafc8cfe902ef4dd08c04e46c8e23699__aug_20251014043101_315.jpg,rust
/content/drive/My Drive/Colab Notebooks/apple_leaf_specialist/data/final/train/rust/3e977224aa17efeefc0547c528e709e9247817089dcd1d0e48a6f226534e7860__aug_20251014043101_316.jpg,rust
/content/drive/My Drive/Colab Notebooks/apple_leaf_specialist/data/final/train/rust/381f85fb909a0891750cbca8db5e73f7283ad4860a571d6ae6d89ddf2621cd19__aug_20251014043101_317.jpg,rust
/content/drive/My Drive/Colab Notebooks/apple_leaf_specialist/data/final/train/rust/d16ce7664a4a63fad3c86d077fa6cb808ee26171a4c23427fb7f382b1834d5e8__aug_20251014043101_318.jpg,rust
/content/drive/My Drive/Colab Notebooks/apple_leaf_specialist/data/final/train/rust/cb89b8caae888297c001a38f0433ca6eeeae2b57ac3ca8e76eaa61e25292eeae__aug_20251014043101_319.jpg,rust
/content/drive/My Drive/Colab Notebooks/apple_leaf_specialist/data/final/train/rust/e5b5036bddf9eeda463483d88029a6e89f617427fcc7eb59aadf53ba6b0c6422__aug_20251014043101_320.jpg,rust
/content/drive/My Drive/Colab Notebooks/apple_leaf_specialist/data/final/train/rust/a17b6fc3781c4cb1bf06135120970206ffcf760627fc169a2cacbd85cfa94090__aug_20251014043101_321.jpg,rust
/content/drive/My Drive/Colab Notebooks/apple_leaf_specialist/data/final/train/rust/bf21d82a371bdf575419825f02af596a967c703278b267ee81a5b63515d0909c__aug_20251014043101_322.jpg,rust
/content/drive/My Drive/Colab Notebooks/apple_leaf_specialist/data/final/train/rust/4d7087f75c01208602fb7eeccfe889d9919a3aa4da0d40cd3f07622917cfcc65__aug_20251014043101_323.jpg,rust
/content/drive/My Drive/Colab Notebooks/apple_leaf_specialist/data/final/train/rust/7db5f026f286783bd37de96f016c42de60efee662afc4a90ebe6509f9c6dba4d__aug_20251014043101_324.jpg,rust
/content/drive/My Drive/Colab Notebooks/apple_leaf_specialist/data/final/train/rust/c57b4c5426ff51308aac42b055dd35d2249bd6352f2031e22a00c4d857172569__aug_20251014043101_325.jpg,rust
/content/drive/My Drive/Colab Notebooks/apple_leaf_specialist/data/final/train/rust/8855210f3e6a196d5c31d700ada314cc65dc556f12863e2d3e30dbf48e73bd86__aug_20251014043101_326.jpg,rust
/content/drive/My Drive/Colab Notebooks/apple_leaf_specialist/data/final/train/rust/84b88f0d4c121229e1e3c22d41d951ded21097fb0c621ea0956ae952dd66f075__aug_20251014043101_327.jpg,rust
/content/drive/My Drive/Colab Notebooks/apple_leaf_specialist/data/final/train/rust/1e15a29ad3c0ed8fe79e4ab7f4e47a0230081e19476a53dbbea8d86f4d2acca2__aug_20251014043101_328.jpg,rust
/content/drive/My Drive/Colab Notebooks/apple_leaf_specialist/data/final/train/rust/c88689cb56c8cf3711e91b8e6517e89e11f72dec0f9058986e9eb0e64dcf37aa__aug_20251014043101_329.jpg,rust
/content/drive/My Drive/Colab Notebooks/apple_leaf_specialist/data/final/train/rust/b7970c0a924383ceae274a329d0700b5da957e54ba04a62cef387ff435773ca3__aug_20251014043101_330.jpg,rust
/content/drive/My Drive/Colab Notebooks/apple_leaf_specialist/data/final/train/rust/1ee5f6b4067486275833c0e12a7b30226138ef46d1989b5f5a4a93f11ec13203__aug_20251014043101_331.jpg,rust
/content/drive/My Drive/Colab Notebooks/apple_leaf_specialist/data/final/train/rust/74e7c0bd08f6ce3aee2e3de640a806be899a506982e37437531806180555fd8d__aug_20251014043101_332.jpg,rust
/content/drive/My Drive/Colab Notebooks/apple_leaf_specialist/data/final/train/rust/ea495a8223a2f496120fd0eb5328a213124a7562c37ab5a1a1c898dbde18faf4__aug_20251014043101_333.jpg,rust
/content/drive/My Drive/Colab Notebooks/apple_leaf_specialist/data/final/train/rust/d6c78bd2a3b7a6682952dc0e56aa84ef5965522cb7bb4967169196fb5be4e9f1__aug_20251014043101_334.jpg,rust
/content/drive/My Drive/Colab Notebooks/apple_leaf_specialist/data/final/train/rust/6343e659b79a0384fe32263c30116eda4428cd16168ebd07601bfc4ffc6d06ac__aug_20251014043101_335.jpg,rust
/content/drive/My Drive/Colab Notebooks/apple_leaf_specialist/data/final/train/rust/7410a3cc26ed227ca00177242db698cc889f6c3ea296ffc78e89f11403d6f906__aug_20251014043101_336.jpg,rust
/content/drive/My Drive/Colab Notebooks/apple_leaf_specialist/data/final/train/rust/afe753480c7e29f3244fa7d8874bee96bc8ff305055a326516a28c4069ce37c8__aug_20251014043101_337.jpg,rust
/content/drive/My Drive/Colab Notebooks/apple_leaf_specialist/data/final/train/rust/aa63fc632b8ba154f62f90705d94ca405ca69aea9980949932a6741a2d6d87f3__aug_20251014043101_338.jpg,rust
/content/drive/My Drive/Colab Notebooks/apple_leaf_specialist/data/final/train/rust/ec9c8061b9e29e255607f99ffa7c63541047f70db82681e3411674b2c6f22ee1__aug_20251014043101_339.jpg,rust
/content/drive/My Drive/Colab Notebooks/apple_leaf_specialist/data/final/train/rust/61288b0cbb4afad76480d6c13f5c27b2f1d97edf936b649a41dd3ead70f68334__aug_20251014043101_340.jpg,rust
/content/drive/My Drive/Colab Notebooks/apple_leaf_specialist/data/final/train/rust/22fe668cc54d35c4aee01d0193805065dafc8cfe902ef4dd08c04e46c8e23699__aug_20251014043101_341.jpg,rust
/content/drive/My Drive/Colab Notebooks/apple_leaf_specialist/data/final/train/rust/eabecb820f39ae4153d08663dc00810b334ee846caf588f50df91e8610960743__aug_20251014043101_342.jpg,rust
/content/drive/My Drive/Colab Notebooks/apple_leaf_specialist/data/final/train/rust/129b619d6856dd27c54f4f8b0f09fc703fe4d753eaadaf1a7720e361a34a5781__aug_20251014043101_343.jpg,rust
/content/drive/My Drive/Colab Notebooks/apple_leaf_specialist/data/final/train/rust/6eb9be7f9edd689d317e83e97d373adef882b884d50ca6b2c67f3afbdb8e52f7__aug_20251014043101_344.jpg,rust
/content/drive/My Drive/Colab Notebooks/apple_leaf_specialist/data/final/train/rust/e29c41e2d37893faea029a0a09823feeb60c02163179fb8590b2ef2a363b43de__aug_20251014043101_345.jpg,rust
/content/drive/My Drive/Colab Notebooks/apple_leaf_specialist/data/final/train/rust/06ededb69ba2e6b26e57ca818cb9451b346a034483eb07d5ea85ac45ea6c21f9__aug_20251014043101_346.jpg,rust
/content/drive/My Drive/Colab Notebooks/apple_leaf_specialist/data/final/train/rust/dd65c7939a5f664b98e884be5056c127f78b4e03c058adb57df7cbe3a4c1b5bf__aug_20251014043101_347.jpg,rust
/content/drive/My Drive/Colab Notebooks/apple_leaf_specialist/data/final/train/rust/63bc7aea61a72ffe7736b913efd247ab70e1603fb0442618f899f1a50e928e88__aug_20251014043101_348.jpg,rust
/content/drive/My Drive/Colab Notebooks/apple_leaf_specialist/data/final/train/rust/13f37b5a109069abad99dd82e9323b71e0fda4dd2848a669019a3b41a853c0df__aug_20251014043101_349.jpg,rust
/content/drive/My Drive/Colab Notebooks/apple_leaf_specialist/data/final/train/rust/d89c60bd3ee9052700dc459bc0469f1b722097e0af88b4ae33ff25579d0e23b0__aug_20251014043101_350.jpg,rust
/content/drive/My Drive/Colab Notebooks/apple_leaf_specialist/data/final/train/rust/9fd8be10054caf8697417588dcbcea920a54ae1b3fb48275eba02bec3765dbcc__aug_20251014043101_351.jpg,rust
/content/drive/My Drive/Colab Notebooks/apple_leaf_specialist/data/final/train/rust/c57b4c5426ff51308aac42b055dd35d2249bd6352f2031e22a00c4d857172569__aug_20251014043101_352.jpg,rust
/content/drive/My Drive/Colab Notebooks/apple_leaf_specialist/data/final/train/rust/a819a2447d40e2dcb6c0a730738b024acafaa0884059f2c670f25d826aaf80b0__aug_20251014043101_353.jpg,rust
/content/drive/My Drive/Colab Notebooks/apple_leaf_specialist/data/final/train/rust/62222edaab216165f018cf8064bdc3550ee6bb167f37b604a1cea2bbbefa9143__aug_20251014043101_354.jpg,rust
/content/drive/My Drive/Colab Notebooks/apple_leaf_specialist/data/final/train/rust/23312453e2660d89548ca45f43cac6bae73c301d7d67dbdacceb91d9e2c64557__aug_20251014043101_355.jpg,rust
/content/drive/My Drive/Colab Notebooks/apple_leaf_specialist/data/final/train/rust/1e15a29ad3c0ed8fe79e4ab7f4e47a0230081e19476a53dbbea8d86f4d2acca2__aug_20251014043101_356.jpg,rust
/content/drive/My Drive/Colab Notebooks/apple_leaf_specialist/data/final/train/rust/de77b0639eefa85328745fd37cec5d2cc349962159b4c48f3203e60a74313a7c__aug_20251014043101_357.jpg,rust
/content/drive/My Drive/Colab Notebooks/apple_leaf_specialist/data/final/train/rust/6dbef41c49c9fcf012e30661bb1857baf31df2cb0fa28192492caf2ca629718c__aug_20251014043101_358.jpg,rust
/content/drive/My Drive/Colab Notebooks/apple_leaf_specialist/data/final/train/rust/a17b6fc3781c4cb1bf06135120970206ffcf760627fc169a2cacbd85cfa94090__aug_20251014043101_359.jpg,rust
/content/drive/My Drive/Colab Notebooks/apple_leaf_specialist/data/final/train/rust/8b93b8700c2f911d2d4bf8cd494934cea46c267e5e9b6f2622eae6ec769452bc__aug_20251014043101_360.jpg,rust
/content/drive/My Drive/Colab Notebooks/apple_leaf_specialist/data/final/train/rust/13f37b5a109069abad99dd82e9323b71e0fda4dd2848a669019a3b41a853c0df__aug_20251014043101_361.jpg,rust
/content/drive/My Drive/Colab Notebooks/apple_leaf_specialist/data/final/train/rust/336436525be38ad26d9438b8d9f048fb587ace7dd250eee819cc0d3a788b4132__aug_20251014043101_362.jpg,rust
/content/drive/My Drive/Colab Notebooks/apple_leaf_specialist/data/final/train/rust/a69746f473a6d85eb163d12f5a77bdd2f48c8665127fe81ec5f1bac859587ef4__aug_20251014043101_363.jpg,rust
/content/drive/My Drive/Colab Notebooks/apple_leaf_specialist/data/final/train/rust/ff581363f2046d28190945130cffa1671a19e35cbe55a4da9ca8515508f33948__aug_20251014043101_364.jpg,rust
/content/drive/My Drive/Colab Notebooks/apple_leaf_specialist/data/final/train/rust/87b3525264d9ca2955f04f0834303c06ddfaf60eba44cf58cab57c3df54597d5__aug_20251014043101_365.jpg,rust
/content/drive/My Drive/Colab Notebooks/apple_leaf_specialist/data/final/train/rust/3b8702ad708a45009dfa4bf815bbee55afbe3679689ee950c054f0fbf7a83757__aug_20251014043101_366.jpg,rust
/content/drive/My Drive/Colab Notebooks/apple_leaf_specialist/data/final/train/rust/394a9449b1043babc690a50f3094bdec9b317a460858649cbc2c697761c99029__aug_20251014043101_367.jpg,rust
/content/drive/My Drive/Colab Notebooks/apple_leaf_specialist/data/final/train/rust/22fe668cc54d35c4aee01d0193805065dafc8cfe902ef4dd08c04e46c8e23699__aug_20251014043101_368.jpg,rust
/content/drive/My Drive/Colab Notebooks/apple_leaf_specialist/data/final/train/rust/0eecb966cd2704ef3ad7c338b4791e04db81192a9e439df78a3e7f690967385d__aug_20251014043101_369.jpg,rust
/content/drive/My Drive/Colab Notebooks/apple_leaf_specialist/data/final/train/rust/ea495a8223a2f496120fd0eb5328a213124a7562c37ab5a1a1c898dbde18faf4__aug_20251014043101_370.jpg,rust
/content/drive/My Drive/Colab Notebooks/apple_leaf_specialist/data/final/train/rust/059f9fbcc68fab5a2279529fd888366805b286fb451d64607a6525371c73bb8d__aug_20251014043101_371.jpg,rust
/content/drive/My Drive/Colab Notebooks/apple_leaf_specialist/data/final/train/rust/74e7c0bd08f6ce3aee2e3de640a806be899a506982e37437531806180555fd8d__aug_20251014043101_372.jpg,rust
/content/drive/My Drive/Colab Notebooks/apple_leaf_specialist/data/final/train/rust/4d299c7ea7b649d28416c0e3f577d81ba98af8ee81a0b2f149b8709fafec951e__aug_20251014043101_373.jpg,rust
/content/drive/My Drive/Colab Notebooks/apple_leaf_specialist/data/final/train/rust/c2b3efb54ea7306f1d6ac39df40d136dc2515b3b73dd965ac5dc6063de65202e__aug_20251014043101_374.jpg,rust
/content/drive/My Drive/Colab Notebooks/apple_leaf_specialist/data/final/train/rust/6bd9321b644793b409b386a4e35fe7d0b130f78b86fd83b47cd4f8e8a07fb0ac__aug_20251014043101_375.jpg,rust
/content/drive/My Drive/Colab Notebooks/apple_leaf_specialist/data/final/train/rust/ac98fa92440c6b0d6333bd193512fa083a5231a6c2089ee3033669e1e4a05c97__aug_20251014043101_376.jpg,rust
/content/drive/My Drive/Colab Notebooks/apple_leaf_specialist/data/final/train/rust/5a7284bf7ccee57b1980a94e2a88c127cddab9254b26cd39ff11d673a5e9205c__aug_20251014043101_377.jpg,rust
/content/drive/My Drive/Colab Notebooks/apple_leaf_specialist/data/final/train/rust/cb89b8caae888297c001a38f0433ca6eeeae2b57ac3ca8e76eaa61e25292eeae__aug_20251014043101_378.jpg,rust
/content/drive/My Drive/Colab Notebooks/apple_leaf_specialist/data/final/train/rust/ea60bd1a4e34a054c724dc1db58ee43128843aa398dba5478b51fcc31640453a__aug_20251014043101_379.jpg,rust
/content/drive/My Drive/Colab Notebooks/apple_leaf_specialist/data/final/train/rust/3b64e7bdd0b35a9a788abbc6dbe1fa9a2a080b91f8405f43ff60d768f88d8abb__aug_20251014043101_380.jpg,rust
/content/drive/My Drive/Colab Notebooks/apple_leaf_specialist/data/final/train/rust/e4c1cb5e062f1bddd96be19376e250791f2eac5757f891aa81b8ae1954fcd165__aug_20251014043101_381.jpg,rust
/content/drive/My Drive/Colab Notebooks/apple_leaf_specialist/data/final/train/rust/c88689cb56c8cf3711e91b8e6517e89e11f72dec0f9058986e9eb0e64dcf37aa__aug_20251014043101_382.jpg,rust
/content/drive/My Drive/Colab Notebooks/apple_leaf_specialist/data/final/train/rust/065b29a966f6067f96091f14bbb976a5bc650840903773690b7f9c2f99445bc4__aug_20251014043101_383.jpg,rust
/content/drive/My Drive/Colab Notebooks/apple_leaf_specialist/data/final/train/scab/841345df3aa691438a25b487a91dcebf2c152318332bd1a38260e8f5a0f5c62c__aug_20251014043101_0.jpg,scab
/content/drive/My Drive/Colab Notebooks/apple_leaf_specialist/data/final/train/scab/490d4fda38ef93de4d0876f81d2b1ec6514b9d34838cfb3c53599215409ca6fe__aug_20251014043101_1.jpg,scab
/content/drive/My Drive/Colab Notebooks/apple_leaf_specialist/data/final/train/scab/376f80bb186e98dbf2d90d43a71fa1fa764a4357e6716d6e34288765bc4b4150__aug_20251014043101_2.jpg,scab
/content/drive/My Drive/Colab Notebooks/apple_leaf_specialist/data/final/train/scab/fa0bc7d1c10dd97cfc07dc3779817bc65a9a88bcf5a6af42bfa97ff20734d2cc__aug_20251014043101_3.jpg,scab
/content/drive/My Drive/Colab Notebooks/apple_leaf_specialist/data/final/train/scab/300061e942652c705d185a69b5f7fccabfec609b9399ce086fab1b57e0ea90f8__aug_20251014043101_4.jpg,scab
/content/drive/My Drive/Colab Notebooks/apple_leaf_specialist/data/final/train/scab/ae93cc1d49e4f6abcf36da94fb64c9bbc00eedcafbf9c3f2202fb4f20ed34305__aug_20251014043101_5.jpg,scab
/content/drive/My Drive/Colab Notebooks/apple_leaf_specialist/data/final/train/scab/e10cb89f37ae3cf510df1600d8b396af8b4883a08581c2f49c58660f46d6e1df__aug_20251014043101_6.jpg,scab
/content/drive/My Drive/Colab Notebooks/apple_leaf_specialist/data/final/train/scab/0086dc58e26e5aada6cf9086e7860534855143f5e1a8098236ad9802366a3f75__aug_20251014043101_7.jpg,scab
/content/drive/My Drive/Colab Notebooks/apple_leaf_specialist/data/final/train/scab/78f8d9ed5a4f05485ec5a277a05160155d7cb37f4acba042c880cb0a4ff9b81c__aug_20251014043101_8.jpg,scab
/content/drive/My Drive/Colab Notebooks/apple_leaf_specialist/data/final/train/scab/db6df2550d353d24d8a209eea3bb7d436df928cd1718eb1df964b442ee8cbd38__aug_20251014043101_9.jpg,scab
/content/drive/My Drive/Colab Notebooks/apple_leaf_specialist/data/final/train/scab/dfc88f833b8eb2e0dda9f9068f2392863c0ae8eaa925a3125acc229659baf32f__aug_20251014043101_10.jpg,scab
/content/drive/My Drive/Colab Notebooks/apple_leaf_specialist/data/final/train/scab/8823a7de2d847090a9bd9c30a9a08b4c1df38e4c84bf7f9467ad4f460af475b4__aug_20251014043101_11.jpg,scab
/content/drive/My Drive/Colab Notebooks/apple_leaf_specialist/data/final/train/scab/7b1a922eed73b3ba6c95fc261890c8055428ac9fcdc72dd0ddbc7bae0bb1ada4__aug_20251014043101_12.jpg,scab
/content/drive/My Drive/Colab Notebooks/apple_leaf_specialist/data/final/train/scab/34dfae5fd2d11a1a05acdcd351abc116321740eab2c8fed0b81949d27733e8c6__aug_20251014043101_13.jpg,scab
/content/drive/My Drive/Colab Notebooks/apple_leaf_specialist/data/final/train/scab/389341332a025b99782f9803598e1be5ec3a91c4eed5070af59ef17cfa2acc91__aug_20251014043101_14.jpg,scab
/content/drive/My Drive/Colab Notebooks/apple_leaf_specialist/data/final/train/scab/bea1780ec8319ad0ccaf011bce78e0dcb095417d916982d510d36fb8c616990d__aug_20251014043101_15.jpg,scab
/content/drive/My Drive/Colab Notebooks/apple_leaf_specialist/data/final/train/scab/490d4fda38ef93de4d0876f81d2b1ec6514b9d34838cfb3c53599215409ca6fe__aug_20251014043101_16.jpg,scab
/content/drive/My Drive/Colab Notebooks/apple_leaf_specialist/data/final/train/scab/10ed8837c3f56745fd0cd04bdcde092d1774d645987ec3e9254ec3e4de3f2dcf__aug_20251014043101_17.jpg,scab
/content/drive/My Drive/Colab Notebooks/apple_leaf_specialist/data/final/train/scab/6c6a2cf836a534208287f233b6e8a3c9571655a5f3902ef88dc44c32e877ea54__aug_20251014043101_18.jpg,scab
/content/drive/My Drive/Colab Notebooks/apple_leaf_specialist/data/final/train/scab/a1917c4dec272ea6f6a1c730adba93f1e7b58364cbbac73eb29f84beacfc4aff__aug_20251014043101_19.jpg,scab
/content/drive/My Drive/Colab Notebooks/apple_leaf_specialist/data/final/train/scab/d28fd54ba90edb3daad2343bd301bb4f1cebcf5c5d8e4c77a7ccf90d30d248c6__aug_20251014043101_20.jpg,scab
/content/drive/My Drive/Colab Notebooks/apple_leaf_specialist/data/final/train/scab/c8c2380e1694bc6d742e4e8d7bc578833f412c48f1df62a5e842c7e2ef27436f__aug_20251014043101_21.jpg,scab
/content/drive/My Drive/Colab Notebooks/apple_leaf_specialist/data/final/train/scab/6c6b436dcaadf00a6cae3c8293e260a40961c27ac1bd6e305805e045ed550b0f__aug_20251014043101_22.jpg,scab
/content/drive/My Drive/Colab Notebooks/apple_leaf_specialist/data/final/train/scab/f350b7e03f21bf25f7f0e86f085755a7a79916eadd075d7932b6bf21c24bca15__aug_20251014043101_23.jpg,scab
/content/drive/My Drive/Colab Notebooks/apple_leaf_specialist/data/final/train/scab/1ca12ec0a24df51ce0e4555308e81a73b7e82bfd2e3c844bd203170239923fc1__aug_20251014043101_24.jpg,scab
/content/drive/My Drive/Colab Notebooks/apple_leaf_specialist/data/final/train/scab/00a954aefe8698a718a1efd877946bf3b2a14510108e2a119cffd74f33fea21f__aug_20251014043101_25.jpg,scab
/content/drive/My Drive/Colab Notebooks/apple_leaf_specialist/data/final/train/scab/303f8eb2f3d2cbe1bf0baca9394b84023591838f4b288973fd1592eb247ce3d3__aug_20251014043101_26.jpg,scab
/content/drive/My Drive/Colab Notebooks/apple_leaf_specialist/data/final/train/scab/c3155427a7b1cacb7dfd9c29adb3d0006157c437eebcf252ca72bd567e3d24b0__aug_20251014043101_27.jpg,scab
/content/drive/My Drive/Colab Notebooks/apple_leaf_specialist/data/final/train/scab/6bf92f913be48a791995d846488568ea6456f3fc27642ca169c3f2ba0748160b__aug_20251014043101_28.jpg,scab
/content/drive/My Drive/Colab Notebooks/apple_leaf_specialist/data/final/train/scab/07c0c9a7585289c0d86db40899cc908b470fbacd3224a181115fdefe1f43d1c9__aug_20251014043101_29.jpg,scab
/content/drive/My Drive/Colab Notebooks/apple_leaf_specialist/data/final/train/scab/68258850801bd863e421a242646c3ffd2340d68c93799303001e339539136851__aug_20251014043101_30.jpg,scab
/content/drive/My Drive/Colab Notebooks/apple_leaf_specialist/data/final/train/scab/fc1aff021e392829cc2b2917c21eac6c153c06f3dfb15d5aba538739b493ca63__aug_20251014043101_31.jpg,scab
/content/drive/My Drive/Colab Notebooks/apple_leaf_specialist/data/final/train/scab/687a8dac1943b5cc9e27528fb725bbf951c1125fae4caf35520e8e448a6a975c__aug_20251014043101_32.jpg,scab
/content/drive/My Drive/Colab Notebooks/apple_leaf_specialist/data/final/train/scab/0c22875051360ff7e9f99818eeaaf8973e681d34c1c63d3b14153ab2838b57b4__aug_20251014043101_33.jpg,scab
/content/drive/My Drive/Colab Notebooks/apple_leaf_specialist/data/final/train/scab/a35fd363702dfaea37bb7d251ada09fe16609aa937c838d1dbbb60a2c46041f7__aug_20251014043101_34.jpg,scab
/content/drive/My Drive/Colab Notebooks/apple_leaf_specialist/data/final/train/scab/81c767718ac124abefa3ce5770c44f807c3b72d6f690682215d7ba1023490929__aug_20251014043101_35.jpg,scab
/content/drive/My Drive/Colab Notebooks/apple_leaf_specialist/data/final/train/scab/b2e7f76d5260b073d373b78568de75628dcc7be7b277d4ac5aa3eb4f0709481f__aug_20251014043101_36.jpg,scab
/content/drive/My Drive/Colab Notebooks/apple_leaf_specialist/data/final/train/scab/623a7640ee54f7257a8325cd06e74f837a0e970f6948a3678fd4666f41c58bf7__aug_20251014043101_37.jpg,scab
/content/drive/My Drive/Colab Notebooks/apple_leaf_specialist/data/final/train/scab/9f11a9795d4f87fbfdc460984737308a8aeab1a93adce79cc86d8c9be0457814__aug_20251014043101_38.jpg,scab
/content/drive/My Drive/Colab Notebooks/apple_leaf_specialist/data/final/train/scab/2b948ef00ae3701eef20fa4edef0a692a18e5b8f81fb54ad52b7ef14a63530b4__aug_20251014043101_39.jpg,scab
/content/drive/My Drive/Colab Notebooks/apple_leaf_specialist/data/final/train/scab/687a8dac1943b5cc9e27528fb725bbf951c1125fae4caf35520e8e448a6a975c__aug_20251014043101_40.jpg,scab
/content/drive/My Drive/Colab Notebooks/apple_leaf_specialist/data/final/train/scab/1daa3f89f04ec9784a74b7711285a362d0a84898ead935be3d6903c0785c28ce__aug_20251014043101_41.jpg,scab
/content/drive/My Drive/Colab Notebooks/apple_leaf_specialist/data/final/train/scab/b5c7a0650316de734dbab913e3753a99cf256011af1a3d8adaed7adfe11f9325__aug_20251014043101_42.jpg,scab
/content/drive/My Drive/Colab Notebooks/apple_leaf_specialist/data/final/train/scab/549f8d3ac880d607e834529829af33431db26a517568c520d51017ad6934b103__aug_20251014043101_43.jpg,scab
/content/drive/My Drive/Colab Notebooks/apple_leaf_specialist/data/final/train/scab/60bbf98673018f3b58664f87d03a0f914ed5ff53fc64ff1c660ecd5c1113b265__aug_20251014043101_44.jpg,scab
/content/drive/My Drive/Colab Notebooks/apple_leaf_specialist/data/final/train/scab/1185003df851456b4d58f80e4c55b00531c91427b5064bddeb518d20d4499f87__aug_20251014043101_45.jpg,scab
/content/drive/My Drive/Colab Notebooks/apple_leaf_specialist/data/final/train/scab/1b32c6678fef50e3964b10c0933255aa8cc992312b4888b69516cc84342e5140__aug_20251014043101_46.jpg,scab
/content/drive/My Drive/Colab Notebooks/apple_leaf_specialist/data/final/train/scab/12f014bbb26a55a02412364adef4a35ecf1e3b09f9c782ea2efbad04e1a1d350__aug_20251014043101_47.jpg,scab
/content/drive/My Drive/Colab Notebooks/apple_leaf_specialist/data/final/train/scab/fa0bc7d1c10dd97cfc07dc3779817bc65a9a88bcf5a6af42bfa97ff20734d2cc__aug_20251014043101_48.jpg,scab
/content/drive/My Drive/Colab Notebooks/apple_leaf_specialist/data/final/train/scab/652e91a9830fd892c1770fa4ad745a505a99cdbbf94f0521ee8fc2045146beb6__aug_20251014043101_49.jpg,scab
/content/drive/My Drive/Colab Notebooks/apple_leaf_specialist/data/final/train/scab/5cfc0251a659b14254497bb60f5f8f2bf972de15d6344bcaf5bb79f0d43e2aa4__aug_20251014043101_50.jpg,scab
/content/drive/My Drive/Colab Notebooks/apple_leaf_specialist/data/final/train/scab/9ab4e5511db41842a7cc80ef83b305d5d6b049b2d161ae78ee71c71a96864be7__aug_20251014043101_51.jpg,scab
/content/drive/My Drive/Colab Notebooks/apple_leaf_specialist/data/final/train/scab/b5a8b5e267e82e11bccfb17e4e147374c910f18673dd0d3528304288f07ae833__aug_20251014043101_52.jpg,scab
/content/drive/My Drive/Colab Notebooks/apple_leaf_specialist/data/final/train/scab/a55e81dbdcbe10e1f4f047979e427985a94bbecfe166f0ab3c49a11955b90bbc__aug_20251014043101_53.jpg,scab
/content/drive/My Drive/Colab Notebooks/apple_leaf_specialist/data/final/train/scab/61cc8c8d7b8d192ec4cc6df1c56771b56caf1e025f042aa3c60f3baa7b26f876__aug_20251014043101_54.jpg,scab
/content/drive/My Drive/Colab Notebooks/apple_leaf_specialist/data/final/train/scab/b4f90f365512a53a6810a4330883697487d2d8cd100fe353d7a4e80e058e0912__aug_20251014043101_55.jpg,scab
/content/drive/My Drive/Colab Notebooks/apple_leaf_specialist/data/final/train/scab/d6dc444df2fd19aee83f9b570c08078739a468e19cac66e568c280404b4b7c8d__aug_20251014043101_56.jpg,scab
/content/drive/My Drive/Colab Notebooks/apple_leaf_specialist/data/final/train/scab/1c9eafd75b6392cb409dcd060954564aba76948c9abf4af506a5de6d4ee73f57__aug_20251014043101_57.jpg,scab
/content/drive/My Drive/Colab Notebooks/apple_leaf_specialist/data/final/train/scab/684a049e5958b747353c1efea248c049e542adfba1a0e2c1ae50f3c416e75512__aug_20251014043101_58.jpg,scab
/content/drive/My Drive/Colab Notebooks/apple_leaf_specialist/data/final/train/scab/cfc82b82b786dfff31a59e7b6ad554cbda7d556a2219dfeec52a3d74343a792a__aug_20251014043101_59.jpg,scab
/content/drive/My Drive/Colab Notebooks/apple_leaf_specialist/data/final/train/scab/56c00c0f5293147f12132ccf2e3d8ead98c49f61b3bcef626415204c434a864c__aug_20251014043101_60.jpg,scab
/content/drive/My Drive/Colab Notebooks/apple_leaf_specialist/data/final/train/scab/a77f4e545a22899a73174b333ee6364742e8657268400afd3385be948563da2b__aug_20251014043101_61.jpg,scab
/content/drive/My Drive/Colab Notebooks/apple_leaf_specialist/data/final/train/scab/b4b194cb759800c49356cf105d930ed21788cefeafce0062aa525e6708172883__aug_20251014043101_62.jpg,scab
/content/drive/My Drive/Colab Notebooks/apple_leaf_specialist/data/final/train/scab/0307c2b2b838566d80ac59055f7374bebb2a009b5eca717bdcc4761efe6b6c70__aug_20251014043101_63.jpg,scab
/content/drive/My Drive/Colab Notebooks/apple_leaf_specialist/data/final/train/scab/1daa3f89f04ec9784a74b7711285a362d0a84898ead935be3d6903c0785c28ce__aug_20251014043101_64.jpg,scab
/content/drive/My Drive/Colab Notebooks/apple_leaf_specialist/data/final/train/scab/07c0c9a7585289c0d86db40899cc908b470fbacd3224a181115fdefe1f43d1c9__aug_20251014043101_65.jpg,scab
/content/drive/My Drive/Colab Notebooks/apple_leaf_specialist/data/final/train/scab/6c9c2d3fa0744588ebb85694bfe692c782259aad3fda0e97a31e877d3f1195c4__aug_20251014043101_66.jpg,scab
/content/drive/My Drive/Colab Notebooks/apple_leaf_specialist/data/final/train/scab/cfe3aefaf27a690ac93b09c7ea78a072298169367e28c9cd303d57a8274c2a0b__aug_20251014043101_67.jpg,scab
/content/drive/My Drive/Colab Notebooks/apple_leaf_specialist/data/final/train/scab/69b89ffefa915ec766b72dc9f511ff882af5f217f82662c3ac6f4d3eac2e9ffd__aug_20251014043101_68.jpg,scab
/content/drive/My Drive/Colab Notebooks/apple_leaf_specialist/data/final/train/scab/d1d2317afa61c360c60e2bc8808b13ddd392b2bb823915594068101b93948a56__aug_20251014043101_69.jpg,scab
/content/drive/My Drive/Colab Notebooks/apple_leaf_specialist/data/final/train/scab/4c6f3ed858dbd33d8950f302cf4dabdc133f20df2b26ece4f4511287d0ec0cad__aug_20251014043101_70.jpg,scab
/content/drive/My Drive/Colab Notebooks/apple_leaf_specialist/data/final/train/scab/4cf1ec2f50cd4470a79fe2e6a0ee9e5e32c2a88342a92f0f6c6eaad2b40728ed__aug_20251014043101_71.jpg,scab
/content/drive/My Drive/Colab Notebooks/apple_leaf_specialist/data/final/train/scab/49c58eb74f3fc48ba39590cb563c6ebe5c9a5209af7911d9afc4ca2ad528fbb9__aug_20251014043101_72.jpg,scab
/content/drive/My Drive/Colab Notebooks/apple_leaf_specialist/data/final/train/scab/8f65f43c068c9a849639bead79e847d98393ba81aab8a144fa33d6797bb80386__aug_20251014043101_73.jpg,scab
/content/drive/My Drive/Colab Notebooks/apple_leaf_specialist/data/final/train/scab/e5c4f40d34de9d8609003f316470e8889b490f5b45fb93acd8919ab1c42649ff__aug_20251014043101_74.jpg,scab
/content/drive/My Drive/Colab Notebooks/apple_leaf_specialist/data/final/train/scab/48e957658ed9b40bc7cffb74487a52678c47101c7a6d056cce098142c1af660e__aug_20251014043101_75.jpg,scab
/content/drive/My Drive/Colab Notebooks/apple_leaf_specialist/data/final/train/scab/db14f8ce268c5cb33e971c2ace461fba8bc9f6e8b4eaf57b73da58c67f106b52__aug_20251014043101_76.jpg,scab
/content/drive/My Drive/Colab Notebooks/apple_leaf_specialist/data/final/train/scab/c421bab53dc29a56aaf67b0bcc91fed39a9c41410943930138427d9dc95d4963__aug_20251014043101_77.jpg,scab
/content/drive/My Drive/Colab Notebooks/apple_leaf_specialist/data/final/train/scab/8f65f43c068c9a849639bead79e847d98393ba81aab8a144fa33d6797bb80386__aug_20251014043101_78.jpg,scab
/content/drive/My Drive/Colab Notebooks/apple_leaf_specialist/data/final/train/scab/c4012f52a706221e21413d96d7f09a3d0eb2fcb8564dcb4c69d9042e9f929b48__aug_20251014043101_79.jpg,scab
/content/drive/My Drive/Colab Notebooks/apple_leaf_specialist/data/final/train/scab/3925359745a5229a8650e0e1e204094c654bbba112e1268adfdfd68523659a19__aug_20251014043101_80.jpg,scab
/content/drive/My Drive/Colab Notebooks/apple_leaf_specialist/data/final/train/scab/0e4affd300101b0a18f769a80bc42d637eff21cace17112a4859442af03fe37e__aug_20251014043101_81.jpg,scab
/content/drive/My Drive/Colab Notebooks/apple_leaf_specialist/data/final/train/scab/995f2980d528b349d7e7af6f021f54bd4fb7134ce572db90039cb47d7fb43433__aug_20251014043101_82.jpg,scab
/content/drive/My Drive/Colab Notebooks/apple_leaf_specialist/data/final/train/scab/c289830ce47042b8ce85bdbcf2971baed3c5a184a438c594da46e354b83a5f2d__aug_20251014043101_83.jpg,scab
/content/drive/My Drive/Colab Notebooks/apple_leaf_specialist/data/final/train/scab/42cc33e65c1077e7de43987618ca3b05eb9dc40c4fce01a6ee17f0dd2860b168__aug_20251014043101_84.jpg,scab
/content/drive/My Drive/Colab Notebooks/apple_leaf_specialist/data/final/train/scab/00a954aefe8698a718a1efd877946bf3b2a14510108e2a119cffd74f33fea21f__aug_20251014043101_85.jpg,scab
/content/drive/My Drive/Colab Notebooks/apple_leaf_specialist/data/final/train/scab/0e4affd300101b0a18f769a80bc42d637eff21cace17112a4859442af03fe37e__aug_20251014043101_86.jpg,scab
/content/drive/My Drive/Colab Notebooks/apple_leaf_specialist/data/final/train/scab/07058b09ed37e2312c73e1a1376d33f31906c26f941578167f9480cebad12f9c__aug_20251014043101_87.jpg,scab
/content/drive/My Drive/Colab Notebooks/apple_leaf_specialist/data/final/train/scab/1ecd257b809d930230fc31c3efd3a3c7353de351002810dab47dcf7310f9f3c7__aug_20251014043101_88.jpg,scab
/content/drive/My Drive/Colab Notebooks/apple_leaf_specialist/data/final/train/scab/841345df3aa691438a25b487a91dcebf2c152318332bd1a38260e8f5a0f5c62c__aug_20251014043101_89.jpg,scab
/content/drive/My Drive/Colab Notebooks/apple_leaf_specialist/data/final/train/scab/ae6745c1880d2eb652f3a0298a5a9bac3a2bc6afeeb0953bd76c14b98d9891a5__aug_20251014043101_90.jpg,scab
/content/drive/My Drive/Colab Notebooks/apple_leaf_specialist/data/final/train/scab/8bfe367e66ce18cddd963216369ec6af18101a2fa1fb7b255f7a9f2b0012f08e__aug_20251014043101_91.jpg,scab
/content/drive/My Drive/Colab Notebooks/apple_leaf_specialist/data/final/train/scab/a97f2aa6a527927cf340d988d8c1988925e57b89cb15b5886fee77969b4ec651__aug_20251014043101_92.jpg,scab
/content/drive/My Drive/Colab Notebooks/apple_leaf_specialist/data/final/train/scab/549f8d3ac880d607e834529829af33431db26a517568c520d51017ad6934b103__aug_20251014043101_93.jpg,scab
/content/drive/My Drive/Colab Notebooks/apple_leaf_specialist/data/final/train/scab/376f80bb186e98dbf2d90d43a71fa1fa764a4357e6716d6e34288765bc4b4150__aug_20251014043101_94.jpg,scab
/content/drive/My Drive/Colab Notebooks/apple_leaf_specialist/data/final/train/scab/cfc82b82b786dfff31a59e7b6ad554cbda7d556a2219dfeec52a3d74343a792a__aug_20251014043101_95.jpg,scab
/content/drive/My Drive/Colab Notebooks/apple_leaf_specialist/data/final/train/scab/6c9c2d3fa0744588ebb85694bfe692c782259aad3fda0e97a31e877d3f1195c4__aug_20251014043101_96.jpg,scab
/content/drive/My Drive/Colab Notebooks/apple_leaf_specialist/data/final/train/scab/4c58ef451250cb2d7bf1a820e9c0623f9153e2cb4102e9356ac94baf1901b2e3__aug_20251014043101_97.jpg,scab
/content/drive/My Drive/Colab Notebooks/apple_leaf_specialist/data/final/train/scab/c7ceb9eee0673c47c27383e3ebd738ea4b15226dc76b1a8926dd245a5170208a__aug_20251014043101_98.jpg,scab
/content/drive/My Drive/Colab Notebooks/apple_leaf_specialist/data/final/train/scab/1185003df851456b4d58f80e4c55b00531c91427b5064bddeb518d20d4499f87__aug_20251014043101_99.jpg,scab
/content/drive/My Drive/Colab Notebooks/apple_leaf_specialist/data/final/train/scab/db3d62f9385a0fe4389592412723d27ba3b2b3464b412cb2001c06a79db36684__aug_20251014043101_100.jpg,scab
/content/drive/My Drive/Colab Notebooks/apple_leaf_specialist/data/final/train/scab/6c6a2cf836a534208287f233b6e8a3c9571655a5f3902ef88dc44c32e877ea54__aug_20251014043101_101.jpg,scab
/content/drive/My Drive/Colab Notebooks/apple_leaf_specialist/data/final/train/scab/db6df2550d353d24d8a209eea3bb7d436df928cd1718eb1df964b442ee8cbd38__aug_20251014043101_102.jpg,scab
/content/drive/My Drive/Colab Notebooks/apple_leaf_specialist/data/final/train/scab/77d70b8e059f03ae3aabf0ce6ac263a28186e3af7b40a42284c5c6856e8eee93__aug_20251014043101_103.jpg,scab
/content/drive/My Drive/Colab Notebooks/apple_leaf_specialist/data/final/train/scab/d8db1fe41c62b1ca8fa71246b1e720af8bf9e49a1e884d8f918e3994a3d6a488__aug_20251014043101_104.jpg,scab
/content/drive/My Drive/Colab Notebooks/apple_leaf_specialist/data/final/train/scab/64aebf9b7627f08278b2e0e3771fded8ebb5b1b87f7a60fd9cd6b8aa1b488559__aug_20251014043101_105.jpg,scab
/content/drive/My Drive/Colab Notebooks/apple_leaf_specialist/data/final/train/scab/9ca963c0bdf3544b3bf37e55e1754137becd7eb21d2793ebd1bcb0968223be5d__aug_20251014043101_106.jpg,scab
/content/drive/My Drive/Colab Notebooks/apple_leaf_specialist/data/final/train/scab/f0f5836b101afc4e335b5d3be449dd5430b72084e4fa03d02e82bf1807289ed8__aug_20251014043101_107.jpg,scab
/content/drive/My Drive/Colab Notebooks/apple_leaf_specialist/data/final/train/scab/c421bab53dc29a56aaf67b0bcc91fed39a9c41410943930138427d9dc95d4963__aug_20251014043101_108.jpg,scab
/content/drive/My Drive/Colab Notebooks/apple_leaf_specialist/data/final/train/scab/64aebf9b7627f08278b2e0e3771fded8ebb5b1b87f7a60fd9cd6b8aa1b488559__aug_20251014043101_109.jpg,scab
/content/drive/My Drive/Colab Notebooks/apple_leaf_specialist/data/final/train/scab/c5ff96cc4617cfc8fba1d6395ec8a240fd4512a880cef58dfda4c2de0913cf7b__aug_20251014043101_110.jpg,scab
/content/drive/My Drive/Colab Notebooks/apple_leaf_specialist/data/final/train/scab/9097653883e3ec3a1eadfe73173e5078370601a77795ed44109ef34632cb5469__aug_20251014043101_111.jpg,scab
/content/drive/My Drive/Colab Notebooks/apple_leaf_specialist/data/final/train/scab/639420d117c12f92e029bc3ece0d10a404305566a90d318d66e0faff014b3ea0__aug_20251014043101_112.jpg,scab
/content/drive/My Drive/Colab Notebooks/apple_leaf_specialist/data/final/train/scab/9d6bf713270973a75e9f3badd71e16557116985eb685716369af6711fbc4aae5__aug_20251014043101_113.jpg,scab
/content/drive/My Drive/Colab Notebooks/apple_leaf_specialist/data/final/train/scab/b96b83158ef53fe43514d61fd79b09b5de317730419b49406ff7da095dc9c4ed__aug_20251014043101_114.jpg,scab
/content/drive/My Drive/Colab Notebooks/apple_leaf_specialist/data/final/train/scab/29bb4c11aef48c20b017f1c42aa765cf8b0730778585a06879000a7a5510148b__aug_20251014043101_115.jpg,scab
/content/drive/My Drive/Colab Notebooks/apple_leaf_specialist/data/final/train/scab/29737dea37e80e0b87107cb154a941fa6a3eb159e24436923b2caf0783a725da__aug_20251014043101_116.jpg,scab
/content/drive/My Drive/Colab Notebooks/apple_leaf_specialist/data/final/train/scab/c421bab53dc29a56aaf67b0bcc91fed39a9c41410943930138427d9dc95d4963__aug_20251014043101_117.jpg,scab
/content/drive/My Drive/Colab Notebooks/apple_leaf_specialist/data/final/train/scab/4c6f3ed858dbd33d8950f302cf4dabdc133f20df2b26ece4f4511287d0ec0cad__aug_20251014043101_118.jpg,scab
/content/drive/My Drive/Colab Notebooks/apple_leaf_specialist/data/final/train/scab/b4f90f365512a53a6810a4330883697487d2d8cd100fe353d7a4e80e058e0912__aug_20251014043101_119.jpg,scab
/content/drive/My Drive/Colab Notebooks/apple_leaf_specialist/data/final/train/scab/b96b83158ef53fe43514d61fd79b09b5de317730419b49406ff7da095dc9c4ed__aug_20251014043101_120.jpg,scab
/content/drive/My Drive/Colab Notebooks/apple_leaf_specialist/data/final/train/scab/b666d08d06e038a301ecefdc39803520577722550ba17fda9279fb0ea13436af__aug_20251014043101_121.jpg,scab
/content/drive/My Drive/Colab Notebooks/apple_leaf_specialist/data/final/train/scab/20b0649451b58fee9d0ac52004a863924f5a2971e3f5879cfbb7a8190c4df131__aug_20251014043101_122.jpg,scab
/content/drive/My Drive/Colab Notebooks/apple_leaf_specialist/data/final/train/scab/29aab47aa822bd6c8c3c79c8766aa006a5be9da286afcc333b0812625fd120ee__aug_20251014043101_123.jpg,scab
/content/drive/My Drive/Colab Notebooks/apple_leaf_specialist/data/final/train/scab/490d4fda38ef93de4d0876f81d2b1ec6514b9d34838cfb3c53599215409ca6fe__aug_20251014043101_124.jpg,scab
/content/drive/My Drive/Colab Notebooks/apple_leaf_specialist/data/final/train/scab/d810a066f1efc24668694e458d81f75b03c9a774ff0f297e5225380a9e6c1577__aug_20251014043101_125.jpg,scab
/content/drive/My Drive/Colab Notebooks/apple_leaf_specialist/data/final/train/scab/43857c97fc0f497f5d3ccd1b7eca0be25524285d2eb9c718a30ceaca0b5c2a55__aug_20251014043101_126.jpg,scab
/content/drive/My Drive/Colab Notebooks/apple_leaf_specialist/data/final/train/scab/b2447fb56f418ee18260f2b00332d75592848915a57cdb248136bc8dfdae1837__aug_20251014043101_127.jpg,scab
/content/drive/My Drive/Colab Notebooks/apple_leaf_specialist/data/final/train/scab/54a93c0b7030ce4884a38ee7328dec45ba5bffb624a2691b12b90b107dfcd8f5__aug_20251014043101_128.jpg,scab
/content/drive/My Drive/Colab Notebooks/apple_leaf_specialist/data/final/train/scab/c4012f52a706221e21413d96d7f09a3d0eb2fcb8564dcb4c69d9042e9f929b48__aug_20251014043101_129.jpg,scab
/content/drive/My Drive/Colab Notebooks/apple_leaf_specialist/data/final/train/scab/9ab0b54fe0000833d355307d41e5b32ea23dd6c7a993e6439d0b64297e8d5e78__aug_20251014043101_130.jpg,scab
/content/drive/My Drive/Colab Notebooks/apple_leaf_specialist/data/final/train/scab/8c6ee79a82f15dc0e7dd61de163c6b1ecd3b338907afe58f459238295887cf76__aug_20251014043101_131.jpg,scab
/content/drive/My Drive/Colab Notebooks/apple_leaf_specialist/data/final/train/scab/bef52d66fb6d09bb488d82177b9439dd59f85d99b54c4f8084d6e4503e4b8721__aug_20251014043101_132.jpg,scab
/content/drive/My Drive/Colab Notebooks/apple_leaf_specialist/data/final/train/scab/fe44b31b214840b16be4a55296eb07c62376e1b019c1bbceb1c4aa73222bdd66__aug_20251014043101_133.jpg,scab
/content/drive/My Drive/Colab Notebooks/apple_leaf_specialist/data/final/train/scab/6bf92f913be48a791995d846488568ea6456f3fc27642ca169c3f2ba0748160b__aug_20251014043101_134.jpg,scab
/content/drive/My Drive/Colab Notebooks/apple_leaf_specialist/data/final/train/scab/d05ce95d6a641a7191b4838ea842439feca86390bb6708e6d6db77a244d6fbfe__aug_20251014043101_135.jpg,scab
/content/drive/My Drive/Colab Notebooks/apple_leaf_specialist/data/final/train/scab/33cf55e57ce707a0f100f4a7b2a6149fcb710bf8c06077c749e83b587cbae437__aug_20251014043101_136.jpg,scab
/content/drive/My Drive/Colab Notebooks/apple_leaf_specialist/data/final/train/scab/85b14c87a606dc3716804816ee0784211736a03752c997d674eaf27bc298368e__aug_20251014043101_137.jpg,scab
/content/drive/My Drive/Colab Notebooks/apple_leaf_specialist/data/final/train/scab/db3d62f9385a0fe4389592412723d27ba3b2b3464b412cb2001c06a79db36684__aug_20251014043101_138.jpg,scab
/content/drive/My Drive/Colab Notebooks/apple_leaf_specialist/data/final/train/scab/c7ceb9eee0673c47c27383e3ebd738ea4b15226dc76b1a8926dd245a5170208a__aug_20251014043101_139.jpg,scab
/content/drive/My Drive/Colab Notebooks/apple_leaf_specialist/data/final/train/scab/b63fc69e0b650b735d71118cd5b06f5d5c26547c4dd513f593bb4ccc6aace494__aug_20251014043101_140.jpg,scab
/content/drive/My Drive/Colab Notebooks/apple_leaf_specialist/data/final/train/scab/6c6a2cf836a534208287f233b6e8a3c9571655a5f3902ef88dc44c32e877ea54__aug_20251014043101_141.jpg,scab
/content/drive/My Drive/Colab Notebooks/apple_leaf_specialist/data/final/train/scab/e1fa0b04971a5d5044eaf511cb8538f7e73e17d7a0c538dc54412c263e524170__aug_20251014043101_142.jpg,scab
/content/drive/My Drive/Colab Notebooks/apple_leaf_specialist/data/final/train/scab/4c5ea07ee7f95049f92f6e97217fd7d20d14cbd24a3b488ec840c075536bb771__aug_20251014043101_143.jpg,scab
/content/drive/My Drive/Colab Notebooks/apple_leaf_specialist/data/final/train/scab/a1620ddec2cc60787f6f334c34151bf6f213b4348a2b7155d84dda7b19af8bee__aug_20251014043101_144.jpg,scab
/content/drive/My Drive/Colab Notebooks/apple_leaf_specialist/data/final/train/scab/7b5d3ad60ff43fe14b9abbab427ecbc1c8bfe19a611103c2f8b3315f5773174d__aug_20251014043101_145.jpg,scab
/content/drive/My Drive/Colab Notebooks/apple_leaf_specialist/data/final/train/scab/2b948ef00ae3701eef20fa4edef0a692a18e5b8f81fb54ad52b7ef14a63530b4__aug_20251014043101_146.jpg,scab
/content/drive/My Drive/Colab Notebooks/apple_leaf_specialist/data/final/train/scab/04fa9e15115d7b35d14240d732b73f1c7fa6450551bd3bd6d283a11635fa4934__aug_20251014043101_147.jpg,scab
/content/drive/My Drive/Colab Notebooks/apple_leaf_specialist/data/final/train/scab/02d7244e98e8ae5f7a02580ac0899722b6c419b5ecf010478e61f703dc1ea6e3__aug_20251014043101_148.jpg,scab
/content/drive/My Drive/Colab Notebooks/apple_leaf_specialist/data/final/train/scab/b4d3e597241229d8300e07383a837216c68b52f184c7e24075eb17bd1d7cd07c__aug_20251014043101_149.jpg,scab
/content/drive/My Drive/Colab Notebooks/apple_leaf_specialist/data/final/train/scab/19fff66c144502f7cd976c57a651d5e7bded67dd404ccabfd76d757eef030d3a__aug_20251014043101_150.jpg,scab
/content/drive/My Drive/Colab Notebooks/apple_leaf_specialist/data/final/train/scab/60bbf98673018f3b58664f87d03a0f914ed5ff53fc64ff1c660ecd5c1113b265__aug_20251014043101_151.jpg,scab
/content/drive/My Drive/Colab Notebooks/apple_leaf_specialist/data/final/train/scab/30e768459d0db57bc1b63a38e2c6c460d614f16ab19e05e6bc8af9d057bfd9bf__aug_20251014043101_152.jpg,scab
/content/drive/My Drive/Colab Notebooks/apple_leaf_specialist/data/final/train/scab/60bbf98673018f3b58664f87d03a0f914ed5ff53fc64ff1c660ecd5c1113b265__aug_20251014043101_153.jpg,scab
/content/drive/My Drive/Colab Notebooks/apple_leaf_specialist/data/final/train/scab/3f7585b82d5d506de3fb6c574df19726fc14598017b9107a3ce534abf5758536__aug_20251014043101_154.jpg,scab
/content/drive/My Drive/Colab Notebooks/apple_leaf_specialist/data/final/train/scab/19fff66c144502f7cd976c57a651d5e7bded67dd404ccabfd76d757eef030d3a__aug_20251014043101_155.jpg,scab
/content/drive/My Drive/Colab Notebooks/apple_leaf_specialist/data/final/train/scab/376f80bb186e98dbf2d90d43a71fa1fa764a4357e6716d6e34288765bc4b4150__aug_20251014043101_156.jpg,scab
/content/drive/My Drive/Colab Notebooks/apple_leaf_specialist/data/final/train/scab/4bf790c44e9cef5d93e0468dd7c5021919964d7b6b8fb85b06ad2040830103cc__aug_20251014043101_157.jpg,scab
/content/drive/My Drive/Colab Notebooks/apple_leaf_specialist/data/final/train/scab/ce2270154c0875270300a5d910c29705feba1b786c71d3723c665976b9d8b793__aug_20251014043101_158.jpg,scab
/content/drive/My Drive/Colab Notebooks/apple_leaf_specialist/data/final/train/scab/9f11a9795d4f87fbfdc460984737308a8aeab1a93adce79cc86d8c9be0457814__aug_20251014043101_159.jpg,scab
/content/drive/My Drive/Colab Notebooks/apple_leaf_specialist/data/final/train/scab/3f7585b82d5d506de3fb6c574df19726fc14598017b9107a3ce534abf5758536__aug_20251014043101_160.jpg,scab
/content/drive/My Drive/Colab Notebooks/apple_leaf_specialist/data/final/train/scab/72937663b01c89d2d1d7607f39c730345d1ba40007bad0ca974ee78cec75878f__aug_20251014043101_161.jpg,scab
/content/drive/My Drive/Colab Notebooks/apple_leaf_specialist/data/final/train/scab/909ffc3f35b6585fdb5f8f3e4dad6a602db660ff4e5f94de464d1867a32ea685__aug_20251014043101_162.jpg,scab
/content/drive/My Drive/Colab Notebooks/apple_leaf_specialist/data/final/train/scab/f7bca5e5d98763da10e3b8e41166ca8510b7fa04a6f7c36cd78c505717846590__aug_20251014043101_163.jpg,scab
/content/drive/My Drive/Colab Notebooks/apple_leaf_specialist/data/final/train/scab/644caf7d2884a2777ffbaca01094756e5d90b5b839d4a8d2e27f61d298372f03__aug_20251014043101_164.jpg,scab
/content/drive/My Drive/Colab Notebooks/apple_leaf_specialist/data/final/train/scab/4bf790c44e9cef5d93e0468dd7c5021919964d7b6b8fb85b06ad2040830103cc__aug_20251014043101_165.jpg,scab
/content/drive/My Drive/Colab Notebooks/apple_leaf_specialist/data/final/train/scab/a1c67bf3042878db35e50559587e7f672669f3993d9d93fafae5e66f303d8ad4__aug_20251014043101_166.jpg,scab
/content/drive/My Drive/Colab Notebooks/apple_leaf_specialist/data/final/train/scab/0c22875051360ff7e9f99818eeaaf8973e681d34c1c63d3b14153ab2838b57b4__aug_20251014043101_167.jpg,scab
/content/drive/My Drive/Colab Notebooks/apple_leaf_specialist/data/final/train/scab/b96b83158ef53fe43514d61fd79b09b5de317730419b49406ff7da095dc9c4ed__aug_20251014043101_168.jpg,scab
/content/drive/My Drive/Colab Notebooks/apple_leaf_specialist/data/final/train/scab/5917be96031edc928ea2a1c5899de99a7e99d7a9b1b13216246df6a51c1baf60__aug_20251014043101_169.jpg,scab
/content/drive/My Drive/Colab Notebooks/apple_leaf_specialist/data/final/train/scab/f0bfae45137691dc392a9d620e263952fc13862f6bf4770a5b619831ab0589f5__aug_20251014043101_170.jpg,scab
/content/drive/My Drive/Colab Notebooks/apple_leaf_specialist/data/final/train/scab/a6fdbba1096cbd24bf2aa9e63863eb7b3761b1d3e41dfec59b28583152307499__aug_20251014043101_171.jpg,scab
/content/drive/My Drive/Colab Notebooks/apple_leaf_specialist/data/final/train/scab/b238079707d26360903ad264afc2454f9ddf1c03c7a942a011eccaa1a4335ef1__aug_20251014043101_172.jpg,scab
/content/drive/My Drive/Colab Notebooks/apple_leaf_specialist/data/final/train/scab/62a7ff9322d538e70501cdb9c32423dc4c6e6d43231018b75f3ad33e7bc001ae__aug_20251014043101_173.jpg,scab
/content/drive/My Drive/Colab Notebooks/apple_leaf_specialist/data/final/train/scab/6979b6e5d1b5e72c9349f59331bc2ec99d2eb530d700dfd3615cfaa0ef9acb94__aug_20251014043101_174.jpg,scab
/content/drive/My Drive/Colab Notebooks/apple_leaf_specialist/data/final/train/scab/c5ff96cc4617cfc8fba1d6395ec8a240fd4512a880cef58dfda4c2de0913cf7b__aug_20251014043101_175.jpg,scab
/content/drive/My Drive/Colab Notebooks/apple_leaf_specialist/data/final/train/scab/9f11a9795d4f87fbfdc460984737308a8aeab1a93adce79cc86d8c9be0457814__aug_20251014043101_176.jpg,scab
/content/drive/My Drive/Colab Notebooks/apple_leaf_specialist/data/final/train/scab/f4176e2c8e0cbd060b6b3510d3df62c56b907576a3b4a4b4b72a50da7255d80d__aug_20251014043101_177.jpg,scab
/content/drive/My Drive/Colab Notebooks/apple_leaf_specialist/data/final/train/scab/101a4a35be2a12a3d92aea5ba0eda637444554aa87f65d58dec217f9a8da95f2__aug_20251014043101_178.jpg,scab
/content/drive/My Drive/Colab Notebooks/apple_leaf_specialist/data/final/train/scab/6a666b3b71a5dcdacdbfcd01920f96003794e41764cc2a017e59de7f60cfab53__aug_20251014043101_179.jpg,scab
/content/drive/My Drive/Colab Notebooks/apple_leaf_specialist/data/final/train/scab/d0dcc8cb06e6a996e034ff7823620ba0ee2e6eba9ee9a1a540a6904eb4d8f996__aug_20251014043101_180.jpg,scab
/content/drive/My Drive/Colab Notebooks/apple_leaf_specialist/data/final/train/scab/a3d411ba523bc156d64e361118a0a7e2c5cc00f177cb95bf385c1a59d5133521__aug_20251014043101_181.jpg,scab
/content/drive/My Drive/Colab Notebooks/apple_leaf_specialist/data/final/train/scab/43a9c5ae268382a2fc4cbeac0747a4e367620110919b6c1a559bcd579afb751e__aug_20251014043101_182.jpg,scab
/content/drive/My Drive/Colab Notebooks/apple_leaf_specialist/data/final/train/scab/82cfa711c5ed8506254a7e33255f7ec4a70e98da46c80335135e191b9d7a5661__aug_20251014043101_183.jpg,scab
/content/drive/My Drive/Colab Notebooks/apple_leaf_specialist/data/final/train/scab/1b2664d2d771849abb71c3483e3d269bc4022d19f575b151a8121d2430d2ed16__aug_20251014043101_184.jpg,scab
/content/drive/My Drive/Colab Notebooks/apple_leaf_specialist/data/final/train/scab/fabd46bb0d051ad5e0d02968b23a7460bb03e0c219b90d7f24f101c320c68508__aug_20251014043101_185.jpg,scab
/content/drive/My Drive/Colab Notebooks/apple_leaf_specialist/data/final/train/scab/894de46df8d5f414077ce1ab1987a9804f2edba456baa915cd443712a25b23ac__aug_20251014043101_186.jpg,scab
/content/drive/My Drive/Colab Notebooks/apple_leaf_specialist/data/final/train/scab/7738f3f582140fab7a4f2ea7276758021fd7a5d518880ab9e9716617d637a53b__aug_20251014043101_187.jpg,scab
/content/drive/My Drive/Colab Notebooks/apple_leaf_specialist/data/final/train/scab/2b948ef00ae3701eef20fa4edef0a692a18e5b8f81fb54ad52b7ef14a63530b4__aug_20251014043101_188.jpg,scab
/content/drive/My Drive/Colab Notebooks/apple_leaf_specialist/data/final/train/scab/4f6f5a6c974d11ba60653665b98b4e3b7d804c072046ce08eedde9b525768b01__aug_20251014043101_189.jpg,scab
/content/drive/My Drive/Colab Notebooks/apple_leaf_specialist/data/final/train/scab/eec404bf0463d57664a2d9a6915ff3cb8d888137a4330fcfe76479e281537dcd__aug_20251014043101_190.jpg,scab
/content/drive/My Drive/Colab Notebooks/apple_leaf_specialist/data/final/train/scab/6997578489ee8f08715a0d99195d67e754da0ce4e86add7f108998a9cf01a451__aug_20251014043101_191.jpg,scab
/content/drive/My Drive/Colab Notebooks/apple_leaf_specialist/data/final/train/scab/a1a9540c68af1e2cd57fce42e3b3ec32b47a46c8f5e5de0557517ea6e7125945__aug_20251014043101_192.jpg,scab
/content/drive/My Drive/Colab Notebooks/apple_leaf_specialist/data/final/train/scab/b421e54c0e367ffa5b513edf3b70b9224cc9253da0b9d727e8879dcee5531025__aug_20251014043101_193.jpg,scab
/content/drive/My Drive/Colab Notebooks/apple_leaf_specialist/data/final/train/scab/e4d39050f72ed484ab1fc580bed4fe7420d1e70c50a459d50d97751b7730d7c3__aug_20251014043101_194.jpg,scab
/content/drive/My Drive/Colab Notebooks/apple_leaf_specialist/data/final/train/scab/9097653883e3ec3a1eadfe73173e5078370601a77795ed44109ef34632cb5469__aug_20251014043101_195.jpg,scab
/content/drive/My Drive/Colab Notebooks/apple_leaf_specialist/data/final/train/scab/6979b6e5d1b5e72c9349f59331bc2ec99d2eb530d700dfd3615cfaa0ef9acb94__aug_20251014043101_196.jpg,scab
/content/drive/My Drive/Colab Notebooks/apple_leaf_specialist/data/final/train/scab/296352ca2e2134bac9240da26eb7cb21ab42f6a6a6ff2baa9e188d9113c6548f__aug_20251014043101_197.jpg,scab
/content/drive/My Drive/Colab Notebooks/apple_leaf_specialist/data/final/train/scab/2bfe657408deb6c4907a1c8b03be1028ddbbad37191f1cc544626db2e442dee2__aug_20251014043101_198.jpg,scab
/content/drive/My Drive/Colab Notebooks/apple_leaf_specialist/data/final/train/scab/cf11bb90fa2416f298e245e3ad657973251710bf95877b0b9794692adf194b50__aug_20251014043101_199.jpg,scab
/content/drive/My Drive/Colab Notebooks/apple_leaf_specialist/data/final/train/scab/f7a88f79fbb0ef3628f5c414faf9c222551c1d67c04b78c278f238edc87a79c7__aug_20251014043101_200.jpg,scab
/content/drive/My Drive/Colab Notebooks/apple_leaf_specialist/data/final/train/scab/569deea9e8b273bc9897ae11d10a6ee9f368eaa240ca5d2e17215edfee01193c__aug_20251014043101_201.jpg,scab
/content/drive/My Drive/Colab Notebooks/apple_leaf_specialist/data/final/train/scab/cb98b4e1815a1c25581ee6d94e399dd87eb28865aed1e9201d9616ca268bf49c__aug_20251014043101_202.jpg,scab
/content/drive/My Drive/Colab Notebooks/apple_leaf_specialist/data/final/train/scab/b14b66e6370109fc392194e2af174540892e5094da2e2c986ddf0acb2642f9fd__aug_20251014043101_203.jpg,scab
/content/drive/My Drive/Colab Notebooks/apple_leaf_specialist/data/final/train/scab/f7a88f79fbb0ef3628f5c414faf9c222551c1d67c04b78c278f238edc87a79c7__aug_20251014043101_204.jpg,scab
/content/drive/My Drive/Colab Notebooks/apple_leaf_specialist/data/final/train/scab/8e2f36895723be172eee29be0bbda2cb4242d03680b281c7e96818bc4ad924b4__aug_20251014043101_205.jpg,scab
/content/drive/My Drive/Colab Notebooks/apple_leaf_specialist/data/final/train/scab/d038c8c9db8edac27766066dab3472084f96eef69ee83420ec3d27a7165aac7e__aug_20251014043101_206.jpg,scab
/content/drive/My Drive/Colab Notebooks/apple_leaf_specialist/data/final/train/scab/68258850801bd863e421a242646c3ffd2340d68c93799303001e339539136851__aug_20251014043101_207.jpg,scab
/content/drive/My Drive/Colab Notebooks/apple_leaf_specialist/data/final/train/scab/e62e471e5f57a6fa276d53f0d01e39a59d28d8b96182239a14202941152eec5e__aug_20251014043101_208.jpg,scab
/content/drive/My Drive/Colab Notebooks/apple_leaf_specialist/data/final/train/scab/83612deb2d9bf43fb746bc0ff69881ea7b3f0c4a30b8f06107fbbded5bb7b015__aug_20251014043101_209.jpg,scab
/content/drive/My Drive/Colab Notebooks/apple_leaf_specialist/data/final/train/scab/53d36bedd7d878368ba11eeb10bdc8c53377db29ebffa91583f451fa3eb4c2a5__aug_20251014043101_210.jpg,scab
/content/drive/My Drive/Colab Notebooks/apple_leaf_specialist/data/final/train/scab/f7a88f79fbb0ef3628f5c414faf9c222551c1d67c04b78c278f238edc87a79c7__aug_20251014043101_211.jpg,scab
/content/drive/My Drive/Colab Notebooks/apple_leaf_specialist/data/final/train/scab/f076ea899d723ac341a18f03b0f4ddb52998d571cb6b567510283bcf4e07ff5a__aug_20251014043101_212.jpg,scab
/content/drive/My Drive/Colab Notebooks/apple_leaf_specialist/data/final/train/scab/287acf1845b1a21873aeb5cb56642db9864d4c7f7fd4993f8d09b48c9d12e963__aug_20251014043101_213.jpg,scab
/content/drive/My Drive/Colab Notebooks/apple_leaf_specialist/data/final/train/scab/4fca29f1f8f9990c08ea423e6790d0f6bba103351f11c2ee7083845155762bc7__aug_20251014043101_214.jpg,scab
/content/drive/My Drive/Colab Notebooks/apple_leaf_specialist/data/final/train/scab/c289830ce47042b8ce85bdbcf2971baed3c5a184a438c594da46e354b83a5f2d__aug_20251014043101_215.jpg,scab
/content/drive/My Drive/Colab Notebooks/apple_leaf_specialist/data/final/train/scab/c421bab53dc29a56aaf67b0bcc91fed39a9c41410943930138427d9dc95d4963__aug_20251014043101_216.jpg,scab
/content/drive/My Drive/Colab Notebooks/apple_leaf_specialist/data/final/train/scab/c80f0aa133c0b10fc6726798988d09897224d532190c9b08322d4c7d84837b73__aug_20251014043101_217.jpg,scab
/content/drive/My Drive/Colab Notebooks/apple_leaf_specialist/data/final/train/scab/c5e02e1e396d8a5959ae774ea3719cbff63e3c5f3f4e44df82630076cab3341f__aug_20251014043101_218.jpg,scab
/content/drive/My Drive/Colab Notebooks/apple_leaf_specialist/data/final/train/scab/56c00c0f5293147f12132ccf2e3d8ead98c49f61b3bcef626415204c434a864c__aug_20251014043101_219.jpg,scab
/content/drive/My Drive/Colab Notebooks/apple_leaf_specialist/data/final/train/scab/f72aedeea67a693561eac664f8f5d6fb2bff9bceb9c18857146788ae78946ccf__aug_20251014043101_220.jpg,scab
/content/drive/My Drive/Colab Notebooks/apple_leaf_specialist/data/final/train/scab/b5c7a0650316de734dbab913e3753a99cf256011af1a3d8adaed7adfe11f9325__aug_20251014043101_221.jpg,scab
/content/drive/My Drive/Colab Notebooks/apple_leaf_specialist/data/final/train/scab/72937663b01c89d2d1d7607f39c730345d1ba40007bad0ca974ee78cec75878f__aug_20251014043101_222.jpg,scab
/content/drive/My Drive/Colab Notebooks/apple_leaf_specialist/data/final/train/scab/78f8d9ed5a4f05485ec5a277a05160155d7cb37f4acba042c880cb0a4ff9b81c__aug_20251014043101_223.jpg,scab
/content/drive/My Drive/Colab Notebooks/apple_leaf_specialist/data/final/train/scab/cbc127daa4e1f8d30f4a0a399a8a1c004f03522ece7a482b00ca4b5e17cbc438__aug_20251014043101_224.jpg,scab
/content/drive/My Drive/Colab Notebooks/apple_leaf_specialist/data/final/train/scab/c7ceb9eee0673c47c27383e3ebd738ea4b15226dc76b1a8926dd245a5170208a__aug_20251014043101_225.jpg,scab
/content/drive/My Drive/Colab Notebooks/apple_leaf_specialist/data/final/train/scab/81c767718ac124abefa3ce5770c44f807c3b72d6f690682215d7ba1023490929__aug_20251014043101_226.jpg,scab
/content/drive/My Drive/Colab Notebooks/apple_leaf_specialist/data/final/train/scab/3af0775669e9b6273632a0bb264ca525bac305e7b068ffe6e16933ce1b29fa87__aug_20251014043101_227.jpg,scab
/content/drive/My Drive/Colab Notebooks/apple_leaf_specialist/data/final/train/scab/6cd7225be81a26b8e4c4b8c0dd27d593295d11dd971d96c7412bc56b23c58a60__aug_20251014043101_228.jpg,scab
/content/drive/My Drive/Colab Notebooks/apple_leaf_specialist/data/final/train/scab/0086dc58e26e5aada6cf9086e7860534855143f5e1a8098236ad9802366a3f75__aug_20251014043101_229.jpg,scab
/content/drive/My Drive/Colab Notebooks/apple_leaf_specialist/data/final/train/scab/1ca12ec0a24df51ce0e4555308e81a73b7e82bfd2e3c844bd203170239923fc1__aug_20251014043101_230.jpg,scab
/content/drive/My Drive/Colab Notebooks/apple_leaf_specialist/data/final/train/scab/0d9b47b58234df3aed8c5e414478a6fc0dc56bf254d99fd07af507cdf78948de__aug_20251014043101_231.jpg,scab
/content/drive/My Drive/Colab Notebooks/apple_leaf_specialist/data/final/train/scab/7ad59a09aaf24932e5d385fb386337fddef412ce804b3fdc05df2b07e302c293__aug_20251014043101_232.jpg,scab
/content/drive/My Drive/Colab Notebooks/apple_leaf_specialist/data/final/train/scab/a06431c1afe136f93740e4e2219a668d6d1190c9233f2747704ffc39df9b2d4a__aug_20251014043101_233.jpg,scab
/content/drive/My Drive/Colab Notebooks/apple_leaf_specialist/data/final/train/scab/769f2eb7fadc3e9aac1efead32eabcfcf98b944f2a171b847b00ddfad50429f8__aug_20251014043101_234.jpg,scab
/content/drive/My Drive/Colab Notebooks/apple_leaf_specialist/data/final/train/scab/6edc6cdf54a1bbbb4a5c48d9389fadd6e4a2c64d38c4c4e64ab6b3775d6add64__aug_20251014043101_235.jpg,scab
/content/drive/My Drive/Colab Notebooks/apple_leaf_specialist/data/final/train/scab/c8c2380e1694bc6d742e4e8d7bc578833f412c48f1df62a5e842c7e2ef27436f__aug_20251014043101_236.jpg,scab
/content/drive/My Drive/Colab Notebooks/apple_leaf_specialist/data/final/train/scab/467b7e3a4e0b36f39b9492b0a412f8d6e4c887472fca14e52b97f5298c98d7fd__aug_20251014043101_237.jpg,scab
/content/drive/My Drive/Colab Notebooks/apple_leaf_specialist/data/final/train/scab/fc1aff021e392829cc2b2917c21eac6c153c06f3dfb15d5aba538739b493ca63__aug_20251014043101_238.jpg,scab
/content/drive/My Drive/Colab Notebooks/apple_leaf_specialist/data/final/train/scab/6bf92f913be48a791995d846488568ea6456f3fc27642ca169c3f2ba0748160b__aug_20251014043101_239.jpg,scab
/content/drive/My Drive/Colab Notebooks/apple_leaf_specialist/data/final/train/scab/8b345dcd1a31a0343a45af6bb37bfe5c1b86164dcb527ddeb9c90f4b76101306__aug_20251014043101_240.jpg,scab
/content/drive/My Drive/Colab Notebooks/apple_leaf_specialist/data/final/train/scab/8e2f36895723be172eee29be0bbda2cb4242d03680b281c7e96818bc4ad924b4__aug_20251014043101_241.jpg,scab
/content/drive/My Drive/Colab Notebooks/apple_leaf_specialist/data/final/train/scab/db14f8ce268c5cb33e971c2ace461fba8bc9f6e8b4eaf57b73da58c67f106b52__aug_20251014043101_242.jpg,scab
/content/drive/My Drive/Colab Notebooks/apple_leaf_specialist/data/final/train/scab/2681669127b92bda6b538f79da0924f66a523b8e6046375c34ec85fa4781174a__aug_20251014043101_243.jpg,scab
/content/drive/My Drive/Colab Notebooks/apple_leaf_specialist/data/final/train/scab/c5ff96cc4617cfc8fba1d6395ec8a240fd4512a880cef58dfda4c2de0913cf7b__aug_20251014043101_244.jpg,scab
/content/drive/My Drive/Colab Notebooks/apple_leaf_specialist/data/final/train/scab/b4f90f365512a53a6810a4330883697487d2d8cd100fe353d7a4e80e058e0912__aug_20251014043101_245.jpg,scab
/content/drive/My Drive/Colab Notebooks/apple_leaf_specialist/data/final/train/scab/53d36bedd7d878368ba11eeb10bdc8c53377db29ebffa91583f451fa3eb4c2a5__aug_20251014043101_246.jpg,scab
/content/drive/My Drive/Colab Notebooks/apple_leaf_specialist/data/final/train/scab/d982eb3807513236b6155d56bfe5d52aaeb6d107ac6fbd7b3db797f8ca7648e6__aug_20251014043101_247.jpg,scab
/content/drive/My Drive/Colab Notebooks/apple_leaf_specialist/data/final/train/scab/3feadee9159a0b5020366a9122ab6a822b1fcf0ce1d420e84143994841f60edf__aug_20251014043101_248.jpg,scab
/content/drive/My Drive/Colab Notebooks/apple_leaf_specialist/data/final/train/scab/272d891d68cfd746c75ade8313602f0602ac7a4c7dcf9aa71d63768da2614452__aug_20251014043101_249.jpg,scab
/content/drive/My Drive/Colab Notebooks/apple_leaf_specialist/data/final/train/scab/d0dcc8cb06e6a996e034ff7823620ba0ee2e6eba9ee9a1a540a6904eb4d8f996__aug_20251014043101_250.jpg,scab
/content/drive/My Drive/Colab Notebooks/apple_leaf_specialist/data/final/train/scab/7a85d8aeae12f1ca0a565ab255ad0f8a53930ba238a860c081c29272a90b2baf__aug_20251014043101_251.jpg,scab
/content/drive/My Drive/Colab Notebooks/apple_leaf_specialist/data/final/train/scab/be5cdf5423da11a8cd8836cf8708ac66378906804aba7512b9868e17777c8d99__aug_20251014043101_252.jpg,scab
/content/drive/My Drive/Colab Notebooks/apple_leaf_specialist/data/final/train/scab/53104bfa8ac5879956806ec3fe10986fa520d65ee0b117686631c8bf360f4a71__aug_20251014043101_253.jpg,scab
/content/drive/My Drive/Colab Notebooks/apple_leaf_specialist/data/final/train/scab/6cbf6aa95c952925e94846e58546e0d19491d12fa1b0c14ce3d4e9d9d04fc2ea__aug_20251014043101_254.jpg,scab
/content/drive/My Drive/Colab Notebooks/apple_leaf_specialist/data/final/train/scab/dde5b1132a15b6af470db4769ce75f440e1852936b7ba9b55aaf5b46715583f8__aug_20251014043101_255.jpg,scab
/content/drive/My Drive/Colab Notebooks/apple_leaf_specialist/data/final/train/scab/8cd8899fe151ca7c55aa12f4ed5c55423e2ac1d565a89c36e100b92ef7b495de__aug_20251014043101_256.jpg,scab
/content/drive/My Drive/Colab Notebooks/apple_leaf_specialist/data/final/train/scab/c0f55c5626cc590e3c43924e43524bb3849bfb5f24085e8e945d6044f52c72c9__aug_20251014043101_257.jpg,scab
/content/drive/My Drive/Colab Notebooks/apple_leaf_specialist/data/final/train/scab/3cede19626c11d0855aaa21b8e7d847d95d30d468d178f002ff96a1b65e47f37__aug_20251014043101_258.jpg,scab
/content/drive/My Drive/Colab Notebooks/apple_leaf_specialist/data/final/train/scab/a6eaf97a5e807e93f01315b84925b72cf2c743d3afe92f7184ad66d8975d273d__aug_20251014043101_259.jpg,scab
/content/drive/My Drive/Colab Notebooks/apple_leaf_specialist/data/final/train/scab/d038c8c9db8edac27766066dab3472084f96eef69ee83420ec3d27a7165aac7e__aug_20251014043101_260.jpg,scab
/content/drive/My Drive/Colab Notebooks/apple_leaf_specialist/data/final/train/scab/2695e58ab40d24b03d8161584f81d2844ca9e0524596634ffec00ce7b5246c8d__aug_20251014043101_261.jpg,scab
/content/drive/My Drive/Colab Notebooks/apple_leaf_specialist/data/final/train/scab/a181c47d8c900ace1fe15bd8fea676f87c1420a389a803be2e6f18c563c32f67__aug_20251014043101_262.jpg,scab
/content/drive/My Drive/Colab Notebooks/apple_leaf_specialist/data/final/train/scab/85b14c87a606dc3716804816ee0784211736a03752c997d674eaf27bc298368e__aug_20251014043101_263.jpg,scab
/content/drive/My Drive/Colab Notebooks/apple_leaf_specialist/data/final/train/scab/378fc2ee698b481982bd0fc676eb0ac1dc8ef13147092b2c20c18d0f85df39c0__aug_20251014043101_264.jpg,scab
/content/drive/My Drive/Colab Notebooks/apple_leaf_specialist/data/final/train/scab/d6a321860d146662d3894b3950bd7b4e1cc471a2eead02b66c141a0fcb143d38__aug_20251014043101_265.jpg,scab
/content/drive/My Drive/Colab Notebooks/apple_leaf_specialist/data/final/train/scab/a55e81dbdcbe10e1f4f047979e427985a94bbecfe166f0ab3c49a11955b90bbc__aug_20251014043101_266.jpg,scab
/content/drive/My Drive/Colab Notebooks/apple_leaf_specialist/data/final/train/scab/32af3fd42567578c73749b40b73b1b3c2a279ce088cc75dd6f77c965fc968411__aug_20251014043101_267.jpg,scab
/content/drive/My Drive/Colab Notebooks/apple_leaf_specialist/data/final/train/scab/8a174d34846ef895a04509a9942776825e5ff65df6c73bbb86660fb21ac3ba4e__aug_20251014043101_268.jpg,scab
/content/drive/My Drive/Colab Notebooks/apple_leaf_specialist/data/final/train/scab/bc9b8ccf7b52e0ba99bcd7776c303da5bf01947f67c129260cfdf8c225a0f2c2__aug_20251014043101_269.jpg,scab
/content/drive/My Drive/Colab Notebooks/apple_leaf_specialist/data/final/train/scab/f2da328c94eb7de1252e9378ecee9a2b19365d4a6835e77c66d72c4b2e498943__aug_20251014043101_270.jpg,scab
/content/drive/My Drive/Colab Notebooks/apple_leaf_specialist/data/final/train/scab/1c9eafd75b6392cb409dcd060954564aba76948c9abf4af506a5de6d4ee73f57__aug_20251014043101_271.jpg,scab
/content/drive/My Drive/Colab Notebooks/apple_leaf_specialist/data/final/train/scab/6edc6cdf54a1bbbb4a5c48d9389fadd6e4a2c64d38c4c4e64ab6b3775d6add64__aug_20251014043101_272.jpg,scab
/content/drive/My Drive/Colab Notebooks/apple_leaf_specialist/data/final/train/scab/b238079707d26360903ad264afc2454f9ddf1c03c7a942a011eccaa1a4335ef1__aug_20251014043101_273.jpg,scab
/content/drive/My Drive/Colab Notebooks/apple_leaf_specialist/data/final/train/scab/b238079707d26360903ad264afc2454f9ddf1c03c7a942a011eccaa1a4335ef1__aug_20251014043101_274.jpg,scab
/content/drive/My Drive/Colab Notebooks/apple_leaf_specialist/data/final/train/scab/db3d62f9385a0fe4389592412723d27ba3b2b3464b412cb2001c06a79db36684__aug_20251014043101_275.jpg,scab
/content/drive/My Drive/Colab Notebooks/apple_leaf_specialist/data/final/train/scab/543c2324a10971fb574b6a0f40eb60d1297504b629eb881e8148954c93e36820__aug_20251014043101_276.jpg,scab
/content/drive/My Drive/Colab Notebooks/apple_leaf_specialist/data/final/train/scab/f4176e2c8e0cbd060b6b3510d3df62c56b907576a3b4a4b4b72a50da7255d80d__aug_20251014043101_277.jpg,scab
/content/drive/My Drive/Colab Notebooks/apple_leaf_specialist/data/final/train/scab/e08be7edf0bc23bea2e07001b33ac38ec094ca54afddf4ef17e67543b4a3d677__aug_20251014043101_278.jpg,scab
/content/drive/My Drive/Colab Notebooks/apple_leaf_specialist/data/final/train/scab/8e2f36895723be172eee29be0bbda2cb4242d03680b281c7e96818bc4ad924b4__aug_20251014043101_279.jpg,scab
/content/drive/My Drive/Colab Notebooks/apple_leaf_specialist/data/final/train/scab/8c42a37b4f0ad991ef6424a2daa2494769d63080771fe4ecc66e01b914f8fb23__aug_20251014043101_280.jpg,scab
/content/drive/My Drive/Colab Notebooks/apple_leaf_specialist/data/final/train/scab/eaee118cbbc48f77b3bb344448b65f3444f9538e407cf818a66f9df02aa0ce2c__aug_20251014043101_281.jpg,scab
/content/drive/My Drive/Colab Notebooks/apple_leaf_specialist/data/final/train/scab/5eb3e2395f6221d343d8cc557eea1ac2a08c0574524b9457ec914048fa8a3438__aug_20251014043101_282.jpg,scab
/content/drive/My Drive/Colab Notebooks/apple_leaf_specialist/data/final/train/scab/c8c2380e1694bc6d742e4e8d7bc578833f412c48f1df62a5e842c7e2ef27436f__aug_20251014043101_283.jpg,scab
/content/drive/My Drive/Colab Notebooks/apple_leaf_specialist/data/final/train/scab/e398494517b086bd061a7384d56992338849303d78ae7ff7c904d4af9d177f15__aug_20251014043101_284.jpg,scab
/content/drive/My Drive/Colab Notebooks/apple_leaf_specialist/data/final/train/scab/0c22875051360ff7e9f99818eeaaf8973e681d34c1c63d3b14153ab2838b57b4__aug_20251014043101_285.jpg,scab
/content/drive/My Drive/Colab Notebooks/apple_leaf_specialist/data/final/train/scab/cfe3aefaf27a690ac93b09c7ea78a072298169367e28c9cd303d57a8274c2a0b__aug_20251014043101_286.jpg,scab
/content/drive/My Drive/Colab Notebooks/apple_leaf_specialist/data/final/train/scab/c4f6ae579e4c63a72110a7b8fe6262c7402580726b3dff770315c33eb4ff5be5__aug_20251014043101_287.jpg,scab
/content/drive/My Drive/Colab Notebooks/apple_leaf_specialist/data/final/train/scab/b2447fb56f418ee18260f2b00332d75592848915a57cdb248136bc8dfdae1837__aug_20251014043101_288.jpg,scab
/content/drive/My Drive/Colab Notebooks/apple_leaf_specialist/data/final/train/scab/e620d1be88b76b148f8d51b8025394c375c7efeaa054dfd6c02249463710bbe3__aug_20251014043101_289.jpg,scab
/content/drive/My Drive/Colab Notebooks/apple_leaf_specialist/data/final/train/scab/02d7244e98e8ae5f7a02580ac0899722b6c419b5ecf010478e61f703dc1ea6e3__aug_20251014043101_290.jpg,scab
/content/drive/My Drive/Colab Notebooks/apple_leaf_specialist/data/final/train/scab/cfe3aefaf27a690ac93b09c7ea78a072298169367e28c9cd303d57a8274c2a0b__aug_20251014043101_291.jpg,scab
/content/drive/My Drive/Colab Notebooks/apple_leaf_specialist/data/final/train/scab/ce83b79ff1e3b40366eb9dc3627c2f5cee05cb12cedb49894c0609054519aa07__aug_20251014043101_292.jpg,scab
/content/drive/My Drive/Colab Notebooks/apple_leaf_specialist/data/final/train/scab/c80f0aa133c0b10fc6726798988d09897224d532190c9b08322d4c7d84837b73__aug_20251014043101_293.jpg,scab
/content/drive/My Drive/Colab Notebooks/apple_leaf_specialist/data/final/train/scab/a97f2aa6a527927cf340d988d8c1988925e57b89cb15b5886fee77969b4ec651__aug_20251014043101_294.jpg,scab
/content/drive/My Drive/Colab Notebooks/apple_leaf_specialist/data/final/train/scab/69b89ffefa915ec766b72dc9f511ff882af5f217f82662c3ac6f4d3eac2e9ffd__aug_20251014043101_295.jpg,scab
/content/drive/My Drive/Colab Notebooks/apple_leaf_specialist/data/final/train/scab/f0bfae45137691dc392a9d620e263952fc13862f6bf4770a5b619831ab0589f5__aug_20251014043101_296.jpg,scab
/content/drive/My Drive/Colab Notebooks/apple_leaf_specialist/data/final/train/scab/b317621f5af5906fc39ef941f4f6314239fa09e8910352a3260a6ec69bfda7a7__aug_20251014043101_297.jpg,scab
/content/drive/My Drive/Colab Notebooks/apple_leaf_specialist/data/final/train/scab/9861cb21d9df901921d030d052ccc0cd78d6e5d131713e288e80e09081697a0a__aug_20251014043101_298.jpg,scab
/content/drive/My Drive/Colab Notebooks/apple_leaf_specialist/data/final/train/scab/ed1f7ddd3825fd5f227a138dc322ed79a7995699099b79d6cc60175bdec203fb__aug_20251014043101_299.jpg,scab
/content/drive/My Drive/Colab Notebooks/apple_leaf_specialist/data/final/train/scab/31dd48e83d8060a03ae21f9631dd36518f6860441017ebddbe8ac353833a1e93__aug_20251014043101_300.jpg,scab
/content/drive/My Drive/Colab Notebooks/apple_leaf_specialist/data/final/train/scab/c289830ce47042b8ce85bdbcf2971baed3c5a184a438c594da46e354b83a5f2d__aug_20251014043101_301.jpg,scab
/content/drive/My Drive/Colab Notebooks/apple_leaf_specialist/data/final/train/scab/29737dea37e80e0b87107cb154a941fa6a3eb159e24436923b2caf0783a725da__aug_20251014043101_302.jpg,scab
/content/drive/My Drive/Colab Notebooks/apple_leaf_specialist/data/final/train/scab/f198cad8dbb4671c63e11a3a02242579713f284ee304b59b8fb846d8889d568e__aug_20251014043101_303.jpg,scab
/content/drive/My Drive/Colab Notebooks/apple_leaf_specialist/data/final/train/scab/8083d9af94eabf2848a95f882245e3f137ecd1340622e06331565a44d342d718__aug_20251014043101_304.jpg,scab
/content/drive/My Drive/Colab Notebooks/apple_leaf_specialist/data/final/train/scab/8823a7de2d847090a9bd9c30a9a08b4c1df38e4c84bf7f9467ad4f460af475b4__aug_20251014043101_305.jpg,scab
/content/drive/My Drive/Colab Notebooks/apple_leaf_specialist/data/final/train/scab/43788a6a74b99ff780b07a8d874e3a1eec0d712980f6335310f802c8bc48b1b4__aug_20251014043101_306.jpg,scab
/content/drive/My Drive/Colab Notebooks/apple_leaf_specialist/data/final/train/scab/4c6f3ed858dbd33d8950f302cf4dabdc133f20df2b26ece4f4511287d0ec0cad__aug_20251014043101_307.jpg,scab
/content/drive/My Drive/Colab Notebooks/apple_leaf_specialist/data/final/train/scab/f71a5f76376ad74833e62ca788de582645b90d3744e2ee16208d921ed0c04788__aug_20251014043101_308.jpg,scab
/content/drive/My Drive/Colab Notebooks/apple_leaf_specialist/data/final/train/scab/a181c47d8c900ace1fe15bd8fea676f87c1420a389a803be2e6f18c563c32f67__aug_20251014043101_309.jpg,scab
/content/drive/My Drive/Colab Notebooks/apple_leaf_specialist/data/final/train/scab/90bbdb6ceb8eb041d4dc2723c3cf2ee6af53c4e0f85dbaf8a0b69e88b183133d__aug_20251014043101_310.jpg,scab
/content/drive/My Drive/Colab Notebooks/apple_leaf_specialist/data/final/train/scab/fabd46bb0d051ad5e0d02968b23a7460bb03e0c219b90d7f24f101c320c68508__aug_20251014043101_311.jpg,scab
/content/drive/My Drive/Colab Notebooks/apple_leaf_specialist/data/final/train/scab/fa0bc7d1c10dd97cfc07dc3779817bc65a9a88bcf5a6af42bfa97ff20734d2cc__aug_20251014043101_312.jpg,scab
/content/drive/My Drive/Colab Notebooks/apple_leaf_specialist/data/final/train/scab/78f8d9ed5a4f05485ec5a277a05160155d7cb37f4acba042c880cb0a4ff9b81c__aug_20251014043101_313.jpg,scab
/content/drive/My Drive/Colab Notebooks/apple_leaf_specialist/data/final/train/scab/a9d20fe4f0a7f158fd6d34bece151040b975ab0924cb543f1cbdbeeb36d183ce__aug_20251014043101_314.jpg,scab
/content/drive/My Drive/Colab Notebooks/apple_leaf_specialist/data/final/train/scab/376f80bb186e98dbf2d90d43a71fa1fa764a4357e6716d6e34288765bc4b4150__aug_20251014043101_315.jpg,scab
/content/drive/My Drive/Colab Notebooks/apple_leaf_specialist/data/final/train/scab/b27778ccfdc23dcfea73f400df70e1f9f98a0c3327a0876381a75d88ad8af3d8__aug_20251014043101_316.jpg,scab
/content/drive/My Drive/Colab Notebooks/apple_leaf_specialist/data/final/train/scab/81424ca55b96235f54c24e0637cfe44cd72291c8dcd7e06609b1b88fb4e9f689__aug_20251014043101_317.jpg,scab
/content/drive/My Drive/Colab Notebooks/apple_leaf_specialist/data/final/train/scab/6cd7225be81a26b8e4c4b8c0dd27d593295d11dd971d96c7412bc56b23c58a60__aug_20251014043101_318.jpg,scab
/content/drive/My Drive/Colab Notebooks/apple_leaf_specialist/data/final/train/scab/32af3fd42567578c73749b40b73b1b3c2a279ce088cc75dd6f77c965fc968411__aug_20251014043101_319.jpg,scab
/content/drive/My Drive/Colab Notebooks/apple_leaf_specialist/data/final/train/scab/569deea9e8b273bc9897ae11d10a6ee9f368eaa240ca5d2e17215edfee01193c__aug_20251014043101_320.jpg,scab
/content/drive/My Drive/Colab Notebooks/apple_leaf_specialist/data/final/train/scab/1b2664d2d771849abb71c3483e3d269bc4022d19f575b151a8121d2430d2ed16__aug_20251014043101_321.jpg,scab
/content/drive/My Drive/Colab Notebooks/apple_leaf_specialist/data/final/train/scab/2c48c3550a851040751349c3ff00403fe941ff5234976fcae5f350caeb7f292b__aug_20251014043101_322.jpg,scab
/content/drive/My Drive/Colab Notebooks/apple_leaf_specialist/data/final/train/scab/57e639cb9c536c1f5b1e8aae5f7cde3e44b830747f66766022884959071f1343__aug_20251014043101_323.jpg,scab
/content/drive/My Drive/Colab Notebooks/apple_leaf_specialist/data/final/train/scab/1ae7393980d449648cc75348d39cf5b307c0af351bce140a8a40bf963e5aa3eb__aug_20251014043101_324.jpg,scab
/content/drive/My Drive/Colab Notebooks/apple_leaf_specialist/data/final/train/scab/5fdaee8268b40a9775db85858fc70be3acd46744254afc456ee73968110fbca5__aug_20251014043101_325.jpg,scab
/content/drive/My Drive/Colab Notebooks/apple_leaf_specialist/data/final/train/scab/a1a9540c68af1e2cd57fce42e3b3ec32b47a46c8f5e5de0557517ea6e7125945__aug_20251014043101_326.jpg,scab
/content/drive/My Drive/Colab Notebooks/apple_leaf_specialist/data/final/train/scab/b421e54c0e367ffa5b513edf3b70b9224cc9253da0b9d727e8879dcee5531025__aug_20251014043101_327.jpg,scab
/content/drive/My Drive/Colab Notebooks/apple_leaf_specialist/data/final/train/scab/3a542f39f653b4a3e2d31617a3f2f75a884af37de72181df4912be0d4c696ebb__aug_20251014043101_328.jpg,scab
/content/drive/My Drive/Colab Notebooks/apple_leaf_specialist/data/final/train/scab/a35fd363702dfaea37bb7d251ada09fe16609aa937c838d1dbbb60a2c46041f7__aug_20251014043101_329.jpg,scab
/content/drive/My Drive/Colab Notebooks/apple_leaf_specialist/data/final/train/scab/9b855b98ae93b4add436dc474b0ec3787dc4b838b964b135791f25cbab472366__aug_20251014043101_330.jpg,scab
/content/drive/My Drive/Colab Notebooks/apple_leaf_specialist/data/final/train/scab/9b570332e619c70988582b8117ed00f3ceb30c29b75a02f0973a767e75c31d1d__aug_20251014043101_331.jpg,scab
/content/drive/My Drive/Colab Notebooks/apple_leaf_specialist/data/final/train/scab/a8098062325b90b3710ddc5c3be7821c5d8d55b84cc510f7c136346e6663efa5__aug_20251014043101_332.jpg,scab
/content/drive/My Drive/Colab Notebooks/apple_leaf_specialist/data/final/train/scab/ac8e56cf9d1379700f0cce3a3775fe7fd60146d179ddfe1c1d05638d59d2e80d__aug_20251014043101_333.jpg,scab
/content/drive/My Drive/Colab Notebooks/apple_leaf_specialist/data/final/train/scab/e90eab903ce5f015c8b5dde12c9370b7a02fc39603869df2c622c6beaa3e3906__aug_20251014043101_334.jpg,scab
/content/drive/My Drive/Colab Notebooks/apple_leaf_specialist/data/final/train/scab/1b2664d2d771849abb71c3483e3d269bc4022d19f575b151a8121d2430d2ed16__aug_20251014043101_335.jpg,scab
/content/drive/My Drive/Colab Notebooks/apple_leaf_specialist/data/final/train/scab/e1fa0b04971a5d5044eaf511cb8538f7e73e17d7a0c538dc54412c263e524170__aug_20251014043101_336.jpg,scab
/content/drive/My Drive/Colab Notebooks/apple_leaf_specialist/data/final/train/scab/841345df3aa691438a25b487a91dcebf2c152318332bd1a38260e8f5a0f5c62c__aug_20251014043101_337.jpg,scab
/content/drive/My Drive/Colab Notebooks/apple_leaf_specialist/data/final/train/scab/d8db1fe41c62b1ca8fa71246b1e720af8bf9e49a1e884d8f918e3994a3d6a488__aug_20251014043101_338.jpg,scab
/content/drive/My Drive/Colab Notebooks/apple_leaf_specialist/data/final/train/scab/0307c2b2b838566d80ac59055f7374bebb2a009b5eca717bdcc4761efe6b6c70__aug_20251014043101_339.jpg,scab
/content/drive/My Drive/Colab Notebooks/apple_leaf_specialist/data/final/train/scab/78eac2b93fa05309a867f99ae08a32d9bba9813c92dbd0935f96b75170a3ebb6__aug_20251014043101_340.jpg,scab
/content/drive/My Drive/Colab Notebooks/apple_leaf_specialist/data/final/train/scab/1a2876ec2598a471f66601df57474574e45009c5f36f7ef4b9e836fe713beed4__aug_20251014043101_341.jpg,scab
/content/drive/My Drive/Colab Notebooks/apple_leaf_specialist/data/final/train/scab/4c5ea07ee7f95049f92f6e97217fd7d20d14cbd24a3b488ec840c075536bb771__aug_20251014043101_342.jpg,scab
/content/drive/My Drive/Colab Notebooks/apple_leaf_specialist/data/final/train/scab/8cd8899fe151ca7c55aa12f4ed5c55423e2ac1d565a89c36e100b92ef7b495de__aug_20251014043101_343.jpg,scab
/content/drive/My Drive/Colab Notebooks/apple_leaf_specialist/data/final/train/scab/1cea59a85c1fb73b56a54e28a41fc17db68ef2a1436874cac6860c224da9e4cd__aug_20251014043101_344.jpg,scab
/content/drive/My Drive/Colab Notebooks/apple_leaf_specialist/data/final/train/scab/dde5b1132a15b6af470db4769ce75f440e1852936b7ba9b55aaf5b46715583f8__aug_20251014043101_345.jpg,scab
/content/drive/My Drive/Colab Notebooks/apple_leaf_specialist/data/final/train/scab/f4176e2c8e0cbd060b6b3510d3df62c56b907576a3b4a4b4b72a50da7255d80d__aug_20251014043101_346.jpg,scab
/content/drive/My Drive/Colab Notebooks/apple_leaf_specialist/data/final/train/scab/ee6088ee455178a4909bd627e469f0b4f0621bc9ff9534e0bc938aec8c17cc82__aug_20251014043101_347.jpg,scab
/content/drive/My Drive/Colab Notebooks/apple_leaf_specialist/data/final/train/scab/cf11bb90fa2416f298e245e3ad657973251710bf95877b0b9794692adf194b50__aug_20251014043101_348.jpg,scab
/content/drive/My Drive/Colab Notebooks/apple_leaf_specialist/data/final/train/scab/e90eab903ce5f015c8b5dde12c9370b7a02fc39603869df2c622c6beaa3e3906__aug_20251014043101_349.jpg,scab
/content/drive/My Drive/Colab Notebooks/apple_leaf_specialist/data/final/train/scab/49c58eb74f3fc48ba39590cb563c6ebe5c9a5209af7911d9afc4ca2ad528fbb9__aug_20251014043101_350.jpg,scab
/content/drive/My Drive/Colab Notebooks/apple_leaf_specialist/data/final/train/scab/8c6ee79a82f15dc0e7dd61de163c6b1ecd3b338907afe58f459238295887cf76__aug_20251014043101_351.jpg,scab
/content/drive/My Drive/Colab Notebooks/apple_leaf_specialist/data/final/train/scab/f1dedaf82d4dbc05597dacac02a53616f67f04b110f586aa9fb60034c6e82208__aug_20251014043101_352.jpg,scab
/content/drive/My Drive/Colab Notebooks/apple_leaf_specialist/data/final/train/scab/37b606cc888513da66d041a7d7a191715a6f6e31701e970379fbce43d75ac329__aug_20251014043101_353.jpg,scab
/content/drive/My Drive/Colab Notebooks/apple_leaf_specialist/data/final/train/scab/640c154f349056c26db8f0293162e63e099d53c87b4a5a41097d73fed77b709e__aug_20251014043101_354.jpg,scab
/content/drive/My Drive/Colab Notebooks/apple_leaf_specialist/data/final/train/scab/2e4414a26265808d0276192a370b5654885ccea121e59ead59385fb0a60b93a9__aug_20251014043101_355.jpg,scab
/content/drive/My Drive/Colab Notebooks/apple_leaf_specialist/data/final/train/scab/0a348377af79114c98affa89d70ef6af85a701dbbc353ed47deb3196efbf9306__aug_20251014043101_356.jpg,scab
/content/drive/My Drive/Colab Notebooks/apple_leaf_specialist/data/final/train/scab/d05ce95d6a641a7191b4838ea842439feca86390bb6708e6d6db77a244d6fbfe__aug_20251014043101_357.jpg,scab
/content/drive/My Drive/Colab Notebooks/apple_leaf_specialist/data/final/train/scab/3b4d6133354d89ecb5d297547c47033e6572040594f6c5aaa911ecb244069f9a__aug_20251014043101_358.jpg,scab
/content/drive/My Drive/Colab Notebooks/apple_leaf_specialist/data/final/train/scab/644caf7d2884a2777ffbaca01094756e5d90b5b839d4a8d2e27f61d298372f03__aug_20251014043101_359.jpg,scab
/content/drive/My Drive/Colab Notebooks/apple_leaf_specialist/data/final/train/scab/82eb5544ce2b75dd34b65bd6b9591d8bef0cb35f825043b2464d1e9e8bacaa2d__aug_20251014043101_360.jpg,scab
/content/drive/My Drive/Colab Notebooks/apple_leaf_specialist/data/final/train/scab/0c22875051360ff7e9f99818eeaaf8973e681d34c1c63d3b14153ab2838b57b4__aug_20251014043101_361.jpg,scab
/content/drive/My Drive/Colab Notebooks/apple_leaf_specialist/data/final/train/scab/08576b4514f3db027c58c5f75572b92416d31641ac45b862d78c5edeeff28a98__aug_20251014043101_362.jpg,scab
/content/drive/My Drive/Colab Notebooks/apple_leaf_specialist/data/final/train/scab/0c22875051360ff7e9f99818eeaaf8973e681d34c1c63d3b14153ab2838b57b4__aug_20251014043101_363.jpg,scab
/content/drive/My Drive/Colab Notebooks/apple_leaf_specialist/data/final/train/scab/1ae7393980d449648cc75348d39cf5b307c0af351bce140a8a40bf963e5aa3eb__aug_20251014043101_364.jpg,scab
/content/drive/My Drive/Colab Notebooks/apple_leaf_specialist/data/final/train/scab/6fa682c1b8a5873cbba5414fa0f8c57c66e308b1dff7d6700f34045c957a094d__aug_20251014043101_365.jpg,scab
/content/drive/My Drive/Colab Notebooks/apple_leaf_specialist/data/final/train/scab/57e639cb9c536c1f5b1e8aae5f7cde3e44b830747f66766022884959071f1343__aug_20251014043101_366.jpg,scab
/content/drive/My Drive/Colab Notebooks/apple_leaf_specialist/data/final/train/scab/1f4471643909a7d26ac2a6c61eb8b74a2c21b075c55a060da505d58e73d1cd65__aug_20251014043101_367.jpg,scab
/content/drive/My Drive/Colab Notebooks/apple_leaf_specialist/data/final/train/scab/ee6088ee455178a4909bd627e469f0b4f0621bc9ff9534e0bc938aec8c17cc82__aug_20251014043101_368.jpg,scab
/content/drive/My Drive/Colab Notebooks/apple_leaf_specialist/data/final/train/scab/9c491acb7ea65a22806869924ee59b35663a32420194d2f12d9b1c6ef5661a92__aug_20251014043101_369.jpg,scab
/content/drive/My Drive/Colab Notebooks/apple_leaf_specialist/data/final/train/scab/ee6088ee455178a4909bd627e469f0b4f0621bc9ff9534e0bc938aec8c17cc82__aug_20251014043101_370.jpg,scab
/content/drive/My Drive/Colab Notebooks/apple_leaf_specialist/data/final/train/scab/6c82bcb3d6ab6ce8018d73cfd95615e982073632405163d6bba5f3c0727178ce__aug_20251014043101_371.jpg,scab
/content/drive/My Drive/Colab Notebooks/apple_leaf_specialist/data/final/train/scab/c0a3aa6b7c659295dea4e04c41a012684b918989e08391920d17add53d4a3ee9__aug_20251014043101_372.jpg,scab
/content/drive/My Drive/Colab Notebooks/apple_leaf_specialist/data/final/train/scab/b4d3e597241229d8300e07383a837216c68b52f184c7e24075eb17bd1d7cd07c__aug_20251014043101_373.jpg,scab
/content/drive/My Drive/Colab Notebooks/apple_leaf_specialist/data/final/train/scab/8a4643fc1136dd875a4dc230dd1a1f55d93d61061c51364c91701dd23ed45dcc__aug_20251014043101_374.jpg,scab
/content/drive/My Drive/Colab Notebooks/apple_leaf_specialist/data/final/train/scab/d0dcc8cb06e6a996e034ff7823620ba0ee2e6eba9ee9a1a540a6904eb4d8f996__aug_20251014043101_375.jpg,scab
/content/drive/My Drive/Colab Notebooks/apple_leaf_specialist/data/final/train/scab/b2e7f76d5260b073d373b78568de75628dcc7be7b277d4ac5aa3eb4f0709481f__aug_20251014043101_376.jpg,scab
/content/drive/My Drive/Colab Notebooks/apple_leaf_specialist/data/final/train/scab/702fa62cabd8e8611269ad4a771ade05cb7d48328316818f130f6fb644326877__aug_20251014043101_377.jpg,scab
/content/drive/My Drive/Colab Notebooks/apple_leaf_specialist/data/final/train/scab/c4de54529cc1da30bbae4dfdc31e46bdbf15ad19146ae8730de7965d24839099__aug_20251014043101_378.jpg,scab
/content/drive/My Drive/Colab Notebooks/apple_leaf_specialist/data/final/train/scab/1c9eafd75b6392cb409dcd060954564aba76948c9abf4af506a5de6d4ee73f57__aug_20251014043101_379.jpg,scab
/content/drive/My Drive/Colab Notebooks/apple_leaf_specialist/data/final/train/scab/0307c2b2b838566d80ac59055f7374bebb2a009b5eca717bdcc4761efe6b6c70__aug_20251014043101_380.jpg,scab
/content/drive/My Drive/Colab Notebooks/apple_leaf_specialist/data/final/train/scab/714d183484ec920349328d73fa5dd73d90164e37c1c955b43cd10c8f42a1234f__aug_20251014043101_381.jpg,scab
/content/drive/My Drive/Colab Notebooks/apple_leaf_specialist/data/final/train/scab/300061e942652c705d185a69b5f7fccabfec609b9399ce086fab1b57e0ea90f8__aug_20251014043101_382.jpg,scab
/content/drive/My Drive/Colab Notebooks/apple_leaf_specialist/data/final/train/scab/bba4b2e7d8aa1d599e79220b355b971f42c2eaf3fbaf04ee23165f116143861b__aug_20251014043101_383.jpg,scab
/content/drive/My Drive/Colab Notebooks/apple_leaf_specialist/data/final/train/scab/10ed8837c3f56745fd0cd04bdcde092d1774d645987ec3e9254ec3e4de3f2dcf__aug_20251014043101_384.jpg,scab
/content/drive/My Drive/Colab Notebooks/apple_leaf_specialist/data/final/train/scab/29aab47aa822bd6c8c3c79c8766aa006a5be9da286afcc333b0812625fd120ee__aug_20251014043101_385.jpg,scab
/content/drive/My Drive/Colab Notebooks/apple_leaf_specialist/data/final/train/scab/9b570332e619c70988582b8117ed00f3ceb30c29b75a02f0973a767e75c31d1d__aug_20251014043101_386.jpg,scab
/content/drive/My Drive/Colab Notebooks/apple_leaf_specialist/data/final/train/scab/a0c0deb32230c6b00a10ccb114b3a441f7d16d08fe8ff87e5845386ceb30d35b__aug_20251014043101_387.jpg,scab
/content/drive/My Drive/Colab Notebooks/apple_leaf_specialist/data/final/train/scab/ca8c5f81d263fc11abb1a160274b04225193aae3e36055ae4f60076db8b9b387__aug_20251014043101_388.jpg,scab
/content/drive/My Drive/Colab Notebooks/apple_leaf_specialist/data/final/train/scab/894de46df8d5f414077ce1ab1987a9804f2edba456baa915cd443712a25b23ac__aug_20251014043101_389.jpg,scab
/content/drive/My Drive/Colab Notebooks/apple_leaf_specialist/data/final/train/scab/2b948ef00ae3701eef20fa4edef0a692a18e5b8f81fb54ad52b7ef14a63530b4__aug_20251014043101_390.jpg,scab
/content/drive/My Drive/Colab Notebooks/apple_leaf_specialist/data/final/train/scab/7b1a922eed73b3ba6c95fc261890c8055428ac9fcdc72dd0ddbc7bae0bb1ada4__aug_20251014043101_391.jpg,scab
/content/drive/My Drive/Colab Notebooks/apple_leaf_specialist/data/final/train/scab/ab0361d5aa4d080d37e0883e15abb68777dd3c31b3379cf2aaff36bd93479e9c__aug_20251014043101_392.jpg,scab
/content/drive/My Drive/Colab Notebooks/apple_leaf_specialist/data/final/train/scab/3af0775669e9b6273632a0bb264ca525bac305e7b068ffe6e16933ce1b29fa87__aug_20251014043101_393.jpg,scab
/content/drive/My Drive/Colab Notebooks/apple_leaf_specialist/data/final/train/scab/90bbdb6ceb8eb041d4dc2723c3cf2ee6af53c4e0f85dbaf8a0b69e88b183133d__aug_20251014043101_394.jpg,scab
/content/drive/My Drive/Colab Notebooks/apple_leaf_specialist/data/final/train/scab/2c48c3550a851040751349c3ff00403fe941ff5234976fcae5f350caeb7f292b__aug_20251014043101_395.jpg,scab
/content/drive/My Drive/Colab Notebooks/apple_leaf_specialist/data/final/train/scab/77d70b8e059f03ae3aabf0ce6ac263a28186e3af7b40a42284c5c6856e8eee93__aug_20251014043101_396.jpg,scab
/content/drive/My Drive/Colab Notebooks/apple_leaf_specialist/data/final/train/scab/e510fbddc27d1cbf05e3dca2e628f42f19ccbc82dd2f556eafc529e7f7f07cce__aug_20251014043101_397.jpg,scab
/content/drive/My Drive/Colab Notebooks/apple_leaf_specialist/data/final/train/scab/0d9b47b58234df3aed8c5e414478a6fc0dc56bf254d99fd07af507cdf78948de__aug_20251014043101_398.jpg,scab
/content/drive/My Drive/Colab Notebooks/apple_leaf_specialist/data/final/train/scab/cf11bb90fa2416f298e245e3ad657973251710bf95877b0b9794692adf194b50__aug_20251014043101_399.jpg,scab
/content/drive/My Drive/Colab Notebooks/apple_leaf_specialist/data/final/train/scab/b14b66e6370109fc392194e2af174540892e5094da2e2c986ddf0acb2642f9fd__aug_20251014043101_400.jpg,scab
/content/drive/My Drive/Colab Notebooks/apple_leaf_specialist/data/final/train/scab/263d561731a32710f3035ef620bd9e211dfb548654814e8ec8cd5d2c3a4f654c__aug_20251014043101_401.jpg,scab
/content/drive/My Drive/Colab Notebooks/apple_leaf_specialist/data/final/train/scab/7d5c70474656c859cdee54da4e6beb29ccfc5343122a526d88c15d44f1784efc__aug_20251014043101_402.jpg,scab
/content/drive/My Drive/Colab Notebooks/apple_leaf_specialist/data/final/train/scab/9bd677955a78b2afb5a7ce18e44be75acd57da70b388162efd6f6a4df3ff49f3__aug_20251014043101_403.jpg,scab
/content/drive/My Drive/Colab Notebooks/apple_leaf_specialist/data/final/train/scab/c1c5ace32c718bbd37be446ed61d451c7717957d56e37d6b3630f3a4d15ad3b5__aug_20251014043101_404.jpg,scab
/content/drive/My Drive/Colab Notebooks/apple_leaf_specialist/data/final/train/scab/a9d20fe4f0a7f158fd6d34bece151040b975ab0924cb543f1cbdbeeb36d183ce__aug_20251014043101_405.jpg,scab
/content/drive/My Drive/Colab Notebooks/apple_leaf_specialist/data/final/train/scab/287acf1845b1a21873aeb5cb56642db9864d4c7f7fd4993f8d09b48c9d12e963__aug_20251014043101_406.jpg,scab
/content/drive/My Drive/Colab Notebooks/apple_leaf_specialist/data/final/train/scab/a1a9540c68af1e2cd57fce42e3b3ec32b47a46c8f5e5de0557517ea6e7125945__aug_20251014043101_407.jpg,scab
/content/drive/My Drive/Colab Notebooks/apple_leaf_specialist/data/final/train/scab/29737dea37e80e0b87107cb154a941fa6a3eb159e24436923b2caf0783a725da__aug_20251014043101_408.jpg,scab
/content/drive/My Drive/Colab Notebooks/apple_leaf_specialist/data/final/train/scab/c7ceb9eee0673c47c27383e3ebd738ea4b15226dc76b1a8926dd245a5170208a__aug_20251014043101_409.jpg,scab
/content/drive/My Drive/Colab Notebooks/apple_leaf_specialist/data/final/train/scab/aef074b0eb6cffe9b5307d4d7728bd3b49e67a3455c5f2fcb9b6a694356f47eb__aug_20251014043101_410.jpg,scab
/content/drive/My Drive/Colab Notebooks/apple_leaf_specialist/data/final/train/scab/f7bca5e5d98763da10e3b8e41166ca8510b7fa04a6f7c36cd78c505717846590__aug_20251014043101_411.jpg,scab
/content/drive/My Drive/Colab Notebooks/apple_leaf_specialist/data/final/train/scab/a6fdbba1096cbd24bf2aa9e63863eb7b3761b1d3e41dfec59b28583152307499__aug_20251014043101_412.jpg,scab
/content/drive/My Drive/Colab Notebooks/apple_leaf_specialist/data/final/train/scab/258dec4fd5fe4be6934f9cbb020bde73bee2c96786ab7cd072b20f7904e401af__aug_20251014043101_413.jpg,scab
/content/drive/My Drive/Colab Notebooks/apple_leaf_specialist/data/final/train/scab/6c82bcb3d6ab6ce8018d73cfd95615e982073632405163d6bba5f3c0727178ce__aug_20251014043101_414.jpg,scab
/content/drive/My Drive/Colab Notebooks/apple_leaf_specialist/data/final/train/scab/79f9605d09ecc23f018d9757b98e47f2710af9985baabae474e6f6b308f4ecae__aug_20251014043101_415.jpg,scab
/content/drive/My Drive/Colab Notebooks/apple_leaf_specialist/data/final/train/scab/fc1aff021e392829cc2b2917c21eac6c153c06f3dfb15d5aba538739b493ca63__aug_20251014043101_416.jpg,scab
/content/drive/My Drive/Colab Notebooks/apple_leaf_specialist/data/final/train/scab/5eb3e2395f6221d343d8cc557eea1ac2a08c0574524b9457ec914048fa8a3438__aug_20251014043101_417.jpg,scab
/content/drive/My Drive/Colab Notebooks/apple_leaf_specialist/data/final/train/scab/2ed29706df3ced08e492a1446605c33c4cbbedb51663bd96aa003970ccd6b7dd__aug_20251014043101_418.jpg,scab
/content/drive/My Drive/Colab Notebooks/apple_leaf_specialist/data/final/train/scab/19fff66c144502f7cd976c57a651d5e7bded67dd404ccabfd76d757eef030d3a__aug_20251014043101_419.jpg,scab
/content/drive/My Drive/Colab Notebooks/apple_leaf_specialist/data/final/train/scab/a1a9540c68af1e2cd57fce42e3b3ec32b47a46c8f5e5de0557517ea6e7125945__aug_20251014043101_420.jpg,scab
/content/drive/My Drive/Colab Notebooks/apple_leaf_specialist/data/final/train/scab/31dd48e83d8060a03ae21f9631dd36518f6860441017ebddbe8ac353833a1e93__aug_20251014043101_421.jpg,scab
/content/drive/My Drive/Colab Notebooks/apple_leaf_specialist/data/final/train/scab/5b2d4e6a19243aec0432e505b7ae6316bf8b5db82976e0ef3d931b4143ee08b0__aug_20251014043101_422.jpg,scab
/content/drive/My Drive/Colab Notebooks/apple_leaf_specialist/data/final/train/scab/bc5747c6a6ab86c21d531efe3a0dacd182ce790917d0272a43a588b2632249c0__aug_20251014043101_423.jpg,scab
/content/drive/My Drive/Colab Notebooks/apple_leaf_specialist/data/final/train/scab/841345df3aa691438a25b487a91dcebf2c152318332bd1a38260e8f5a0f5c62c__aug_20251014043101_424.jpg,scab
/content/drive/My Drive/Colab Notebooks/apple_leaf_specialist/data/final/train/scab/8fb54a1e883a9ea003215bb052dc6e6cf2683cfc65519aa7103598fc2ae7a244__aug_20251014043101_425.jpg,scab
/content/drive/My Drive/Colab Notebooks/apple_leaf_specialist/data/final/train/scab/0e4affd300101b0a18f769a80bc42d637eff21cace17112a4859442af03fe37e__aug_20251014043101_426.jpg,scab
/content/drive/My Drive/Colab Notebooks/apple_leaf_specialist/data/final/train/scab/81c767718ac124abefa3ce5770c44f807c3b72d6f690682215d7ba1023490929__aug_20251014043101_427.jpg,scab
/content/drive/My Drive/Colab Notebooks/apple_leaf_specialist/data/final/train/scab/81424ca55b96235f54c24e0637cfe44cd72291c8dcd7e06609b1b88fb4e9f689__aug_20251014043101_428.jpg,scab
/content/drive/My Drive/Colab Notebooks/apple_leaf_specialist/data/final/train/scab/9ca963c0bdf3544b3bf37e55e1754137becd7eb21d2793ebd1bcb0968223be5d__aug_20251014043101_429.jpg,scab
/content/drive/My Drive/Colab Notebooks/apple_leaf_specialist/data/final/train/scab/7791abae21fe20011b454c78ddcecd7c56293357c479fd7e5279936fec72788f__aug_20251014043101_430.jpg,scab
/content/drive/My Drive/Colab Notebooks/apple_leaf_specialist/data/final/train/scab/0d9b47b58234df3aed8c5e414478a6fc0dc56bf254d99fd07af507cdf78948de__aug_20251014043101_431.jpg,scab
/content/drive/My Drive/Colab Notebooks/apple_leaf_specialist/data/final/train/scab/df9c08a2a40dec6c134ef0108c8264519501fc4baf9a97c8c907c3860238f1da__aug_20251014043101_432.jpg,scab
/content/drive/My Drive/Colab Notebooks/apple_leaf_specialist/data/final/train/scab/2b948ef00ae3701eef20fa4edef0a692a18e5b8f81fb54ad52b7ef14a63530b4__aug_20251014043101_433.jpg,scab
/content/drive/My Drive/Colab Notebooks/apple_leaf_specialist/data/final/train/scab/a1a9540c68af1e2cd57fce42e3b3ec32b47a46c8f5e5de0557517ea6e7125945__aug_20251014043101_434.jpg,scab
/content/drive/My Drive/Colab Notebooks/apple_leaf_specialist/data/final/train/scab/4c58ef451250cb2d7bf1a820e9c0623f9153e2cb4102e9356ac94baf1901b2e3__aug_20251014043101_435.jpg,scab
/content/drive/My Drive/Colab Notebooks/apple_leaf_specialist/data/final/train/scab/0543a026a8f1f5313a1a59fca450760abb9d3e6cc2c9ce81a3b23e695e071d8e__aug_20251014043101_436.jpg,scab
/content/drive/My Drive/Colab Notebooks/apple_leaf_specialist/data/final/train/scab/64bcc49fa9f07af62e70811673f6204d018fc50f62099dae2ddd56fad233aeb1__aug_20251014043101_437.jpg,scab
/content/drive/My Drive/Colab Notebooks/apple_leaf_specialist/data/final/train/scab/8a174d34846ef895a04509a9942776825e5ff65df6c73bbb86660fb21ac3ba4e__aug_20251014043101_438.jpg,scab
/content/drive/My Drive/Colab Notebooks/apple_leaf_specialist/data/final/train/scab/c2037beab6c2ea665c561a7a917568b63c629087d2dd6ec5e913a857c7d22e8c__aug_20251014043101_439.jpg,scab
/content/drive/My Drive/Colab Notebooks/apple_leaf_specialist/data/final/train/scab/78f8d9ed5a4f05485ec5a277a05160155d7cb37f4acba042c880cb0a4ff9b81c__aug_20251014043101_440.jpg,scab
